row_id,error_type,column,original_value,corrupted_value
1359,missing_values,education,HS-grad,
5429,missing_values,race,Black,
706,missing_values,occupation,Prof-specialty,
3154,missing_values,capital-gain,99999.0,
2819,missing_values,marital-status,Married-civ-spouse,
3218,missing_values,fnlwgt,55377.0,
222,missing_values,fnlwgt,593246.0,
4225,missing_values,marital-status,Married-spouse-absent,
1953,missing_values,education-num,10.0,
2446,missing_values,capital-gain,0.0,
5131,missing_values,education,HS-grad,
239,missing_values,fnlwgt,198183.0,
1219,missing_values,age,35.0,
1515,missing_values,occupation,Exec-managerial,
3260,missing_values,capital-gain,0.0,
317,missing_values,race,White,
5720,missing_values,fnlwgt,97933.0,
576,missing_values,age,28.0,
2059,missing_values,hours-per-week,90.0,
3723,missing_values,relationship,Own-child,
2659,missing_values,capital-loss,0.0,
2624,missing_values,workclass,State-gov,
4086,missing_values,sex,Male,
1730,missing_values,education,Masters,
1989,missing_values,workclass,Self-emp-not-inc,
2283,missing_values,sex,Male,
2025,missing_values,marital-status,Married-civ-spouse,
2888,missing_values,workclass,Federal-gov,
1502,missing_values,education-num,10.0,
2125,missing_values,education,Some-college,
3847,missing_values,hours-per-week,35.0,
2890,missing_values,capital-loss,0.0,
1033,missing_values,native-country,United-States,
2636,missing_values,relationship,Husband,
3877,missing_values,hours-per-week,48.0,
4073,missing_values,capital-gain,0.0,
1141,missing_values,race,White,
3210,missing_values,native-country,United-States,
2234,missing_values,relationship,Husband,
2299,missing_values,occupation,Machine-op-inspct,
177,missing_values,fnlwgt,159268.0,
1139,missing_values,education,Bachelors,
1718,missing_values,hours-per-week,50.0,
4030,missing_values,capital-loss,0.0,
1063,missing_values,relationship,Not-in-family,
1293,missing_values,education-num,10.0,
5569,missing_values,occupation,Craft-repair,
5200,missing_values,capital-loss,0.0,
3026,missing_values,native-country,United-States,
1877,missing_values,race,White,
2223,missing_values,capital-loss,0.0,
4920,missing_values,marital-status,Never-married,
4879,missing_values,occupation,Exec-managerial,
2358,missing_values,race,White,
1594,missing_values,fnlwgt,195744.0,
735,missing_values,education,Prof-school,
2556,missing_values,hours-per-week,55.0,
931,missing_values,race,White,
4902,missing_values,native-country,United-States,
4141,missing_values,relationship,Husband,
2878,missing_values,workclass,Private,
5024,missing_values,native-country,Iran,
1476,missing_values,relationship,Unmarried,
5555,missing_values,native-country,United-States,
5539,missing_values,native-country,United-States,
5630,missing_values,relationship,Own-child,
2866,missing_values,fnlwgt,84119.0,
4166,missing_values,occupation,Tech-support,
5306,missing_values,fnlwgt,395206.0,
47,missing_values,capital-loss,0.0,
2416,missing_values,native-country,United-States,
3125,missing_values,fnlwgt,225365.0,
517,missing_values,occupation,Tech-support,
261,missing_values,race,White,
2875,missing_values,hours-per-week,40.0,
4500,missing_values,workclass,Private,
1516,missing_values,race,White,
5622,missing_values,age,55.0,
5394,missing_values,fnlwgt,176162.0,
4142,missing_values,education-num,9.0,
295,missing_values,workclass,Private,
1183,missing_values,hours-per-week,45.0,
747,missing_values,age,32.0,
106,missing_values,education,Some-college,
2709,missing_values,sex,Female,
1660,missing_values,native-country,United-States,
5580,missing_values,native-country,United-States,
863,missing_values,marital-status,Married-spouse-absent,
5750,missing_values,fnlwgt,481987.0,
17,missing_values,native-country,United-States,
1848,missing_values,education-num,13.0,
2924,missing_values,education-num,14.0,
4808,missing_values,capital-gain,0.0,
5808,missing_values,occupation,Prof-specialty,
2582,missing_values,marital-status,Married-civ-spouse,
444,missing_values,fnlwgt,23686.0,
92,missing_values,race,White,
1084,missing_values,capital-gain,0.0,
5636,missing_values,race,White,
524,missing_values,education-num,10.0,
1919,missing_values,education,HS-grad,
4529,missing_values,native-country,United-States,
5992,missing_values,hours-per-week,50.0,
3060,missing_values,fnlwgt,33983.0,
3121,missing_values,native-country,United-States,
5478,missing_values,marital-status,Married-civ-spouse,
5779,missing_values,native-country,United-States,
2091,missing_values,race,White,
241,missing_values,sex,Female,
4207,missing_values,marital-status,Married-spouse-absent,
5599,missing_values,relationship,Husband,
5611,missing_values,relationship,Not-in-family,
5303,missing_values,capital-gain,0.0,
1538,missing_values,occupation,Craft-repair,
3609,missing_values,race,White,
2863,missing_values,capital-gain,0.0,
4495,missing_values,sex,Female,
4393,missing_values,race,White,
1625,missing_values,capital-loss,0.0,
5159,missing_values,native-country,United-States,
4360,missing_values,relationship,Husband,
1410,missing_values,capital-gain,7298.0,
3433,missing_values,workclass,Private,
5594,missing_values,workclass,Local-gov,
127,missing_values,workclass,Private,
1853,missing_values,education,Some-college,
5380,missing_values,education,12th,
4761,missing_values,education-num,9.0,
5844,missing_values,capital-gain,8614.0,
554,missing_values,sex,Female,
572,missing_values,race,Amer-Indian-Eskimo,
5855,missing_values,capital-loss,1887.0,
2405,missing_values,education-num,13.0,
4877,missing_values,race,White,
1968,missing_values,hours-per-week,47.0,
4319,missing_values,marital-status,Married-civ-spouse,
2941,missing_values,education-num,6.0,
3611,missing_values,age,35.0,
124,missing_values,sex,Male,
827,missing_values,relationship,Husband,
3389,missing_values,age,28.0,
1172,missing_values,fnlwgt,243841.0,
5801,missing_values,sex,Female,
4835,missing_values,native-country,United-States,
2157,missing_values,race,White,
33,missing_values,occupation,Sales,
4627,missing_values,education,Some-college,
4367,missing_values,education,Some-college,
2250,missing_values,marital-status,Married-civ-spouse,
1848,missing_values,sex,Female,
2607,missing_values,education,10th,
1917,missing_values,capital-gain,0.0,
1417,missing_values,native-country,United-States,
2582,missing_values,capital-loss,1887.0,
78,missing_values,sex,Male,
2360,missing_values,relationship,Not-in-family,
620,missing_values,race,White,
5745,missing_values,workclass,Private,
3720,missing_values,age,43.0,
1877,missing_values,education-num,4.0,
2134,missing_values,occupation,Handlers-cleaners,
1748,missing_values,relationship,Not-in-family,
3509,missing_values,fnlwgt,400132.0,
3914,missing_values,capital-gain,0.0,
183,missing_values,age,29.0,
2431,missing_values,sex,Male,
1597,missing_values,education,HS-grad,
1535,missing_values,capital-gain,0.0,
2980,missing_values,native-country,United-States,
3094,missing_values,marital-status,Never-married,
2366,missing_values,hours-per-week,40.0,
3941,missing_values,race,White,
2519,missing_values,race,White,
1199,missing_values,occupation,Other-service,
798,missing_values,relationship,Husband,
2597,missing_values,sex,Male,
1637,missing_values,fnlwgt,60186.0,
3098,missing_values,education,12th,
270,missing_values,race,White,
758,missing_values,workclass,Self-emp-not-inc,
3927,missing_values,capital-loss,0.0,
1068,missing_values,capital-loss,0.0,
872,missing_values,education-num,9.0,
1546,missing_values,hours-per-week,40.0,
809,missing_values,fnlwgt,32878.0,
1615,missing_values,capital-loss,0.0,
2795,missing_values,education-num,13.0,
3939,missing_values,education,HS-grad,
5803,missing_values,fnlwgt,292692.0,
2017,missing_values,age,28.0,
662,missing_values,fnlwgt,223637.0,
1083,missing_values,capital-loss,0.0,
3718,missing_values,relationship,Husband,
1436,missing_values,relationship,Husband,
5445,missing_values,education,Masters,
5745,missing_values,occupation,Craft-repair,
2550,missing_values,sex,Male,
201,missing_values,race,White,
4815,missing_values,relationship,Not-in-family,
1814,missing_values,education,HS-grad,
2971,missing_values,hours-per-week,60.0,
4178,missing_values,capital-loss,0.0,
4832,missing_values,capital-gain,0.0,
145,missing_values,native-country,United-States,
1914,missing_values,sex,Female,
2922,missing_values,hours-per-week,40.0,
1629,missing_values,marital-status,Divorced,
5956,missing_values,hours-per-week,40.0,
4307,missing_values,capital-gain,0.0,
4311,missing_values,hours-per-week,45.0,
2716,missing_values,marital-status,Married-civ-spouse,
2372,missing_values,sex,Male,
407,missing_values,fnlwgt,188069.0,
1772,missing_values,occupation,Prof-specialty,
1941,missing_values,sex,Female,
4901,missing_values,capital-loss,0.0,
3853,missing_values,marital-status,Never-married,
3834,missing_values,sex,Male,
505,missing_values,education,Some-college,
2577,missing_values,workclass,Local-gov,
860,missing_values,capital-loss,0.0,
3099,missing_values,capital-loss,0.0,
5643,missing_values,marital-status,Never-married,
3681,missing_values,fnlwgt,111700.0,
3960,missing_values,capital-loss,0.0,
543,missing_values,fnlwgt,505365.0,
1474,missing_values,fnlwgt,272442.0,
709,missing_values,marital-status,Married-civ-spouse,
5297,missing_values,fnlwgt,255424.0,
2729,missing_values,marital-status,Divorced,
3536,missing_values,race,White,
3371,missing_values,capital-loss,0.0,
1381,missing_values,sex,Female,
4489,missing_values,marital-status,Married-civ-spouse,
4869,missing_values,workclass,Self-emp-not-inc,
1142,missing_values,education,11th,
2162,missing_values,fnlwgt,265567.0,
3754,missing_values,education,Some-college,
4914,missing_values,fnlwgt,98283.0,
5413,missing_values,education-num,14.0,
1230,missing_values,race,White,
559,missing_values,capital-gain,0.0,
4197,missing_values,marital-status,Never-married,
2979,missing_values,workclass,Private,
5389,missing_values,workclass,Private,
3391,missing_values,fnlwgt,124604.0,
2652,missing_values,relationship,Husband,
4163,missing_values,capital-gain,0.0,
1255,missing_values,relationship,Wife,
2155,missing_values,race,White,
5731,missing_values,marital-status,Separated,
5546,missing_values,occupation,Transport-moving,
2109,missing_values,hours-per-week,35.0,
133,missing_values,occupation,Craft-repair,
4192,missing_values,fnlwgt,183170.0,
745,missing_values,capital-loss,0.0,
5543,missing_values,sex,Female,
5305,missing_values,native-country,United-States,
1785,missing_values,marital-status,Never-married,
3115,missing_values,fnlwgt,284871.0,
2915,missing_values,relationship,Husband,
4133,missing_values,workclass,Private,
2701,missing_values,native-country,United-States,
2995,missing_values,capital-loss,0.0,
4855,missing_values,education,HS-grad,
5878,missing_values,occupation,Adm-clerical,
4173,missing_values,sex,Male,
4019,missing_values,hours-per-week,20.0,
429,missing_values,age,44.0,
4054,missing_values,fnlwgt,90189.0,
4231,missing_values,age,26.0,
3790,missing_values,workclass,Private,
878,missing_values,marital-status,Never-married,
2869,missing_values,hours-per-week,48.0,
3270,missing_values,capital-gain,0.0,
3650,missing_values,workclass,Private,
2386,missing_values,race,White,
2751,missing_values,education,HS-grad,
3516,missing_values,education,Some-college,
5366,missing_values,race,White,
5950,missing_values,fnlwgt,151874.0,
345,missing_values,sex,Male,
4860,missing_values,native-country,United-States,
381,missing_values,race,Black,
447,missing_values,workclass,Private,
4515,missing_values,marital-status,Never-married,
3148,missing_values,workclass,State-gov,
1095,missing_values,workclass,Private,
5553,missing_values,workclass,Private,
1330,missing_values,capital-gain,20051.0,
5182,missing_values,occupation,Adm-clerical,
1122,missing_values,marital-status,Married-civ-spouse,
5550,missing_values,occupation,Prof-specialty,
4091,missing_values,native-country,United-States,
5977,missing_values,marital-status,Separated,
4994,missing_values,capital-loss,0.0,
68,missing_values,native-country,United-States,
2913,missing_values,sex,Male,
5446,missing_values,education-num,9.0,
2965,missing_values,sex,Male,
5292,missing_values,fnlwgt,169324.0,
1737,missing_values,fnlwgt,209934.0,
102,missing_values,fnlwgt,202184.0,
3047,missing_values,education-num,15.0,
5318,missing_values,capital-loss,0.0,
3482,missing_values,education,Bachelors,
1152,missing_values,workclass,Private,
2494,missing_values,sex,Male,
5296,missing_values,capital-loss,0.0,
3246,missing_values,capital-loss,0.0,
4717,missing_values,occupation,Other-service,
799,missing_values,marital-status,Never-married,
1010,missing_values,native-country,United-States,
476,missing_values,workclass,Private,
2368,missing_values,capital-gain,0.0,
929,missing_values,workclass,State-gov,
5753,missing_values,marital-status,Married-civ-spouse,
3291,missing_values,relationship,Husband,
1279,missing_values,relationship,Husband,
4948,missing_values,native-country,United-States,
243,missing_values,relationship,Unmarried,
1020,missing_values,fnlwgt,337378.0,
1405,missing_values,marital-status,Never-married,
3976,missing_values,capital-loss,0.0,
3453,missing_values,marital-status,Married-civ-spouse,
3553,missing_values,education,HS-grad,
2718,missing_values,capital-gain,15024.0,
4949,missing_values,fnlwgt,150519.0,
588,missing_values,marital-status,Married-civ-spouse,
262,missing_values,marital-status,Married-civ-spouse,
4073,missing_values,relationship,Not-in-family,
1268,missing_values,marital-status,Never-married,
4639,missing_values,education,Bachelors,
2988,missing_values,workclass,Private,
4445,missing_values,occupation,Exec-managerial,
3615,missing_values,fnlwgt,242089.0,
3493,missing_values,native-country,United-States,
5869,missing_values,education-num,14.0,
3686,missing_values,occupation,Adm-clerical,
3112,missing_values,marital-status,Separated,
2514,missing_values,age,57.0,
1862,missing_values,sex,Male,
105,missing_values,relationship,Husband,
2055,missing_values,marital-status,Never-married,
4072,missing_values,relationship,Wife,
2759,missing_values,relationship,Not-in-family,
2016,missing_values,education-num,10.0,
600,missing_values,workclass,Local-gov,
263,missing_values,workclass,Self-emp-not-inc,
4200,missing_values,native-country,United-States,
1284,missing_values,capital-loss,0.0,
4239,missing_values,age,42.0,
2059,missing_values,fnlwgt,124956.0,
5789,missing_values,capital-loss,0.0,
2732,missing_values,education-num,13.0,
5272,missing_values,hours-per-week,40.0,
1719,missing_values,fnlwgt,141537.0,
3203,missing_values,sex,Male,
2828,missing_values,capital-loss,0.0,
4988,missing_values,occupation,Farming-fishing,
5457,missing_values,relationship,Own-child,
5495,missing_values,age,62.0,
3432,missing_values,education,Some-college,
5841,missing_values,occupation,Machine-op-inspct,
4150,missing_values,education-num,13.0,
807,missing_values,fnlwgt,172714.0,
3779,missing_values,education,HS-grad,
4628,missing_values,marital-status,Never-married,
1161,missing_values,education,HS-grad,
5138,missing_values,capital-gain,0.0,
5970,missing_values,hours-per-week,40.0,
3903,missing_values,capital-gain,0.0,
3146,missing_values,capital-gain,0.0,
1930,missing_values,sex,Male,
5176,missing_values,occupation,Tech-support,
3401,missing_values,sex,Male,
1022,missing_values,capital-loss,0.0,
3139,missing_values,education-num,10.0,
63,missing_values,workclass,Private,
722,missing_values,race,Asian-Pac-Islander,
5114,missing_values,sex,Male,
3589,missing_values,race,White,
4597,missing_values,sex,Female,
2588,missing_values,workclass,Private,
411,missing_values,education,Some-college,
2191,missing_values,sex,Male,
2536,missing_values,occupation,Machine-op-inspct,
3865,missing_values,occupation,Adm-clerical,
2547,missing_values,workclass,Private,
1311,missing_values,age,47.0,
3474,missing_values,marital-status,Never-married,
2972,missing_values,relationship,Husband,
890,missing_values,workclass,Private,
587,missing_values,capital-gain,0.0,
4862,missing_values,age,40.0,
127,missing_values,marital-status,Married-civ-spouse,
124,missing_values,occupation,Handlers-cleaners,
4612,missing_values,marital-status,Never-married,
3332,missing_values,marital-status,Never-married,
5288,missing_values,fnlwgt,389270.0,
314,missing_values,sex,Male,
57,missing_values,hours-per-week,40.0,
372,missing_values,age,27.0,
3937,missing_values,workclass,Private,
1575,missing_values,race,White,
5109,missing_values,age,47.0,
3757,missing_values,relationship,Husband,
1462,missing_values,marital-status,Married-civ-spouse,
1014,missing_values,workclass,Private,
641,missing_values,capital-gain,0.0,
1812,missing_values,relationship,Husband,
5799,missing_values,age,34.0,
121,missing_values,fnlwgt,94892.0,
1013,missing_values,education,Some-college,
3174,missing_values,workclass,Private,
5641,missing_values,hours-per-week,35.0,
4350,missing_values,hours-per-week,50.0,
600,missing_values,race,White,
1305,missing_values,sex,Male,
322,missing_values,capital-gain,0.0,
2557,missing_values,education,HS-grad,
5646,missing_values,occupation,Craft-repair,
4873,missing_values,sex,Male,
3050,missing_values,capital-loss,1902.0,
1081,missing_values,marital-status,Divorced,
5912,missing_values,relationship,Husband,
729,missing_values,age,40.0,
3023,missing_values,workclass,Private,
1894,missing_values,native-country,Philippines,
2430,missing_values,education,Bachelors,
1911,missing_values,relationship,Not-in-family,
4629,missing_values,age,38.0,
4293,missing_values,occupation,Machine-op-inspct,
3888,missing_values,hours-per-week,40.0,
2340,missing_values,workclass,Private,
2364,missing_values,marital-status,Separated,
3648,missing_values,hours-per-week,40.0,
5810,missing_values,native-country,United-States,
2897,missing_values,education,Bachelors,
999,missing_values,relationship,Own-child,
3214,missing_values,workclass,Self-emp-inc,
461,missing_values,hours-per-week,40.0,
3136,missing_values,capital-loss,0.0,
3650,missing_values,relationship,Not-in-family,
1839,missing_values,age,38.0,
216,missing_values,marital-status,Never-married,
1542,missing_values,race,White,
5505,missing_values,hours-per-week,44.0,
4576,missing_values,capital-gain,0.0,
3335,missing_values,fnlwgt,22418.0,
5193,missing_values,native-country,United-States,
5269,missing_values,capital-gain,0.0,
5646,missing_values,race,White,
2573,missing_values,sex,Female,
5650,missing_values,workclass,Self-emp-inc,
1384,missing_values,capital-loss,0.0,
2521,missing_values,education,Some-college,
5381,missing_values,fnlwgt,278514.0,
1738,missing_values,fnlwgt,271828.0,
1289,missing_values,workclass,Private,
4774,missing_values,race,White,
3830,missing_values,relationship,Not-in-family,
3030,missing_values,fnlwgt,102610.0,
2173,missing_values,race,White,
1168,missing_values,capital-gain,0.0,
1848,missing_values,race,White,
5348,missing_values,capital-loss,0.0,
2304,missing_values,capital-gain,0.0,
4930,missing_values,race,White,
4138,missing_values,workclass,Private,
3663,missing_values,native-country,United-States,
1954,missing_values,relationship,Own-child,
3020,missing_values,marital-status,Divorced,
627,missing_values,age,40.0,
5678,missing_values,fnlwgt,224998.0,
50,missing_values,race,Black,
5696,missing_values,native-country,United-States,
4305,missing_values,fnlwgt,130760.0,
3339,missing_values,hours-per-week,12.0,
3663,missing_values,age,39.0,
1507,missing_values,marital-status,Never-married,
3912,missing_values,workclass,Private,
1436,missing_values,workclass,Private,
2005,missing_values,hours-per-week,25.0,
5857,missing_values,fnlwgt,48268.0,
4160,missing_values,capital-loss,0.0,
1284,missing_values,education,Some-college,
4628,missing_values,age,22.0,
5728,missing_values,fnlwgt,176027.0,
2064,missing_values,relationship,Own-child,
4873,missing_values,education,Masters,
2822,missing_values,fnlwgt,89534.0,
4336,missing_values,education-num,14.0,
5856,missing_values,education,HS-grad,
2868,missing_values,hours-per-week,40.0,
5416,missing_values,native-country,United-States,
5195,missing_values,fnlwgt,174789.0,
1433,missing_values,capital-loss,0.0,
1323,missing_values,workclass,Private,
5811,missing_values,relationship,Not-in-family,
4357,missing_values,fnlwgt,153589.0,
1661,missing_values,age,22.0,
2364,missing_values,sex,Female,
1767,missing_values,age,49.0,
3680,missing_values,age,53.0,
2267,missing_values,occupation,Other-service,
1871,missing_values,marital-status,Widowed,
1119,missing_values,hours-per-week,35.0,
3594,missing_values,race,White,
2304,missing_values,marital-status,Married-civ-spouse,
960,missing_values,workclass,Private,
5546,missing_values,workclass,State-gov,
5398,missing_values,race,White,
605,missing_values,relationship,Husband,
885,missing_values,workclass,Local-gov,
5596,missing_values,relationship,Wife,
3269,missing_values,native-country,United-States,
1236,missing_values,education,Bachelors,
184,missing_values,occupation,Other-service,
4070,missing_values,education-num,11.0,
4208,missing_values,age,30.0,
3090,missing_values,native-country,United-States,
4413,missing_values,marital-status,Married-civ-spouse,
2102,missing_values,sex,Male,
2478,missing_values,education-num,10.0,
3707,missing_values,occupation,Adm-clerical,
3,missing_values,education,HS-grad,
3368,missing_values,marital-status,Married-civ-spouse,
546,missing_values,fnlwgt,181372.0,
826,missing_values,relationship,Own-child,
1244,missing_values,sex,Male,
2444,missing_values,education,Some-college,
1037,missing_values,hours-per-week,20.0,
3379,missing_values,race,White,
2585,missing_values,relationship,Unmarried,
2944,missing_values,occupation,Exec-managerial,
5521,missing_values,occupation,Machine-op-inspct,
5829,missing_values,relationship,Husband,
2687,missing_values,occupation,Prof-specialty,
3198,missing_values,race,White,
2832,missing_values,age,31.0,
5810,missing_values,capital-gain,0.0,
5289,missing_values,education-num,9.0,
2953,missing_values,occupation,Machine-op-inspct,
2763,missing_values,capital-loss,0.0,
3837,missing_values,education,HS-grad,
2959,missing_values,relationship,Husband,
2352,missing_values,marital-status,Never-married,
412,missing_values,marital-status,Never-married,
688,missing_values,capital-gain,0.0,
4232,missing_values,hours-per-week,42.0,
5731,missing_values,hours-per-week,40.0,
3455,missing_values,fnlwgt,160731.0,
3685,missing_values,age,37.0,
3034,missing_values,education-num,12.0,
5504,missing_values,education-num,12.0,
2822,missing_values,hours-per-week,40.0,
5336,missing_values,capital-loss,0.0,
5326,missing_values,occupation,Exec-managerial,
4141,missing_values,workclass,Private,
3557,missing_values,education,Some-college,
474,missing_values,marital-status,Married-civ-spouse,
2865,missing_values,occupation,Adm-clerical,
3102,missing_values,race,White,
2712,missing_values,race,White,
5516,missing_values,workclass,Local-gov,
4365,missing_values,fnlwgt,255685.0,
213,missing_values,fnlwgt,139364.0,
3133,missing_values,education,5th-6th,
2662,missing_values,hours-per-week,40.0,
4763,missing_values,marital-status,Married-civ-spouse,
4853,missing_values,relationship,Unmarried,
1360,missing_values,native-country,United-States,
4426,missing_values,workclass,Local-gov,
4265,missing_values,workclass,Local-gov,
4779,missing_values,relationship,Not-in-family,
2531,missing_values,sex,Female,
1898,missing_values,marital-status,Divorced,
1276,missing_values,sex,Male,
5718,missing_values,native-country,United-States,
497,missing_values,capital-loss,0.0,
2498,missing_values,race,White,
2348,missing_values,relationship,Husband,
295,missing_values,marital-status,Married-civ-spouse,
5857,missing_values,capital-gain,0.0,
4313,missing_values,capital-gain,0.0,
425,missing_values,education-num,9.0,
3499,missing_values,workclass,Private,
3919,missing_values,occupation,Exec-managerial,
3213,missing_values,workclass,Private,
5839,missing_values,hours-per-week,60.0,
3545,missing_values,education-num,10.0,
3982,missing_values,relationship,Own-child,
5930,missing_values,hours-per-week,35.0,
775,missing_values,sex,Male,
5310,missing_values,marital-status,Divorced,
3580,missing_values,capital-loss,0.0,
890,missing_values,capital-loss,0.0,
3505,missing_values,age,25.0,
2557,missing_values,workclass,Private,
3571,missing_values,education-num,10.0,
1634,missing_values,workclass,Private,
3183,missing_values,education-num,9.0,
1948,missing_values,fnlwgt,238415.0,
1664,missing_values,race,White,
1428,missing_values,marital-status,Married-civ-spouse,
3267,missing_values,age,39.0,
5656,missing_values,race,Black,
1694,missing_values,occupation,Craft-repair,
640,missing_values,race,White,
5225,missing_values,relationship,Husband,
3736,missing_values,education,HS-grad,
3956,missing_values,hours-per-week,30.0,
2598,missing_values,race,Black,
1244,missing_values,education,1st-4th,
4323,missing_values,education-num,10.0,
5746,missing_values,relationship,Husband,
1186,missing_values,education-num,14.0,
4394,missing_values,occupation,Other-service,
5063,missing_values,hours-per-week,40.0,
446,missing_values,race,White,
5063,missing_values,relationship,Not-in-family,
4919,missing_values,sex,Female,
3710,missing_values,age,30.0,
3941,missing_values,workclass,Private,
5474,missing_values,fnlwgt,468713.0,
1896,missing_values,native-country,United-States,
5965,missing_values,capital-loss,0.0,
4837,missing_values,race,White,
4593,missing_values,education,Some-college,
1415,missing_values,education-num,9.0,
4338,missing_values,native-country,United-States,
882,missing_values,workclass,Private,
2424,missing_values,workclass,Private,
1497,missing_values,capital-loss,1648.0,
4489,missing_values,race,White,
4576,missing_values,sex,Male,
2417,missing_values,fnlwgt,491607.0,
5748,missing_values,capital-loss,0.0,
392,missing_values,age,24.0,
2687,missing_values,age,30.0,
964,missing_values,occupation,Prof-specialty,
1988,missing_values,occupation,Exec-managerial,
4048,missing_values,occupation,Other-service,
2570,missing_values,capital-gain,0.0,
2382,missing_values,workclass,Private,
4095,missing_values,race,White,
5394,missing_values,race,White,
3000,missing_values,education-num,7.0,
2528,missing_values,marital-status,Married-civ-spouse,
3668,missing_values,native-country,United-States,
1767,missing_values,education,HS-grad,
5069,missing_values,relationship,Husband,
2352,missing_values,education-num,10.0,
3625,missing_values,capital-gain,0.0,
214,missing_values,workclass,Local-gov,
4450,missing_values,relationship,Unmarried,
488,missing_values,race,White,
3334,missing_values,sex,Male,
4223,missing_values,relationship,Own-child,
4754,missing_values,marital-status,Married-civ-spouse,
5968,missing_values,education,Bachelors,
761,missing_values,capital-gain,0.0,
173,missing_values,age,26.0,
425,missing_values,sex,Male,
504,missing_values,age,44.0,
5689,missing_values,fnlwgt,244933.0,
352,missing_values,fnlwgt,97165.0,
409,missing_values,capital-loss,0.0,
2186,missing_values,race,White,
690,missing_values,marital-status,Divorced,
1077,missing_values,fnlwgt,31740.0,
517,missing_values,education-num,10.0,
765,missing_values,occupation,Protective-serv,
1217,missing_values,education-num,10.0,
1672,missing_values,race,White,
972,missing_values,education,Masters,
4759,missing_values,workclass,Private,
1909,missing_values,occupation,Prof-specialty,
4748,missing_values,marital-status,Never-married,
5299,missing_values,sex,Male,
3897,missing_values,sex,Female,
5190,missing_values,relationship,Not-in-family,
975,missing_values,workclass,Private,
5589,missing_values,native-country,United-States,
1512,missing_values,race,White,
810,missing_values,capital-gain,0.0,
738,missing_values,capital-gain,0.0,
3326,missing_values,relationship,Unmarried,
5584,missing_values,relationship,Not-in-family,
2009,missing_values,capital-gain,0.0,
334,missing_values,education,HS-grad,
4667,missing_values,fnlwgt,124953.0,
4813,missing_values,relationship,Husband,
5106,missing_values,age,41.0,
99,missing_values,occupation,Other-service,
1158,missing_values,capital-gain,0.0,
1785,missing_values,age,40.0,
3682,missing_values,occupation,Other-service,
351,missing_values,race,White,
2584,missing_values,capital-loss,0.0,
707,missing_values,hours-per-week,60.0,
2737,missing_values,hours-per-week,40.0,
591,missing_values,education-num,14.0,
3056,missing_values,native-country,United-States,
5336,missing_values,relationship,Own-child,
4278,missing_values,education-num,9.0,
2136,missing_values,capital-gain,0.0,
3654,missing_values,hours-per-week,18.0,
620,missing_values,sex,Male,
4083,missing_values,fnlwgt,305767.0,
2545,missing_values,workclass,Private,
5512,missing_values,education-num,13.0,
1957,missing_values,race,White,
156,missing_values,education-num,13.0,
2344,missing_values,marital-status,Married-civ-spouse,
1327,missing_values,workclass,Private,
4575,missing_values,education-num,9.0,
1413,missing_values,workclass,Local-gov,
4595,missing_values,sex,Male,
4481,missing_values,native-country,United-States,
2355,missing_values,occupation,Transport-moving,
3055,missing_values,capital-loss,0.0,
3149,missing_values,native-country,United-States,
1241,missing_values,native-country,United-States,
1713,missing_values,capital-gain,0.0,
5094,missing_values,relationship,Husband,
4226,missing_values,education-num,13.0,
4291,missing_values,occupation,Other-service,
1284,missing_values,marital-status,Married-civ-spouse,
4984,missing_values,hours-per-week,50.0,
3018,missing_values,sex,Male,
1481,missing_values,hours-per-week,30.0,
3099,missing_values,sex,Male,
4312,missing_values,sex,Male,
2069,missing_values,native-country,United-States,
292,missing_values,sex,Male,
4989,missing_values,education-num,13.0,
5437,missing_values,education,9th,
2395,missing_values,education-num,10.0,
2280,missing_values,sex,Male,
4839,missing_values,race,White,
177,missing_values,capital-gain,0.0,
4317,missing_values,education,Bachelors,
4977,missing_values,workclass,Private,
4707,missing_values,race,Other,
2003,missing_values,capital-gain,2354.0,
2603,missing_values,fnlwgt,232139.0,
317,missing_values,sex,Female,
2729,missing_values,education,Some-college,
2851,missing_values,relationship,Not-in-family,
3483,missing_values,occupation,Sales,
3242,missing_values,marital-status,Never-married,
1842,missing_values,relationship,Husband,
4096,missing_values,education-num,8.0,
5281,missing_values,marital-status,Widowed,
1266,missing_values,capital-loss,0.0,
2620,missing_values,capital-gain,0.0,
140,missing_values,sex,Female,
5454,missing_values,capital-loss,0.0,
4773,missing_values,capital-loss,0.0,
5379,missing_values,occupation,Adm-clerical,
3789,missing_values,education,Bachelors,
1692,missing_values,sex,Male,
3489,missing_values,marital-status,Married-civ-spouse,
1354,missing_values,race,Other,
1938,missing_values,relationship,Not-in-family,
1194,missing_values,age,27.0,
4432,missing_values,marital-status,Never-married,
5781,missing_values,marital-status,Married-civ-spouse,
1734,missing_values,workclass,Private,
4488,missing_values,capital-gain,0.0,
5084,missing_values,hours-per-week,45.0,
2762,missing_values,capital-loss,0.0,
5640,missing_values,workclass,Private,
3511,missing_values,fnlwgt,115677.0,
2203,missing_values,workclass,Private,
3457,missing_values,age,34.0,
4534,missing_values,education,Bachelors,
2973,missing_values,education,7th-8th,
1634,missing_values,native-country,United-States,
560,missing_values,fnlwgt,171889.0,
5039,missing_values,relationship,Husband,
3543,missing_values,fnlwgt,43608.0,
2373,missing_values,sex,Male,
3438,missing_values,race,White,
539,missing_values,native-country,United-States,
1278,missing_values,occupation,Prof-specialty,
5901,missing_values,sex,Male,
408,missing_values,hours-per-week,72.0,
2728,missing_values,fnlwgt,282678.0,
3795,missing_values,education,Some-college,
3674,missing_values,age,38.0,
2046,missing_values,capital-gain,0.0,
2026,missing_values,sex,Female,
2258,missing_values,education-num,9.0,
5665,missing_values,hours-per-week,50.0,
902,missing_values,occupation,Prof-specialty,
5284,missing_values,fnlwgt,180168.0,
4687,missing_values,occupation,Adm-clerical,
4155,missing_values,capital-gain,0.0,
45,missing_values,capital-loss,0.0,
5530,missing_values,sex,Female,
2612,missing_values,sex,Female,
4578,missing_values,relationship,Own-child,
1940,missing_values,age,23.0,
1085,missing_values,occupation,Transport-moving,
4587,missing_values,occupation,Machine-op-inspct,
3011,missing_values,capital-loss,0.0,
1456,missing_values,relationship,Own-child,
5882,missing_values,education-num,11.0,
1666,missing_values,native-country,United-States,
4240,missing_values,native-country,United-States,
4458,missing_values,relationship,Unmarried,
1420,missing_values,sex,Female,
4596,missing_values,fnlwgt,37019.0,
5778,missing_values,native-country,United-States,
5533,missing_values,hours-per-week,40.0,
4531,missing_values,education-num,2.0,
4791,missing_values,hours-per-week,40.0,
2275,missing_values,education,Some-college,
4939,missing_values,education,HS-grad,
3355,missing_values,education-num,12.0,
2909,missing_values,age,29.0,
2909,missing_values,capital-loss,0.0,
3872,missing_values,education,Prof-school,
2896,missing_values,workclass,Private,
1777,missing_values,capital-gain,0.0,
1372,missing_values,race,White,
5683,missing_values,fnlwgt,143123.0,
678,missing_values,sex,Male,
2439,missing_values,capital-gain,0.0,
1657,missing_values,hours-per-week,50.0,
3576,missing_values,occupation,Transport-moving,
4316,missing_values,age,46.0,
928,missing_values,sex,Male,
4725,missing_values,native-country,United-States,
266,missing_values,capital-gain,0.0,
4289,missing_values,capital-loss,0.0,
5670,missing_values,hours-per-week,50.0,
3038,missing_values,fnlwgt,68493.0,
1078,missing_values,hours-per-week,37.0,
5049,missing_values,capital-loss,0.0,
326,missing_values,sex,Female,
2541,missing_values,race,White,
5617,missing_values,capital-gain,0.0,
4195,missing_values,capital-loss,0.0,
610,missing_values,education-num,13.0,
5406,missing_values,occupation,Other-service,
916,missing_values,workclass,Private,
4498,missing_values,education,7th-8th,
701,missing_values,occupation,Machine-op-inspct,
739,missing_values,workclass,Private,
3471,missing_values,fnlwgt,230205.0,
4378,missing_values,education,Some-college,
3097,missing_values,race,White,
3565,missing_values,sex,Male,
570,missing_values,fnlwgt,73585.0,
1761,missing_values,capital-loss,0.0,
3119,missing_values,race,White,
4997,missing_values,sex,Male,
4944,missing_values,native-country,United-States,
291,missing_values,fnlwgt,197816.0,
3013,missing_values,relationship,Own-child,
1311,missing_values,capital-gain,0.0,
417,missing_values,race,White,
4888,missing_values,education-num,10.0,
5910,missing_values,sex,Female,
4903,missing_values,relationship,Own-child,
3539,missing_values,education-num,7.0,
5286,missing_values,education,HS-grad,
2263,missing_values,age,46.0,
1215,missing_values,occupation,Craft-repair,
926,missing_values,occupation,Transport-moving,
4511,missing_values,occupation,Craft-repair,
2497,missing_values,hours-per-week,55.0,
3683,missing_values,capital-gain,20051.0,
4533,missing_values,age,23.0,
933,missing_values,education,9th,
490,missing_values,fnlwgt,184737.0,
202,missing_values,marital-status,Divorced,
1474,missing_values,education-num,14.0,
2300,missing_values,race,White,
3642,missing_values,occupation,Other-service,
4879,missing_values,relationship,Other-relative,
2321,missing_values,hours-per-week,38.0,
1294,missing_values,native-country,United-States,
5359,missing_values,sex,Male,
2317,missing_values,fnlwgt,365289.0,
2959,missing_values,fnlwgt,100764.0,
5439,missing_values,capital-gain,3325.0,
136,missing_values,workclass,Self-emp-inc,
778,missing_values,education-num,15.0,
1588,missing_values,capital-gain,0.0,
1468,missing_values,education,7th-8th,
683,missing_values,marital-status,Married-civ-spouse,
1580,missing_values,workclass,Private,
3466,missing_values,education-num,10.0,
1533,missing_values,occupation,Sales,
3668,missing_values,marital-status,Never-married,
4627,missing_values,fnlwgt,206964.0,
3106,missing_values,fnlwgt,173483.0,
5231,missing_values,hours-per-week,40.0,
1220,missing_values,sex,Male,
4589,missing_values,age,31.0,
1108,missing_values,fnlwgt,77764.0,
1668,missing_values,relationship,Unmarried,
1371,missing_values,native-country,United-States,
2673,missing_values,native-country,United-States,
2326,missing_values,education-num,10.0,
1068,missing_values,sex,Male,
1001,missing_values,capital-gain,0.0,
1156,missing_values,education,Some-college,
755,missing_values,education-num,9.0,
2699,missing_values,relationship,Husband,
2387,missing_values,fnlwgt,365745.0,
563,missing_values,capital-loss,0.0,
5589,missing_values,capital-gain,0.0,
4350,missing_values,race,White,
501,missing_values,occupation,Craft-repair,
4207,missing_values,native-country,United-States,
5725,missing_values,occupation,Prof-specialty,
1417,missing_values,sex,Male,
412,missing_values,occupation,Sales,
5324,missing_values,workclass,Private,
5954,missing_values,relationship,Unmarried,
2325,missing_values,capital-loss,0.0,
3763,missing_values,workclass,Private,
2374,missing_values,capital-loss,0.0,
950,missing_values,marital-status,Divorced,
5668,missing_values,marital-status,Married-civ-spouse,
774,missing_values,education,Some-college,
3981,missing_values,education-num,6.0,
4259,missing_values,age,55.0,
3703,missing_values,capital-gain,0.0,
3035,missing_values,hours-per-week,40.0,
4970,missing_values,age,37.0,
4273,missing_values,sex,Male,
2764,missing_values,capital-loss,0.0,
2510,missing_values,marital-status,Married-AF-spouse,
2364,missing_values,capital-loss,0.0,
3254,missing_values,hours-per-week,30.0,
1127,missing_values,occupation,Sales,
996,missing_values,race,White,
1089,missing_values,workclass,Private,
1364,missing_values,occupation,Other-service,
2142,missing_values,hours-per-week,65.0,
901,missing_values,workclass,Private,
4308,missing_values,native-country,United-States,
1951,missing_values,capital-gain,0.0,
2279,missing_values,sex,Female,
809,missing_values,occupation,Prof-specialty,
513,missing_values,race,Black,
4427,missing_values,capital-gain,0.0,
5899,missing_values,age,44.0,
4204,missing_values,marital-status,Married-civ-spouse,
2993,missing_values,education,Prof-school,
5177,missing_values,relationship,Not-in-family,
1199,missing_values,capital-loss,0.0,
1204,missing_values,sex,Male,
222,missing_values,hours-per-week,50.0,
5093,missing_values,relationship,Husband,
5734,missing_values,race,White,
2096,missing_values,native-country,United-States,
3295,missing_values,age,25.0,
3299,missing_values,hours-per-week,40.0,
24,missing_values,capital-loss,0.0,
3903,missing_values,marital-status,Married-civ-spouse,
1229,missing_values,education,Bachelors,
4852,missing_values,education-num,9.0,
4818,missing_values,workclass,Private,
4257,missing_values,fnlwgt,239321.0,
2182,missing_values,sex,Female,
3339,missing_values,relationship,Husband,
4453,missing_values,education-num,10.0,
3509,missing_values,capital-gain,0.0,
4476,missing_values,fnlwgt,176949.0,
4475,missing_values,fnlwgt,254859.0,
1459,missing_values,native-country,United-States,
4036,missing_values,education,Some-college,
2495,missing_values,sex,Male,
5689,missing_values,marital-status,Divorced,
2480,missing_values,native-country,United-States,
30,missing_values,capital-loss,0.0,
1526,missing_values,capital-loss,0.0,
3241,missing_values,age,24.0,
5565,missing_values,capital-gain,0.0,
1974,missing_values,capital-loss,0.0,
1593,missing_values,hours-per-week,50.0,
5541,missing_values,capital-loss,0.0,
1357,missing_values,race,White,
2425,missing_values,education-num,13.0,
4700,missing_values,education,10th,
5766,missing_values,occupation,Sales,
3911,missing_values,workclass,Private,
1727,missing_values,native-country,United-States,
808,missing_values,education-num,11.0,
4440,missing_values,occupation,Other-service,
5270,missing_values,hours-per-week,50.0,
5317,missing_values,occupation,Other-service,
1527,missing_values,capital-gain,0.0,
5651,missing_values,workclass,Self-emp-not-inc,
4686,missing_values,relationship,Not-in-family,
1302,missing_values,marital-status,Never-married,
1012,missing_values,capital-gain,0.0,
4270,missing_values,marital-status,Married-civ-spouse,
1107,missing_values,capital-gain,0.0,
3872,missing_values,capital-gain,4787.0,
3932,missing_values,sex,Male,
18,missing_values,fnlwgt,99679.0,
4814,missing_values,capital-gain,7298.0,
342,missing_values,hours-per-week,40.0,
2325,missing_values,relationship,Not-in-family,
4419,missing_values,workclass,Self-emp-not-inc,
5479,missing_values,capital-loss,0.0,
3633,missing_values,fnlwgt,189265.0,
334,missing_values,occupation,Transport-moving,
4310,missing_values,race,White,
1126,missing_values,capital-gain,0.0,
1290,missing_values,race,White,
980,missing_values,education,Bachelors,
1243,missing_values,capital-gain,7688.0,
1710,missing_values,relationship,Husband,
3548,missing_values,fnlwgt,137142.0,
3215,missing_values,sex,Male,
5741,missing_values,capital-loss,0.0,
1989,missing_values,capital-gain,0.0,
2493,missing_values,education,HS-grad,
5420,missing_values,fnlwgt,274964.0,
3631,missing_values,fnlwgt,245611.0,
3500,missing_values,relationship,Husband,
4747,missing_values,workclass,Private,
1547,missing_values,hours-per-week,30.0,
4324,missing_values,race,White,
2319,missing_values,fnlwgt,136107.0,
740,missing_values,fnlwgt,151773.0,
1815,missing_values,age,18.0,
925,missing_values,capital-gain,0.0,
5138,missing_values,occupation,Adm-clerical,
684,missing_values,occupation,Prof-specialty,
5040,missing_values,relationship,Own-child,
3856,missing_values,native-country,United-States,
5744,missing_values,race,White,
4449,missing_values,relationship,Own-child,
4895,missing_values,native-country,United-States,
396,missing_values,sex,Female,
4579,missing_values,occupation,Tech-support,
1136,missing_values,marital-status,Married-civ-spouse,
1300,missing_values,marital-status,Never-married,
4117,missing_values,fnlwgt,274964.0,
627,missing_values,relationship,Not-in-family,
5714,missing_values,race,White,
4831,missing_values,race,White,
3710,missing_values,capital-gain,7298.0,
3188,missing_values,native-country,United-States,
5777,missing_values,capital-gain,0.0,
3281,missing_values,occupation,Craft-repair,
2606,missing_values,capital-loss,0.0,
2352,missing_values,capital-gain,0.0,
2841,missing_values,education,Some-college,
2855,missing_values,age,21.0,
5963,missing_values,hours-per-week,30.0,
2756,missing_values,education,HS-grad,
3353,missing_values,capital-loss,0.0,
91,missing_values,education-num,13.0,
4103,missing_values,hours-per-week,50.0,
468,missing_values,capital-gain,0.0,
4391,missing_values,education,HS-grad,
2662,missing_values,relationship,Own-child,
2072,missing_values,relationship,Not-in-family,
4571,missing_values,capital-loss,0.0,
2913,missing_values,age,18.0,
5248,missing_values,sex,Male,
4808,missing_values,occupation,Prof-specialty,
5140,missing_values,age,27.0,
2547,missing_values,native-country,United-States,
3544,missing_values,education,11th,
5935,missing_values,marital-status,Widowed,
5770,missing_values,education-num,16.0,
3602,missing_values,sex,Female,
5009,missing_values,capital-loss,0.0,
136,missing_values,capital-gain,0.0,
3714,missing_values,capital-loss,0.0,
3630,missing_values,capital-gain,0.0,
2876,missing_values,capital-loss,0.0,
2108,missing_values,race,White,
5373,missing_values,education,Masters,
341,missing_values,workclass,Private,
4409,missing_values,education-num,9.0,
3116,missing_values,fnlwgt,202692.0,
1363,missing_values,race,White,
5204,missing_values,capital-loss,0.0,
2133,missing_values,sex,Female,
4971,missing_values,capital-loss,0.0,
1750,missing_values,race,White,
4050,missing_values,relationship,Not-in-family,
2535,missing_values,sex,Female,
83,missing_values,marital-status,Married-civ-spouse,
756,missing_values,education-num,9.0,
2112,missing_values,age,58.0,
1576,missing_values,occupation,Handlers-cleaners,
1060,missing_values,sex,Male,
1813,missing_values,sex,Male,
1009,missing_values,occupation,Machine-op-inspct,
4344,missing_values,occupation,Exec-managerial,
5258,missing_values,education,Some-college,
5788,missing_values,workclass,Private,
4155,missing_values,relationship,Husband,
2265,missing_values,capital-loss,0.0,
1984,missing_values,education-num,12.0,
5823,missing_values,native-country,Cuba,
1337,missing_values,age,27.0,
1019,missing_values,education,Masters,
1050,missing_values,age,40.0,
2085,missing_values,education-num,10.0,
1962,missing_values,native-country,United-States,
1391,missing_values,relationship,Husband,
1600,missing_values,workclass,Federal-gov,
4742,missing_values,capital-gain,0.0,
2539,missing_values,relationship,Not-in-family,
2590,missing_values,hours-per-week,45.0,
1191,missing_values,education,HS-grad,
4711,missing_values,education-num,9.0,
630,missing_values,workclass,Private,
4323,missing_values,sex,Male,
3361,missing_values,capital-loss,0.0,
4521,missing_values,race,White,
1388,missing_values,capital-gain,0.0,
2781,missing_values,fnlwgt,210217.0,
2444,missing_values,workclass,Private,
404,missing_values,education,Bachelors,
861,missing_values,race,White,
4075,missing_values,capital-gain,0.0,
4794,missing_values,age,38.0,
3180,missing_values,native-country,United-States,
4087,missing_values,capital-gain,0.0,
735,missing_values,capital-loss,0.0,
2210,missing_values,native-country,United-States,
1782,missing_values,race,White,
1435,missing_values,hours-per-week,40.0,
1580,missing_values,capital-loss,0.0,
2249,missing_values,occupation,Machine-op-inspct,
852,missing_values,marital-status,Never-married,
4638,missing_values,workclass,State-gov,
2766,missing_values,age,39.0,
4553,missing_values,sex,Male,
2068,missing_values,workclass,Private,
4343,missing_values,hours-per-week,40.0,
1012,missing_values,hours-per-week,37.0,
4835,missing_values,education-num,10.0,
4094,missing_values,capital-gain,0.0,
979,missing_values,native-country,United-States,
4397,missing_values,capital-gain,7430.0,
4207,missing_values,race,Black,
5104,missing_values,native-country,United-States,
1093,missing_values,education,Preschool,
3061,missing_values,education,Bachelors,
5818,missing_values,capital-loss,0.0,
1684,missing_values,sex,Male,
2285,missing_values,fnlwgt,176814.0,
1143,missing_values,workclass,State-gov,
1634,missing_values,capital-loss,0.0,
893,missing_values,age,45.0,
4640,missing_values,race,White,
5529,missing_values,age,33.0,
5984,missing_values,occupation,Adm-clerical,
640,missing_values,marital-status,Married-civ-spouse,
3257,missing_values,marital-status,Married-civ-spouse,
1576,missing_values,relationship,Own-child,
4236,missing_values,workclass,Local-gov,
5174,missing_values,relationship,Husband,
1299,missing_values,workclass,Private,
4322,missing_values,age,50.0,
655,missing_values,hours-per-week,40.0,
3625,missing_values,relationship,Not-in-family,
2162,missing_values,hours-per-week,35.0,
1148,missing_values,race,White,
2237,missing_values,relationship,Own-child,
758,missing_values,race,White,
2022,missing_values,race,White,
4310,missing_values,relationship,Husband,
3458,missing_values,hours-per-week,40.0,
1246,missing_values,relationship,Wife,
3079,missing_values,hours-per-week,50.0,
2659,missing_values,education,Assoc-acdm,
2833,missing_values,sex,Female,
4260,missing_values,hours-per-week,55.0,
264,missing_values,age,47.0,
2925,missing_values,capital-loss,0.0,
2136,missing_values,race,White,
4698,missing_values,fnlwgt,144928.0,
3639,missing_values,marital-status,Never-married,
2459,missing_values,fnlwgt,206535.0,
3465,missing_values,capital-gain,0.0,
2145,missing_values,hours-per-week,40.0,
4078,missing_values,fnlwgt,504941.0,
5557,missing_values,occupation,Machine-op-inspct,
5380,missing_values,fnlwgt,89160.0,
3887,missing_values,workclass,Self-emp-not-inc,
4501,missing_values,occupation,Craft-repair,
3833,missing_values,education,HS-grad,
2516,missing_values,sex,Male,
2011,missing_values,race,White,
1745,missing_values,education-num,7.0,
3651,missing_values,marital-status,Married-civ-spouse,
4458,missing_values,education-num,11.0,
4954,missing_values,education-num,9.0,
1117,missing_values,education,Some-college,
3691,missing_values,education-num,9.0,
2638,missing_values,native-country,United-States,
2477,missing_values,race,White,
5227,missing_values,relationship,Husband,
5842,missing_values,age,42.0,
4326,missing_values,fnlwgt,93557.0,
3750,missing_values,hours-per-week,50.0,
4164,missing_values,occupation,Adm-clerical,
4758,missing_values,workclass,Local-gov,
4635,missing_values,hours-per-week,40.0,
349,missing_values,workclass,Private,
4150,missing_values,occupation,Prof-specialty,
2752,missing_values,fnlwgt,305834.0,
1636,missing_values,hours-per-week,40.0,
5189,missing_values,capital-loss,0.0,
2861,missing_values,fnlwgt,86321.0,
2714,missing_values,marital-status,Never-married,
100,missing_values,education,Some-college,
5679,missing_values,hours-per-week,40.0,
3460,missing_values,marital-status,Never-married,
294,missing_values,fnlwgt,103110.0,
3537,missing_values,marital-status,Never-married,
3690,missing_values,occupation,Exec-managerial,
4165,missing_values,relationship,Unmarried,
1319,missing_values,occupation,Adm-clerical,
1392,missing_values,education-num,9.0,
3432,missing_values,fnlwgt,209205.0,
4248,missing_values,education,Bachelors,
386,missing_values,capital-loss,0.0,
5897,missing_values,fnlwgt,155233.0,
2441,missing_values,marital-status,Divorced,
5335,missing_values,occupation,Sales,
2766,missing_values,sex,Male,
5986,missing_values,capital-loss,0.0,
2814,missing_values,native-country,United-States,
573,missing_values,age,39.0,
5758,missing_values,hours-per-week,40.0,
1603,missing_values,age,53.0,
2527,missing_values,hours-per-week,42.0,
5422,missing_values,native-country,United-States,
2942,missing_values,age,56.0,
182,missing_values,education,Some-college,
3007,missing_values,hours-per-week,40.0,
3074,missing_values,sex,Male,
2881,missing_values,workclass,Private,
3409,missing_values,fnlwgt,385452.0,
621,missing_values,education-num,7.0,
4760,missing_values,workclass,Private,
1087,missing_values,hours-per-week,40.0,
4417,missing_values,capital-gain,0.0,
5423,missing_values,education,Some-college,
4140,missing_values,relationship,Not-in-family,
977,missing_values,capital-loss,0.0,
5226,missing_values,relationship,Husband,
4179,missing_values,native-country,United-States,
4444,missing_values,capital-gain,0.0,
1323,missing_values,native-country,United-States,
4678,missing_values,race,White,
2517,missing_values,occupation,Exec-managerial,
938,missing_values,race,White,
3896,missing_values,education,Some-college,
1008,missing_values,capital-gain,0.0,
3782,missing_values,occupation,Craft-repair,
1074,missing_values,capital-gain,0.0,
1857,missing_values,education-num,10.0,
3569,missing_values,capital-loss,0.0,
1058,missing_values,sex,Male,
2449,missing_values,capital-gain,0.0,
3130,missing_values,age,20.0,
716,missing_values,workclass,Local-gov,
4463,missing_values,capital-loss,0.0,
1885,missing_values,race,White,
2190,missing_values,native-country,United-States,
4919,missing_values,education-num,10.0,
5477,missing_values,workclass,State-gov,
3596,missing_values,fnlwgt,302406.0,
2535,missing_values,hours-per-week,40.0,
2358,missing_values,fnlwgt,122493.0,
1308,missing_values,relationship,Husband,
2733,missing_values,occupation,Prof-specialty,
524,missing_values,race,White,
649,missing_values,capital-gain,7298.0,
2015,missing_values,workclass,Private,
739,missing_values,age,57.0,
5496,missing_values,age,28.0,
5841,missing_values,age,23.0,
5005,missing_values,relationship,Not-in-family,
3776,missing_values,workclass,Private,
3578,missing_values,race,White,
4999,missing_values,fnlwgt,170214.0,
4637,missing_values,race,White,
2939,missing_values,race,White,
1169,missing_values,marital-status,Married-civ-spouse,
4613,missing_values,occupation,Adm-clerical,
3626,missing_values,marital-status,Married-civ-spouse,
3823,missing_values,native-country,United-States,
3112,missing_values,education,10th,
1510,missing_values,native-country,United-States,
5286,missing_values,workclass,Local-gov,
5825,missing_values,sex,Female,
3294,missing_values,age,37.0,
860,missing_values,hours-per-week,45.0,
1130,missing_values,occupation,Prof-specialty,
859,missing_values,capital-loss,0.0,
366,missing_values,hours-per-week,30.0,
5405,missing_values,fnlwgt,184589.0,
889,missing_values,native-country,United-States,
2058,missing_values,capital-loss,0.0,
284,missing_values,race,White,
3262,missing_values,workclass,Private,
1369,missing_values,relationship,Not-in-family,
235,missing_values,relationship,Own-child,
5662,missing_values,fnlwgt,117789.0,
5047,missing_values,sex,Male,
5424,missing_values,sex,Female,
3849,missing_values,fnlwgt,126701.0,
2988,missing_values,race,White,
2222,missing_values,relationship,Husband,
1267,missing_values,education-num,13.0,
4741,missing_values,sex,Male,
5654,missing_values,education-num,9.0,
1637,missing_values,native-country,United-States,
1192,missing_values,capital-gain,0.0,
4985,missing_values,hours-per-week,40.0,
912,missing_values,hours-per-week,40.0,
1826,missing_values,capital-loss,0.0,
203,missing_values,hours-per-week,40.0,
502,missing_values,capital-loss,0.0,
3548,missing_values,workclass,Private,
4840,missing_values,education,Bachelors,
5393,missing_values,hours-per-week,40.0,
1122,missing_values,education,HS-grad,
2585,missing_values,education-num,9.0,
4198,missing_values,native-country,United-States,
4520,missing_values,age,26.0,
3293,missing_values,education-num,10.0,
448,missing_values,capital-loss,0.0,
4195,missing_values,relationship,Not-in-family,
520,missing_values,education,Some-college,
661,missing_values,education,Bachelors,
2269,missing_values,education-num,9.0,
1129,missing_values,race,White,
2096,missing_values,age,22.0,
1622,missing_values,race,White,
2239,missing_values,occupation,Other-service,
4999,missing_values,native-country,Iran,
2645,missing_values,sex,Female,
2647,missing_values,fnlwgt,238246.0,
2799,missing_values,relationship,Husband,
4430,missing_values,fnlwgt,120985.0,
4085,missing_values,native-country,United-States,
2538,missing_values,capital-loss,0.0,
5633,missing_values,capital-gain,0.0,
1249,missing_values,relationship,Not-in-family,
5211,missing_values,marital-status,Never-married,
5596,missing_values,sex,Female,
3150,missing_values,hours-per-week,38.0,
2249,missing_values,capital-loss,0.0,
3163,missing_values,race,White,
1740,missing_values,occupation,Craft-repair,
4613,missing_values,capital-loss,0.0,
5350,missing_values,capital-loss,0.0,
735,missing_values,native-country,United-States,
3631,missing_values,sex,Male,
5952,missing_values,education,11th,
2098,missing_values,sex,Female,
4882,missing_values,native-country,United-States,
3589,missing_values,capital-gain,0.0,
5658,missing_values,race,White,
736,missing_values,workclass,Private,
4812,missing_values,hours-per-week,40.0,
3135,missing_values,capital-loss,0.0,
4104,missing_values,relationship,Other-relative,
739,missing_values,education-num,9.0,
5029,missing_values,education-num,5.0,
3908,missing_values,age,33.0,
546,missing_values,capital-gain,0.0,
1159,missing_values,fnlwgt,159299.0,
5592,missing_values,occupation,Machine-op-inspct,
1147,missing_values,hours-per-week,40.0,
1658,missing_values,capital-loss,0.0,
2978,missing_values,fnlwgt,454941.0,
1098,missing_values,fnlwgt,255702.0,
4588,missing_values,native-country,United-States,
1801,missing_values,race,White,
1674,missing_values,capital-loss,0.0,
5618,missing_values,marital-status,Never-married,
998,missing_values,marital-status,Never-married,
366,missing_values,age,28.0,
5737,missing_values,workclass,Private,
2581,missing_values,age,48.0,
4598,missing_values,occupation,Adm-clerical,
2303,missing_values,native-country,United-States,
4105,missing_values,capital-loss,0.0,
3291,missing_values,education-num,9.0,
5053,missing_values,occupation,Exec-managerial,
5311,missing_values,sex,Female,
401,missing_values,relationship,Husband,
3102,missing_values,sex,Male,
4188,missing_values,native-country,United-States,
903,missing_values,occupation,Prof-specialty,
5434,missing_values,native-country,United-States,
4841,missing_values,native-country,United-States,
27,missing_values,occupation,Transport-moving,
347,missing_values,age,48.0,
1639,missing_values,capital-gain,0.0,
681,missing_values,sex,Male,
5288,missing_values,marital-status,Divorced,
4858,missing_values,marital-status,Never-married,
4419,missing_values,education-num,13.0,
5429,missing_values,education-num,10.0,
1804,missing_values,age,37.0,
261,missing_values,capital-gain,0.0,
2255,missing_values,workclass,Private,
5238,missing_values,capital-loss,0.0,
3028,missing_values,native-country,United-States,
1750,missing_values,capital-gain,0.0,
3162,missing_values,sex,Female,
4094,missing_values,native-country,United-States,
1180,missing_values,marital-status,Married-civ-spouse,
234,missing_values,marital-status,Never-married,
3833,missing_values,relationship,Husband,
5562,missing_values,race,White,
2776,missing_values,relationship,Unmarried,
5764,missing_values,hours-per-week,40.0,
2143,missing_values,workclass,Federal-gov,
5936,missing_values,education,10th,
1186,missing_values,occupation,Prof-specialty,
208,missing_values,education-num,9.0,
2114,missing_values,capital-gain,0.0,
2501,missing_values,occupation,Craft-repair,
776,missing_values,workclass,Local-gov,
5969,missing_values,sex,Male,
2088,missing_values,age,56.0,
3680,missing_values,relationship,Husband,
5130,missing_values,native-country,United-States,
5056,missing_values,native-country,United-States,
5749,missing_values,relationship,Not-in-family,
3781,missing_values,hours-per-week,20.0,
3380,missing_values,race,White,
468,missing_values,relationship,Own-child,
1422,missing_values,capital-loss,0.0,
5655,missing_values,fnlwgt,175537.0,
2407,missing_values,native-country,United-States,
4695,missing_values,workclass,Self-emp-inc,
1303,missing_values,race,White,
2350,missing_values,relationship,Not-in-family,
1153,missing_values,relationship,Husband,
5498,missing_values,education-num,9.0,
2972,missing_values,age,35.0,
561,missing_values,hours-per-week,50.0,
1078,missing_values,age,22.0,
1997,missing_values,relationship,Husband,
2857,missing_values,education-num,13.0,
1093,missing_values,native-country,Mexico,
3333,missing_values,fnlwgt,136081.0,
810,missing_values,occupation,Prof-specialty,
2596,missing_values,sex,Female,
1244,missing_values,workclass,Private,
5407,missing_values,fnlwgt,211032.0,
3031,missing_values,race,Asian-Pac-Islander,
5578,missing_values,hours-per-week,40.0,
2680,missing_values,marital-status,Separated,
3374,missing_values,age,58.0,
232,missing_values,capital-gain,0.0,
791,missing_values,sex,Female,
3591,missing_values,hours-per-week,45.0,
4589,missing_values,education,HS-grad,
2187,missing_values,workclass,Private,
659,missing_values,relationship,Unmarried,
3880,missing_values,workclass,Private,
3638,missing_values,workclass,Private,
948,missing_values,race,White,
3365,missing_values,hours-per-week,40.0,
4006,missing_values,capital-loss,0.0,
2517,missing_values,relationship,Not-in-family,
2692,missing_values,workclass,Private,
2940,missing_values,sex,Female,
3021,missing_values,hours-per-week,40.0,
5457,missing_values,hours-per-week,40.0,
139,missing_values,fnlwgt,163290.0,
383,missing_values,race,White,
5076,missing_values,capital-loss,0.0,
4241,missing_values,capital-gain,0.0,
1764,missing_values,age,26.0,
4100,missing_values,workclass,Private,
1651,missing_values,occupation,Adm-clerical,
400,missing_values,workclass,Local-gov,
4864,missing_values,relationship,Own-child,
1284,missing_values,race,White,
4615,missing_values,fnlwgt,176486.0,
5117,missing_values,education-num,9.0,
687,missing_values,relationship,Husband,
747,missing_values,capital-gain,0.0,
2425,missing_values,education,Bachelors,
742,missing_values,age,28.0,
2148,missing_values,sex,Female,
5429,missing_values,capital-gain,0.0,
2468,missing_values,workclass,Private,
5285,missing_values,occupation,Adm-clerical,
3526,missing_values,relationship,Wife,
4236,missing_values,education-num,13.0,
5704,missing_values,education,11th,
3705,missing_values,native-country,United-States,
3278,missing_values,age,56.0,
1419,missing_values,capital-loss,0.0,
2798,missing_values,fnlwgt,190228.0,
2935,missing_values,fnlwgt,343476.0,
4710,missing_values,marital-status,Married-spouse-absent,
2263,missing_values,race,White,
587,missing_values,education,10th,
681,missing_values,education,Assoc-voc,
2175,missing_values,workclass,Private,
3366,missing_values,capital-loss,0.0,
5100,missing_values,native-country,United-States,
5589,missing_values,age,65.0,
3452,missing_values,workclass,Private,
5408,missing_values,sex,Male,
1089,missing_values,capital-loss,0.0,
4946,missing_values,relationship,Husband,
4970,missing_values,race,Asian-Pac-Islander,
4600,missing_values,education,Assoc-acdm,
5597,missing_values,capital-gain,0.0,
445,missing_values,race,White,
5608,missing_values,race,White,
1398,missing_values,occupation,Other-service,
3116,missing_values,capital-loss,0.0,
1248,missing_values,education,Bachelors,
2885,missing_values,workclass,Private,
870,missing_values,workclass,Private,
4502,missing_values,fnlwgt,43533.0,
2525,missing_values,capital-loss,0.0,
933,missing_values,age,37.0,
3904,missing_values,capital-gain,0.0,
1570,missing_values,capital-gain,0.0,
338,missing_values,relationship,Not-in-family,
3283,missing_values,education-num,9.0,
4944,missing_values,age,53.0,
2167,missing_values,sex,Male,
5743,missing_values,age,22.0,
5106,missing_values,fnlwgt,181020.0,
5847,missing_values,age,40.0,
1921,missing_values,capital-gain,0.0,
5440,missing_values,relationship,Not-in-family,
4571,missing_values,fnlwgt,65478.0,
3299,missing_values,relationship,Husband,
31,missing_values,capital-loss,0.0,
2627,missing_values,sex,Male,
2706,missing_values,race,White,
1180,missing_values,fnlwgt,85918.0,
5893,missing_values,occupation,Sales,
1391,missing_values,capital-gain,3103.0,
4952,missing_values,education,HS-grad,
877,missing_values,capital-gain,0.0,
4320,missing_values,capital-gain,0.0,
1950,missing_values,education,HS-grad,
154,missing_values,fnlwgt,176215.0,
483,missing_values,hours-per-week,56.0,
3270,missing_values,fnlwgt,351187.0,
5308,missing_values,capital-loss,0.0,
3954,missing_values,race,White,
5438,missing_values,marital-status,Divorced,
224,missing_values,age,19.0,
3583,missing_values,hours-per-week,40.0,
26,missing_values,capital-loss,0.0,
5689,missing_values,capital-gain,0.0,
3365,missing_values,education-num,9.0,
5355,missing_values,education,11th,
5370,missing_values,education-num,9.0,
604,missing_values,age,31.0,
2281,missing_values,occupation,Exec-managerial,
4924,missing_values,relationship,Unmarried,
5496,missing_values,education,HS-grad,
3816,missing_values,sex,Male,
305,missing_values,race,White,
5768,missing_values,race,White,
3888,missing_values,capital-gain,0.0,
608,missing_values,age,22.0,
3472,missing_values,hours-per-week,35.0,
1054,missing_values,native-country,United-States,
5392,missing_values,age,38.0,
5642,missing_values,native-country,United-States,
4806,missing_values,sex,Male,
3059,missing_values,workclass,Self-emp-not-inc,
1496,missing_values,race,White,
3095,missing_values,occupation,Prof-specialty,
4392,missing_values,sex,Female,
4408,missing_values,age,55.0,
3271,missing_values,marital-status,Never-married,
4537,missing_values,hours-per-week,40.0,
1247,missing_values,marital-status,Never-married,
5019,missing_values,education,Prof-school,
2262,missing_values,education-num,9.0,
5631,missing_values,fnlwgt,246841.0,
4204,missing_values,relationship,Husband,
2911,missing_values,age,20.0,
5987,missing_values,education-num,9.0,
1777,missing_values,occupation,Transport-moving,
550,missing_values,education-num,9.0,
3094,missing_values,education-num,13.0,
2201,missing_values,occupation,Prof-specialty,
410,missing_values,workclass,State-gov,
2010,missing_values,occupation,Sales,
5642,missing_values,age,43.0,
1865,missing_values,age,37.0,
2150,missing_values,race,White,
3224,missing_values,age,39.0,
2037,missing_values,hours-per-week,40.0,
3830,missing_values,native-country,United-States,
1693,missing_values,race,White,
2685,missing_values,capital-gain,0.0,
2231,missing_values,occupation,Exec-managerial,
3302,missing_values,native-country,United-States,
5637,missing_values,education-num,10.0,
2623,missing_values,education,Bachelors,
1575,missing_values,capital-gain,0.0,
1915,missing_values,age,48.0,
4495,missing_values,relationship,Unmarried,
2277,missing_values,age,37.0,
4248,missing_values,capital-loss,0.0,
5827,missing_values,sex,Male,
4665,missing_values,workclass,Private,
5390,missing_values,relationship,Own-child,
2204,missing_values,capital-gain,0.0,
3682,missing_values,capital-loss,0.0,
4657,missing_values,education-num,9.0,
2510,missing_values,age,32.0,
2557,missing_values,race,White,
2377,missing_values,fnlwgt,256992.0,
3878,missing_values,education,HS-grad,
2086,missing_values,marital-status,Never-married,
3358,missing_values,capital-loss,0.0,
3428,missing_values,education,HS-grad,
180,missing_values,sex,Female,
5038,missing_values,sex,Male,
4645,missing_values,marital-status,Married-civ-spouse,
600,missing_values,capital-loss,0.0,
5712,missing_values,fnlwgt,216414.0,
1124,missing_values,age,31.0,
1261,missing_values,race,White,
1868,missing_values,age,29.0,
3808,missing_values,education-num,10.0,
745,missing_values,age,24.0,
2735,missing_values,occupation,Adm-clerical,
3402,missing_values,workclass,Private,
4624,missing_values,education-num,9.0,
2312,missing_values,hours-per-week,40.0,
4685,missing_values,marital-status,Married-civ-spouse,
2215,missing_values,education,HS-grad,
5565,missing_values,education-num,4.0,
5649,missing_values,workclass,Private,
1686,missing_values,workclass,State-gov,
2872,missing_values,relationship,Husband,
3088,missing_values,capital-loss,0.0,
2901,missing_values,occupation,Sales,
1897,missing_values,workclass,Private,
5694,missing_values,race,White,
4663,missing_values,age,19.0,
991,missing_values,education,Masters,
5917,missing_values,race,Amer-Indian-Eskimo,
4691,missing_values,marital-status,Married-spouse-absent,
5329,missing_values,workclass,Private,
3356,missing_values,native-country,United-States,
502,missing_values,sex,Female,
5520,missing_values,race,White,
2725,missing_values,hours-per-week,40.0,
1885,missing_values,fnlwgt,188246.0,
362,missing_values,capital-gain,0.0,
2335,missing_values,education,11th,
1221,missing_values,native-country,United-States,
257,missing_values,workclass,Private,
2575,missing_values,native-country,United-States,
5985,missing_values,fnlwgt,85218.0,
833,missing_values,sex,Male,
3061,missing_values,capital-gain,0.0,
4027,missing_values,race,Black,
4771,missing_values,race,White,
601,missing_values,hours-per-week,50.0,
4390,missing_values,education,HS-grad,
5603,missing_values,age,42.0,
4961,missing_values,marital-status,Never-married,
1159,missing_values,education-num,7.0,
709,missing_values,native-country,United-States,
2370,missing_values,native-country,United-States,
3606,missing_values,occupation,Adm-clerical,
2676,missing_values,sex,Female,
671,missing_values,education-num,13.0,
296,missing_values,workclass,Private,
625,missing_values,education,HS-grad,
4384,missing_values,education-num,6.0,
581,missing_values,fnlwgt,29660.0,
4071,missing_values,race,White,
5412,missing_values,age,54.0,
188,missing_values,fnlwgt,190023.0,
5171,missing_values,capital-gain,0.0,
4663,missing_values,hours-per-week,15.0,
1195,missing_values,capital-gain,0.0,
2437,missing_values,relationship,Not-in-family,
3554,missing_values,fnlwgt,162164.0,
5410,missing_values,race,Amer-Indian-Eskimo,
1541,missing_values,capital-gain,2597.0,
1992,missing_values,sex,Male,
5930,missing_values,workclass,Private,
3057,missing_values,race,White,
321,missing_values,capital-loss,0.0,
1422,missing_values,marital-status,Never-married,
2100,missing_values,relationship,Not-in-family,
2001,missing_values,hours-per-week,40.0,
1865,missing_values,relationship,Not-in-family,
1049,missing_values,capital-gain,0.0,
5009,missing_values,education,Bachelors,
3793,missing_values,capital-loss,0.0,
784,missing_values,education-num,12.0,
452,missing_values,native-country,United-States,
1025,missing_values,sex,Male,
3036,missing_values,occupation,Adm-clerical,
2461,missing_values,sex,Male,
609,missing_values,marital-status,Separated,
1205,missing_values,education-num,9.0,
2415,missing_values,education,HS-grad,
577,missing_values,occupation,Other-service,
5196,missing_values,race,White,
1246,missing_values,capital-loss,0.0,
157,missing_values,workclass,Self-emp-not-inc,
3957,missing_values,marital-status,Married-civ-spouse,
1753,missing_values,native-country,United-States,
1138,missing_values,occupation,Adm-clerical,
2701,missing_values,capital-gain,0.0,
3411,missing_values,race,White,
2761,missing_values,education-num,10.0,
1253,missing_values,education,HS-grad,
1980,missing_values,relationship,Wife,
346,missing_values,occupation,Machine-op-inspct,
2764,missing_values,sex,Female,
5840,missing_values,hours-per-week,40.0,
4895,missing_values,marital-status,Widowed,
2773,missing_values,age,40.0,
4834,missing_values,capital-gain,0.0,
2737,missing_values,marital-status,Married-civ-spouse,
553,missing_values,sex,Male,
5185,missing_values,capital-gain,0.0,
4892,missing_values,age,52.0,
1001,missing_values,sex,Female,
4532,missing_values,hours-per-week,20.0,
3764,missing_values,capital-gain,14344.0,
4506,missing_values,workclass,Private,
5210,missing_values,capital-loss,0.0,
3484,missing_values,occupation,Sales,
1236,missing_values,race,White,
55,missing_values,age,36.0,
6,missing_values,education,Bachelors,
2110,missing_values,capital-loss,0.0,
384,missing_values,native-country,United-States,
4918,missing_values,sex,Male,
3942,missing_values,workclass,Private,
3725,missing_values,age,51.0,
3286,missing_values,occupation,Prof-specialty,
2624,missing_values,occupation,Prof-specialty,
1833,missing_values,capital-loss,0.0,
946,missing_values,capital-gain,0.0,
3040,missing_values,hours-per-week,40.0,
770,missing_values,sex,Male,
5985,missing_values,workclass,State-gov,
4396,missing_values,sex,Male,
2245,missing_values,marital-status,Married-civ-spouse,
919,missing_values,fnlwgt,251603.0,
3270,missing_values,workclass,Private,
2030,missing_values,capital-loss,0.0,
4816,missing_values,race,White,
604,missing_values,native-country,United-States,
5857,missing_values,relationship,Husband,
1506,missing_values,capital-gain,0.0,
2439,missing_values,race,White,
1680,missing_values,relationship,Husband,
1516,missing_values,fnlwgt,312818.0,
3608,missing_values,education,Bachelors,
2833,missing_values,education,7th-8th,
2168,missing_values,age,35.0,
3505,missing_values,sex,Male,
5425,missing_values,marital-status,Married-civ-spouse,
288,missing_values,education,Masters,
3091,missing_values,capital-gain,0.0,
154,missing_values,hours-per-week,56.0,
2705,missing_values,age,33.0,
4141,missing_values,age,35.0,
2162,missing_values,occupation,Craft-repair,
4828,missing_values,native-country,United-States,
2237,missing_values,capital-loss,0.0,
3210,missing_values,hours-per-week,48.0,
5927,missing_values,native-country,United-States,
3301,missing_values,marital-status,Never-married,
37,missing_values,sex,Female,
4282,missing_values,occupation,Handlers-cleaners,
1468,missing_values,education-num,4.0,
1685,missing_values,age,51.0,
5517,missing_values,occupation,Sales,
3824,missing_values,fnlwgt,269246.0,
2758,missing_values,age,53.0,
1287,missing_values,age,34.0,
3597,missing_values,occupation,Prof-specialty,
1120,missing_values,native-country,United-States,
2649,missing_values,education-num,9.0,
5088,missing_values,fnlwgt,243762.0,
5571,missing_values,education,HS-grad,
5687,missing_values,education,HS-grad,
5555,missing_values,occupation,Machine-op-inspct,
5101,missing_values,marital-status,Never-married,
1070,missing_values,relationship,Husband,
2290,missing_values,race,White,
5351,missing_values,workclass,Private,
2616,missing_values,age,53.0,
1046,missing_values,hours-per-week,40.0,
3810,missing_values,fnlwgt,42476.0,
5758,missing_values,sex,Female,
799,missing_values,native-country,United-States,
4977,missing_values,education-num,13.0,
5774,missing_values,education-num,10.0,
4076,missing_values,marital-status,Married-civ-spouse,
2323,missing_values,occupation,Other-service,
356,missing_values,marital-status,Married-civ-spouse,
4799,missing_values,education,Bachelors,
256,missing_values,fnlwgt,306459.0,
1022,missing_values,marital-status,Divorced,
946,missing_values,education,7th-8th,
1027,missing_values,native-country,United-States,
1966,missing_values,occupation,Tech-support,
501,missing_values,marital-status,Never-married,
4430,missing_values,workclass,Private,
693,missing_values,marital-status,Married-civ-spouse,
5608,missing_values,capital-gain,0.0,
4382,missing_values,fnlwgt,80145.0,
3782,missing_values,capital-gain,0.0,
1215,missing_values,fnlwgt,178463.0,
3647,missing_values,workclass,Private,
1278,missing_values,education,Bachelors,
2400,missing_values,education,Assoc-acdm,
2145,missing_values,relationship,Husband,
1803,missing_values,age,49.0,
2709,missing_values,native-country,United-States,
4166,missing_values,workclass,Private,
4375,missing_values,race,White,
3142,missing_values,education-num,12.0,
2940,missing_values,occupation,Tech-support,
1175,missing_values,age,54.0,
4387,missing_values,capital-loss,0.0,
1908,missing_values,hours-per-week,45.0,
1501,missing_values,race,White,
3426,missing_values,hours-per-week,40.0,
4303,missing_values,education-num,10.0,
3182,missing_values,education-num,11.0,
2300,missing_values,hours-per-week,45.0,
2469,missing_values,relationship,Husband,
541,missing_values,age,19.0,
253,missing_values,occupation,Exec-managerial,
4778,missing_values,occupation,Craft-repair,
2652,missing_values,hours-per-week,40.0,
3143,missing_values,capital-gain,0.0,
3226,missing_values,capital-gain,0.0,
4801,missing_values,race,White,
1565,missing_values,capital-gain,0.0,
5021,missing_values,occupation,Prof-specialty,
380,missing_values,workclass,Private,
856,missing_values,capital-gain,0.0,
153,missing_values,sex,Male,
980,missing_values,workclass,Self-emp-inc,
1996,missing_values,marital-status,Married-civ-spouse,
4802,missing_values,age,30.0,
4356,missing_values,occupation,Exec-managerial,
3805,missing_values,education-num,13.0,
1972,missing_values,occupation,Craft-repair,
203,missing_values,education,Some-college,
576,missing_values,race,White,
4519,missing_values,occupation,Sales,
4963,missing_values,marital-status,Married-civ-spouse,
2545,missing_values,sex,Male,
506,missing_values,relationship,Not-in-family,
3,missing_values,age,44.0,
1322,missing_values,sex,Female,
308,missing_values,workclass,Local-gov,
2975,missing_values,native-country,United-States,
393,missing_values,native-country,United-States,
1637,missing_values,workclass,State-gov,
3114,missing_values,native-country,United-States,
1796,missing_values,occupation,Other-service,
895,missing_values,capital-loss,0.0,
1901,missing_values,sex,Male,
560,missing_values,capital-gain,0.0,
5343,missing_values,sex,Female,
5129,missing_values,capital-loss,0.0,
3325,missing_values,occupation,Prof-specialty,
839,missing_values,capital-loss,0.0,
1560,missing_values,relationship,Other-relative,
5211,missing_values,relationship,Not-in-family,
1295,missing_values,education-num,13.0,
2866,missing_values,native-country,United-States,
976,missing_values,hours-per-week,32.0,
4676,missing_values,native-country,United-States,
4169,missing_values,race,White,
4370,missing_values,education,Some-college,
1372,missing_values,capital-loss,2559.0,
1876,missing_values,sex,Male,
2303,missing_values,occupation,Craft-repair,
2431,missing_values,hours-per-week,40.0,
5465,missing_values,hours-per-week,40.0,
4793,missing_values,education,Some-college,
5288,missing_values,sex,Female,
4856,missing_values,hours-per-week,40.0,
3975,missing_values,native-country,United-States,
4596,missing_values,marital-status,Married-civ-spouse,
1889,missing_values,sex,Female,
2062,missing_values,occupation,Transport-moving,
4454,missing_values,education,Prof-school,
3924,missing_values,fnlwgt,440129.0,
2152,missing_values,marital-status,Never-married,
300,missing_values,fnlwgt,240612.0,
1225,missing_values,capital-gain,0.0,
2479,missing_values,race,Black,
1038,missing_values,workclass,Self-emp-not-inc,
2692,missing_values,marital-status,Widowed,
1733,missing_values,sex,Male,
1858,missing_values,education-num,6.0,
1870,missing_values,capital-loss,0.0,
5701,missing_values,sex,Female,
690,missing_values,education,HS-grad,
4249,missing_values,fnlwgt,193144.0,
3989,missing_values,capital-gain,0.0,
555,missing_values,capital-loss,0.0,
618,missing_values,sex,Male,
3015,missing_values,education,Bachelors,
185,missing_values,relationship,Husband,
5835,missing_values,workclass,Private,
138,missing_values,capital-gain,0.0,
5792,missing_values,fnlwgt,189811.0,
5893,missing_values,capital-gain,0.0,
3810,missing_values,hours-per-week,30.0,
4650,missing_values,occupation,Other-service,
4006,missing_values,occupation,Sales,
1722,missing_values,native-country,United-States,
2924,missing_values,age,31.0,
1422,missing_values,capital-gain,0.0,
3224,missing_values,education-num,10.0,
2957,missing_values,workclass,Private,
2472,missing_values,native-country,United-States,
909,missing_values,education-num,9.0,
1029,missing_values,capital-loss,0.0,
3361,missing_values,occupation,Farming-fishing,
4861,missing_values,sex,Male,
4151,missing_values,education-num,9.0,
653,missing_values,fnlwgt,320451.0,
2643,missing_values,age,36.0,
3874,missing_values,relationship,Husband,
1305,missing_values,capital-loss,0.0,
5167,missing_values,race,White,
2780,missing_values,native-country,United-States,
1580,missing_values,relationship,Own-child,
1456,missing_values,capital-loss,0.0,
4618,missing_values,fnlwgt,24106.0,
3437,missing_values,sex,Male,
805,missing_values,native-country,United-States,
5481,missing_values,age,45.0,
406,missing_values,capital-gain,0.0,
3695,missing_values,fnlwgt,189590.0,
5728,missing_values,capital-gain,0.0,
1691,missing_values,capital-gain,0.0,
5449,missing_values,age,59.0,
5126,missing_values,capital-loss,0.0,
3619,missing_values,relationship,Not-in-family,
2342,missing_values,capital-gain,0.0,
2469,missing_values,sex,Male,
154,missing_values,education,HS-grad,
899,missing_values,education-num,7.0,
5525,missing_values,marital-status,Married-civ-spouse,
1125,missing_values,age,46.0,
1673,missing_values,occupation,Craft-repair,
5833,missing_values,relationship,Not-in-family,
2632,missing_values,education,HS-grad,
2278,missing_values,sex,Female,
673,missing_values,capital-loss,0.0,
675,missing_values,native-country,United-States,
3533,missing_values,hours-per-week,40.0,
4523,missing_values,capital-gain,7688.0,
4088,missing_values,hours-per-week,36.0,
808,missing_values,fnlwgt,29144.0,
1370,missing_values,fnlwgt,126730.0,
4902,missing_values,capital-gain,0.0,
784,missing_values,sex,Female,
4659,missing_values,occupation,Machine-op-inspct,
2655,missing_values,education,Assoc-voc,
1963,missing_values,hours-per-week,35.0,
228,missing_values,capital-loss,0.0,
43,missing_values,hours-per-week,36.0,
2138,missing_values,occupation,Adm-clerical,
979,missing_values,capital-loss,0.0,
3336,missing_values,education,11th,
5028,missing_values,marital-status,Never-married,
1698,missing_values,race,Other,
4768,missing_values,marital-status,Married-civ-spouse,
3841,missing_values,race,White,
1278,missing_values,hours-per-week,40.0,
1673,missing_values,race,White,
2395,missing_values,capital-gain,0.0,
2118,missing_values,relationship,Not-in-family,
3424,missing_values,fnlwgt,226443.0,
2698,missing_values,occupation,Prof-specialty,
1506,missing_values,race,White,
1784,missing_values,race,White,
1690,missing_values,capital-gain,0.0,
3703,missing_values,hours-per-week,30.0,
3768,missing_values,marital-status,Married-civ-spouse,
3542,missing_values,capital-loss,0.0,
1403,missing_values,native-country,United-States,
4090,missing_values,age,30.0,
2667,missing_values,sex,Female,
3659,missing_values,native-country,United-States,
2808,missing_values,hours-per-week,36.0,
615,missing_values,workclass,Self-emp-not-inc,
4457,missing_values,age,22.0,
1362,missing_values,capital-loss,0.0,
4469,missing_values,education-num,10.0,
5825,missing_values,capital-loss,0.0,
4354,missing_values,marital-status,Divorced,
122,missing_values,fnlwgt,202056.0,
5717,missing_values,sex,Male,
5471,missing_values,relationship,Husband,
4929,missing_values,marital-status,Divorced,
1847,missing_values,marital-status,Never-married,
5400,missing_values,marital-status,Married-civ-spouse,
5579,missing_values,fnlwgt,321529.0,
5335,missing_values,age,60.0,
2354,missing_values,capital-gain,0.0,
1427,missing_values,relationship,Unmarried,
4730,missing_values,age,21.0,
1953,missing_values,fnlwgt,292549.0,
4752,missing_values,relationship,Husband,
3695,missing_values,capital-loss,0.0,
2588,missing_values,occupation,Machine-op-inspct,
2863,missing_values,relationship,Unmarried,
4119,missing_values,relationship,Own-child,
3183,missing_values,relationship,Husband,
5008,missing_values,age,56.0,
1883,missing_values,capital-loss,0.0,
1918,missing_values,education-num,3.0,
4992,missing_values,capital-loss,0.0,
4953,missing_values,hours-per-week,40.0,
5472,missing_values,workclass,Private,
1031,missing_values,capital-gain,3273.0,
2595,missing_values,race,White,
2119,missing_values,capital-loss,0.0,
5930,missing_values,native-country,United-States,
5627,missing_values,occupation,Exec-managerial,
5116,missing_values,capital-loss,0.0,
4097,missing_values,sex,Female,
2339,missing_values,education,Assoc-voc,
3153,missing_values,workclass,Private,
135,missing_values,capital-loss,0.0,
3183,missing_values,capital-gain,0.0,
4008,missing_values,age,32.0,
2575,missing_values,workclass,Local-gov,
2337,missing_values,fnlwgt,126675.0,
3037,missing_values,hours-per-week,40.0,
5708,missing_values,fnlwgt,143069.0,
4198,missing_values,capital-gain,0.0,
1874,missing_values,fnlwgt,142061.0,
375,missing_values,age,37.0,
3657,missing_values,capital-loss,0.0,
1799,missing_values,relationship,Husband,
5881,missing_values,occupation,Craft-repair,
4360,missing_values,age,36.0,
3567,missing_values,capital-loss,0.0,
3406,missing_values,age,33.0,
5573,missing_values,fnlwgt,331776.0,
4498,missing_values,workclass,Local-gov,
4102,missing_values,fnlwgt,30039.0,
3193,missing_values,fnlwgt,162160.0,
3170,missing_values,relationship,Husband,
5618,missing_values,education-num,10.0,
1184,missing_values,relationship,Husband,
4337,missing_values,education-num,13.0,
5324,missing_values,relationship,Husband,
5348,missing_values,marital-status,Married-spouse-absent,
3946,missing_values,sex,Female,
1644,missing_values,education,Some-college,
1658,missing_values,marital-status,Never-married,
1640,missing_values,native-country,United-States,
811,missing_values,age,20.0,
4480,missing_values,workclass,Private,
1609,missing_values,relationship,Wife,
5096,missing_values,age,36.0,
756,missing_values,capital-gain,0.0,
1007,missing_values,workclass,Private,
3906,missing_values,hours-per-week,25.0,
5913,missing_values,hours-per-week,36.0,
1443,missing_values,workclass,Private,
4394,missing_values,hours-per-week,35.0,
5034,missing_values,hours-per-week,40.0,
5497,missing_values,sex,Male,
4552,missing_values,occupation,Prof-specialty,
950,missing_values,fnlwgt,443742.0,
1157,missing_values,education-num,10.0,
4709,missing_values,capital-gain,0.0,
5957,missing_values,relationship,Husband,
5191,missing_values,sex,Male,
115,missing_values,sex,Male,
1784,missing_values,sex,Female,
3878,missing_values,race,White,
4289,missing_values,fnlwgt,74883.0,
3835,missing_values,occupation,Exec-managerial,
768,missing_values,education,7th-8th,
3905,missing_values,race,White,
1900,missing_values,native-country,United-States,
536,missing_values,sex,Female,
4840,missing_values,occupation,Tech-support,
736,missing_values,fnlwgt,192455.0,
1512,missing_values,capital-loss,0.0,
2575,missing_values,age,34.0,
2717,missing_values,education-num,14.0,
2388,missing_values,occupation,Prof-specialty,
4075,missing_values,native-country,United-States,
2003,missing_values,occupation,Tech-support,
2356,missing_values,sex,Female,
3786,missing_values,sex,Male,
1108,missing_values,native-country,United-States,
2453,missing_values,capital-loss,0.0,
1933,missing_values,capital-loss,0.0,
5308,missing_values,race,White,
4243,missing_values,race,Black,
2978,missing_values,relationship,Husband,
3450,missing_values,occupation,Prof-specialty,
4212,missing_values,race,White,
875,missing_values,workclass,Private,
3288,missing_values,fnlwgt,143526.0,
5234,missing_values,fnlwgt,174201.0,
2359,missing_values,relationship,Not-in-family,
2307,missing_values,marital-status,Married-civ-spouse,
4322,missing_values,relationship,Husband,
4300,missing_values,occupation,Farming-fishing,
2144,missing_values,education,Some-college,
4182,missing_values,fnlwgt,105281.0,
5546,missing_values,education,HS-grad,
2114,missing_values,fnlwgt,249644.0,
5869,missing_values,capital-loss,0.0,
1008,missing_values,occupation,Other-service,
3863,missing_values,marital-status,Never-married,
4395,missing_values,hours-per-week,40.0,
3110,missing_values,capital-gain,0.0,
2651,missing_values,age,41.0,
5805,missing_values,native-country,United-States,
1625,missing_values,native-country,United-States,
4388,missing_values,education-num,9.0,
4369,missing_values,relationship,Not-in-family,
5224,missing_values,capital-loss,0.0,
1695,missing_values,capital-gain,0.0,
2632,missing_values,education-num,9.0,
5784,missing_values,age,28.0,
235,missing_values,sex,Male,
3417,missing_values,workclass,Private,
4953,missing_values,workclass,Private,
5773,missing_values,capital-loss,0.0,
3970,missing_values,workclass,State-gov,
531,missing_values,age,45.0,
1037,missing_values,sex,Female,
3254,missing_values,fnlwgt,29702.0,
2006,missing_values,race,White,
3077,missing_values,education,HS-grad,
5562,missing_values,capital-loss,0.0,
3594,missing_values,sex,Male,
2768,missing_values,education-num,11.0,
426,missing_values,race,White,
3511,missing_values,relationship,Own-child,
3854,missing_values,education-num,10.0,
3864,missing_values,occupation,Exec-managerial,
1773,missing_values,sex,Female,
2700,missing_values,workclass,Private,
4213,missing_values,sex,Female,
4252,missing_values,occupation,Transport-moving,
2424,missing_values,age,50.0,
1869,missing_values,age,38.0,
3792,missing_values,capital-loss,0.0,
5398,missing_values,relationship,Not-in-family,
897,missing_values,age,45.0,
2301,missing_values,workclass,Private,
2909,missing_values,workclass,Private,
3702,missing_values,native-country,United-States,
4612,missing_values,capital-loss,0.0,
892,missing_values,workclass,Self-emp-not-inc,
2542,missing_values,fnlwgt,110931.0,
755,missing_values,sex,Male,
4673,missing_values,age,58.0,
2684,missing_values,age,40.0,
2328,missing_values,education,Assoc-acdm,
363,missing_values,relationship,Husband,
5143,missing_values,education-num,6.0,
1645,missing_values,education,HS-grad,
1643,missing_values,capital-loss,0.0,
5818,missing_values,relationship,Own-child,
3237,missing_values,age,39.0,
13,missing_values,relationship,Own-child,
4416,missing_values,marital-status,Married-civ-spouse,
3743,missing_values,workclass,Private,
1682,missing_values,education-num,13.0,
2565,missing_values,sex,Male,
3110,missing_values,sex,Male,
5411,missing_values,occupation,Protective-serv,
1233,missing_values,hours-per-week,25.0,
1241,missing_values,sex,Male,
4846,missing_values,race,Black,
4649,missing_values,education-num,16.0,
3733,missing_values,race,Black,
4398,missing_values,sex,Male,
316,missing_values,hours-per-week,65.0,
3648,missing_values,workclass,Private,
3852,missing_values,education-num,12.0,
4654,missing_values,occupation,Sales,
334,missing_values,relationship,Husband,
2006,missing_values,age,22.0,
5459,missing_values,education-num,7.0,
293,missing_values,race,White,
3276,missing_values,age,56.0,
2000,missing_values,fnlwgt,586657.0,
3995,missing_values,fnlwgt,163576.0,
5394,missing_values,marital-status,Never-married,
4855,missing_values,capital-loss,0.0,
895,missing_values,capital-gain,0.0,
4917,missing_values,education-num,9.0,
2746,missing_values,sex,Male,
2173,missing_values,fnlwgt,256609.0,
4345,missing_values,race,Black,
4786,missing_values,capital-loss,0.0,
4795,missing_values,workclass,Private,
835,missing_values,education-num,9.0,
5793,missing_values,fnlwgt,226296.0,
4920,missing_values,relationship,Own-child,
1097,missing_values,education,Some-college,
3870,missing_values,education-num,9.0,
3116,missing_values,native-country,United-States,
3097,missing_values,native-country,Greece,
2346,missing_values,capital-loss,0.0,
5690,missing_values,fnlwgt,200295.0,
2725,missing_values,education,HS-grad,
420,missing_values,relationship,Husband,
3564,missing_values,age,27.0,
5365,missing_values,age,53.0,
1884,missing_values,occupation,Adm-clerical,
9,missing_values,capital-gain,0.0,
5373,missing_values,race,White,
920,missing_values,race,Black,
697,missing_values,fnlwgt,65325.0,
2228,missing_values,age,44.0,
176,missing_values,fnlwgt,154274.0,
5124,missing_values,race,White,
1484,missing_values,age,58.0,
963,missing_values,race,White,
1217,missing_values,relationship,Husband,
5625,missing_values,native-country,United-States,
3249,missing_values,capital-loss,0.0,
2184,missing_values,age,42.0,
958,missing_values,capital-loss,0.0,
860,missing_values,age,37.0,
5587,missing_values,race,Asian-Pac-Islander,
4890,missing_values,sex,Female,
2825,missing_values,sex,Female,
524,missing_values,fnlwgt,38145.0,
5582,missing_values,education-num,10.0,
1069,missing_values,hours-per-week,20.0,
736,missing_values,sex,Female,
2108,missing_values,capital-loss,0.0,
772,missing_values,marital-status,Never-married,
2118,missing_values,race,White,
2547,missing_values,sex,Male,
4839,missing_values,marital-status,Married-civ-spouse,
3145,missing_values,capital-gain,0.0,
2305,missing_values,capital-gain,0.0,
3105,missing_values,hours-per-week,40.0,
2647,missing_values,relationship,Not-in-family,
2876,missing_values,occupation,Craft-repair,
1654,missing_values,sex,Male,
3035,missing_values,fnlwgt,179413.0,
1925,missing_values,relationship,Not-in-family,
4557,missing_values,native-country,United-States,
18,missing_values,age,42.0,
5206,missing_values,capital-gain,0.0,
435,missing_values,capital-gain,0.0,
5511,missing_values,native-country,United-States,
214,missing_values,education-num,9.0,
945,missing_values,relationship,Husband,
1736,missing_values,relationship,Unmarried,
1435,missing_values,occupation,Sales,
1953,missing_values,education,Some-college,
1456,missing_values,sex,Female,
4221,missing_values,capital-loss,0.0,
5978,missing_values,hours-per-week,40.0,
3136,missing_values,race,White,
1989,missing_values,hours-per-week,40.0,
4381,missing_values,fnlwgt,236436.0,
5128,missing_values,native-country,United-States,
3368,missing_values,age,38.0,
4992,missing_values,capital-gain,0.0,
786,missing_values,marital-status,Widowed,
4165,missing_values,occupation,Sales,
5155,missing_values,fnlwgt,214169.0,
1438,missing_values,marital-status,Never-married,
1086,missing_values,marital-status,Married-civ-spouse,
2638,missing_values,occupation,Sales,
360,missing_values,relationship,Husband,
2425,missing_values,sex,Female,
3816,missing_values,relationship,Unmarried,
1052,missing_values,capital-gain,0.0,
3623,missing_values,fnlwgt,31964.0,
4965,missing_values,age,25.0,
1043,missing_values,workclass,Private,
1551,missing_values,sex,Male,
2257,missing_values,sex,Male,
588,missing_values,hours-per-week,38.0,
4262,missing_values,hours-per-week,45.0,
5256,missing_values,race,White,
1366,missing_values,education,HS-grad,
707,missing_values,capital-gain,0.0,
2396,missing_values,fnlwgt,219054.0,
5523,missing_values,education,Some-college,
3539,missing_values,relationship,Own-child,
1213,missing_values,education,Some-college,
253,missing_values,fnlwgt,289442.0,
4531,missing_values,age,48.0,
176,missing_values,native-country,United-States,
4458,missing_values,capital-gain,0.0,
651,missing_values,fnlwgt,264052.0,
2375,missing_values,fnlwgt,354148.0,
4900,missing_values,age,27.0,
2178,missing_values,workclass,Private,
4974,missing_values,sex,Female,
1736,missing_values,capital-loss,0.0,
4340,missing_values,race,White,
4313,missing_values,fnlwgt,235167.0,
3074,missing_values,race,Black,
3427,missing_values,hours-per-week,40.0,
2200,missing_values,education,Some-college,
4998,missing_values,capital-gain,0.0,
625,missing_values,hours-per-week,50.0,
940,missing_values,sex,Male,
2665,missing_values,hours-per-week,25.0,
1486,missing_values,age,33.0,
480,missing_values,age,22.0,
970,missing_values,age,45.0,
3057,missing_values,fnlwgt,236318.0,
3182,missing_values,race,White,
2362,missing_values,education,Bachelors,
3619,missing_values,education,Bachelors,
4359,missing_values,hours-per-week,99.0,
4963,missing_values,occupation,Craft-repair,
4791,missing_values,relationship,Husband,
569,missing_values,workclass,Private,
2495,missing_values,workclass,Private,
3244,missing_values,capital-gain,0.0,
1304,missing_values,native-country,United-States,
1786,missing_values,capital-loss,0.0,
5524,missing_values,education,Bachelors,
808,missing_values,sex,Male,
2407,missing_values,age,56.0,
421,missing_values,relationship,Wife,
3454,missing_values,race,White,
5593,missing_values,education-num,13.0,
2082,missing_values,sex,Female,
5765,missing_values,hours-per-week,15.0,
3603,missing_values,race,White,
5778,missing_values,hours-per-week,20.0,
617,missing_values,race,Black,
5292,missing_values,education-num,9.0,
4535,missing_values,marital-status,Married-civ-spouse,
5146,missing_values,workclass,Self-emp-not-inc,
1770,missing_values,relationship,Husband,
4489,missing_values,education-num,13.0,
1835,missing_values,occupation,Other-service,
1730,missing_values,education-num,14.0,
794,missing_values,hours-per-week,25.0,
1481,missing_values,capital-loss,0.0,
1373,missing_values,capital-loss,0.0,
649,missing_values,capital-loss,0.0,
5187,missing_values,fnlwgt,27997.0,
2908,missing_values,hours-per-week,40.0,
3953,missing_values,capital-gain,0.0,
3830,missing_values,sex,Male,
1436,missing_values,capital-loss,0.0,
5632,missing_values,age,35.0,
527,missing_values,occupation,Prof-specialty,
2826,missing_values,capital-loss,0.0,
50,missing_values,marital-status,Divorced,
265,missing_values,education,Some-college,
751,missing_values,education-num,10.0,
1523,missing_values,education,Some-college,
2669,missing_values,sex,Male,
2750,missing_values,education,Masters,
334,missing_values,native-country,United-States,
3064,missing_values,native-country,United-States,
2811,missing_values,sex,Male,
1090,missing_values,capital-gain,0.0,
5728,missing_values,sex,Female,
1186,missing_values,race,White,
2807,missing_values,age,63.0,
1633,missing_values,age,33.0,
2018,missing_values,hours-per-week,60.0,
5173,missing_values,relationship,Not-in-family,
3430,missing_values,relationship,Husband,
4424,missing_values,capital-gain,0.0,
2776,missing_values,hours-per-week,60.0,
580,missing_values,hours-per-week,40.0,
1163,missing_values,hours-per-week,40.0,
1430,missing_values,relationship,Husband,
4270,missing_values,hours-per-week,40.0,
5607,missing_values,capital-gain,27828.0,
139,missing_values,workclass,Private,
1993,missing_values,sex,Male,
274,missing_values,race,White,
4020,missing_values,marital-status,Married-civ-spouse,
1807,missing_values,sex,Male,
956,missing_values,relationship,Husband,
1951,missing_values,marital-status,Married-civ-spouse,
770,missing_values,age,35.0,
4516,missing_values,workclass,Private,
2314,missing_values,capital-gain,0.0,
2130,missing_values,fnlwgt,167877.0,
2215,missing_values,relationship,Not-in-family,
1985,missing_values,occupation,Prof-specialty,
1155,missing_values,race,White,
397,missing_values,relationship,Husband,
2746,missing_values,capital-loss,0.0,
2962,missing_values,age,46.0,
5494,missing_values,marital-status,Never-married,
3382,missing_values,fnlwgt,260560.0,
3534,missing_values,hours-per-week,45.0,
59,missing_values,hours-per-week,40.0,
2403,missing_values,marital-status,Married-civ-spouse,
2259,missing_values,sex,Male,
3412,missing_values,native-country,United-States,
3356,missing_values,race,White,
3576,missing_values,age,46.0,
2044,missing_values,hours-per-week,12.0,
1874,missing_values,capital-loss,0.0,
3681,missing_values,occupation,Exec-managerial,
2318,missing_values,marital-status,Married-civ-spouse,
3693,missing_values,capital-gain,0.0,
5214,missing_values,marital-status,Married-civ-spouse,
5471,missing_values,fnlwgt,191779.0,
4226,missing_values,age,45.0,
4729,missing_values,marital-status,Widowed,
2215,missing_values,capital-loss,0.0,
5804,missing_values,hours-per-week,40.0,
5753,missing_values,education-num,9.0,
1235,missing_values,hours-per-week,40.0,
5987,missing_values,hours-per-week,52.0,
2678,missing_values,workclass,Self-emp-inc,
4369,missing_values,workclass,Private,
2532,missing_values,race,Amer-Indian-Eskimo,
1200,missing_values,native-country,United-States,
19,missing_values,workclass,Private,
586,missing_values,capital-gain,0.0,
2954,missing_values,hours-per-week,40.0,
4689,missing_values,sex,Male,
5060,missing_values,relationship,Husband,
5086,missing_values,education-num,9.0,
4110,missing_values,marital-status,Never-married,
5312,missing_values,age,54.0,
4575,missing_values,capital-loss,0.0,
614,missing_values,capital-gain,0.0,
2611,missing_values,occupation,Machine-op-inspct,
3349,missing_values,education-num,10.0,
5581,missing_values,marital-status,Married-civ-spouse,
4601,missing_values,education-num,10.0,
3137,missing_values,hours-per-week,40.0,
4296,missing_values,capital-loss,0.0,
3836,missing_values,marital-status,Never-married,
4359,missing_values,workclass,Self-emp-inc,
521,missing_values,capital-gain,0.0,
3038,missing_values,race,Black,
2427,missing_values,education-num,14.0,
2227,missing_values,capital-loss,0.0,
3796,missing_values,fnlwgt,300670.0,
5162,missing_values,race,White,
3787,missing_values,sex,Female,
4311,missing_values,education,HS-grad,
5172,missing_values,marital-status,Married-civ-spouse,
2761,missing_values,marital-status,Married-civ-spouse,
2013,missing_values,native-country,United-States,
1246,missing_values,native-country,United-States,
1432,missing_values,capital-loss,0.0,
5364,missing_values,education,Bachelors,
5781,missing_values,education-num,13.0,
5049,missing_values,education,HS-grad,
5407,missing_values,occupation,Protective-serv,
1172,missing_values,native-country,South,
4008,missing_values,native-country,United-States,
1048,missing_values,native-country,United-States,
1560,missing_values,workclass,Private,
5652,missing_values,race,White,
2114,missing_values,education,Some-college,
878,missing_values,workclass,Private,
2755,missing_values,native-country,United-States,
4012,missing_values,capital-loss,1590.0,
940,missing_values,capital-gain,0.0,
2322,missing_values,education,9th,
3865,missing_values,age,24.0,
5230,missing_values,occupation,Prof-specialty,
4540,missing_values,workclass,Private,
553,missing_values,workclass,Private,
5523,missing_values,race,White,
2398,missing_values,race,White,
2516,missing_values,relationship,Unmarried,
3058,missing_values,capital-gain,4386.0,
2107,missing_values,occupation,Handlers-cleaners,
4680,missing_values,occupation,Handlers-cleaners,
206,missing_values,capital-loss,1902.0,
73,missing_values,education-num,13.0,
5542,missing_values,race,White,
3025,missing_values,capital-gain,0.0,
5434,missing_values,race,White,
2465,missing_values,marital-status,Never-married,
880,missing_values,capital-gain,0.0,
5782,missing_values,capital-loss,0.0,
4219,missing_values,hours-per-week,40.0,
4459,missing_values,hours-per-week,40.0,
1574,missing_values,workclass,Private,
3333,missing_values,native-country,United-States,
4487,missing_values,race,White,
4268,missing_values,workclass,Self-emp-not-inc,
3132,missing_values,occupation,Sales,
3985,missing_values,age,18.0,
4420,missing_values,relationship,Husband,
2329,missing_values,hours-per-week,45.0,
3089,missing_values,workclass,Private,
3255,missing_values,occupation,Exec-managerial,
1089,missing_values,occupation,Tech-support,
3592,missing_values,fnlwgt,332243.0,
3644,missing_values,race,White,
1491,missing_values,hours-per-week,75.0,
4934,missing_values,capital-loss,0.0,
5139,missing_values,hours-per-week,40.0,
4984,missing_values,workclass,Private,
1360,missing_values,education-num,9.0,
919,missing_values,workclass,Private,
3503,missing_values,native-country,United-States,
305,missing_values,education-num,11.0,
106,missing_values,capital-loss,0.0,
1116,missing_values,education,HS-grad,
4918,missing_values,native-country,United-States,
5745,missing_values,education,Some-college,
3903,missing_values,sex,Male,
2020,missing_values,race,White,
1733,missing_values,hours-per-week,60.0,
776,missing_values,sex,Female,
3497,missing_values,race,White,
2630,missing_values,race,White,
297,missing_values,fnlwgt,282069.0,
4245,missing_values,workclass,Self-emp-not-inc,
1607,missing_values,workclass,Local-gov,
1072,missing_values,capital-gain,0.0,
3658,missing_values,age,40.0,
973,missing_values,workclass,Private,
3154,missing_values,race,White,
2441,missing_values,capital-loss,0.0,
5179,missing_values,race,White,
535,missing_values,native-country,United-States,
5279,missing_values,education,Bachelors,
3369,missing_values,occupation,Exec-managerial,
746,missing_values,sex,Male,
2283,missing_values,hours-per-week,40.0,
3439,missing_values,hours-per-week,40.0,
3399,missing_values,capital-gain,7443.0,
5843,missing_values,education,Assoc-acdm,
5929,missing_values,fnlwgt,114011.0,
97,missing_values,relationship,Other-relative,
5437,missing_values,hours-per-week,40.0,
23,missing_values,race,White,
1559,missing_values,education,HS-grad,
5957,missing_values,race,White,
714,missing_values,workclass,Private,
2985,missing_values,fnlwgt,117789.0,
4674,missing_values,occupation,Prof-specialty,
1017,missing_values,sex,Male,
354,missing_values,marital-status,Married-civ-spouse,
4078,missing_values,capital-gain,0.0,
3944,missing_values,fnlwgt,102058.0,
845,missing_values,capital-gain,0.0,
4569,missing_values,fnlwgt,262601.0,
741,missing_values,sex,Male,
1390,missing_values,relationship,Husband,
3494,missing_values,capital-loss,0.0,
870,missing_values,sex,Male,
5238,missing_values,workclass,Local-gov,
730,missing_values,capital-loss,0.0,
1866,missing_values,race,Black,
4861,missing_values,fnlwgt,181530.0,
4347,missing_values,age,38.0,
1774,missing_values,relationship,Not-in-family,
4167,missing_values,sex,Male,
4974,missing_values,native-country,United-States,
4268,missing_values,marital-status,Divorced,
3879,missing_values,capital-loss,0.0,
974,missing_values,workclass,Private,
4132,missing_values,sex,Male,
112,missing_values,age,58.0,
2256,missing_values,marital-status,Never-married,
2039,missing_values,occupation,Exec-managerial,
4331,missing_values,capital-loss,0.0,
175,missing_values,race,White,
5073,missing_values,relationship,Own-child,
459,missing_values,capital-loss,0.0,
4846,missing_values,marital-status,Married-civ-spouse,
1869,missing_values,capital-loss,0.0,
3742,missing_values,education-num,7.0,
2437,missing_values,education-num,13.0,
3034,missing_values,fnlwgt,330087.0,
1273,missing_values,sex,Female,
1745,missing_values,fnlwgt,115803.0,
3536,missing_values,sex,Male,
665,missing_values,age,23.0,
4705,missing_values,education,Bachelors,
3227,missing_values,education-num,11.0,
1874,missing_values,race,White,
874,missing_values,education,HS-grad,
4787,missing_values,race,White,
4322,missing_values,marital-status,Married-civ-spouse,
2128,missing_values,sex,Male,
467,missing_values,capital-gain,0.0,
5797,missing_values,relationship,Husband,
5354,missing_values,capital-gain,0.0,
3553,missing_values,age,59.0,
5701,missing_values,education,7th-8th,
2675,missing_values,native-country,United-States,
3279,missing_values,marital-status,Married-civ-spouse,
5410,missing_values,fnlwgt,113555.0,
1463,missing_values,workclass,Private,
1497,missing_values,education,Masters,
1714,missing_values,marital-status,Married-civ-spouse,
5037,missing_values,sex,Female,
5860,missing_values,education-num,13.0,
4551,missing_values,sex,Female,
5280,missing_values,relationship,Unmarried,
958,missing_values,marital-status,Separated,
2696,missing_values,workclass,Private,
3646,missing_values,age,35.0,
5928,missing_values,native-country,United-States,
5025,missing_values,sex,Male,
1652,missing_values,hours-per-week,70.0,
5911,missing_values,sex,Male,
2909,missing_values,education-num,7.0,
5002,missing_values,capital-gain,0.0,
4048,missing_values,hours-per-week,40.0,
3476,missing_values,age,43.0,
1358,missing_values,capital-loss,0.0,
3352,missing_values,relationship,Unmarried,
523,missing_values,marital-status,Married-civ-spouse,
1423,missing_values,education,HS-grad,
2800,missing_values,sex,Female,
3652,missing_values,capital-gain,0.0,
4159,missing_values,native-country,Mexico,
651,missing_values,race,White,
904,missing_values,occupation,Prof-specialty,
184,missing_values,education,HS-grad,
4809,missing_values,hours-per-week,52.0,
1109,missing_values,education-num,13.0,
5495,missing_values,education,Masters,
54,missing_values,relationship,Not-in-family,
529,missing_values,workclass,Private,
5412,missing_values,race,White,
121,missing_values,workclass,Private,
814,missing_values,fnlwgt,193815.0,
1879,missing_values,education-num,13.0,
279,missing_values,workclass,Private,
3555,missing_values,hours-per-week,40.0,
886,missing_values,education-num,9.0,
1127,missing_values,education-num,13.0,
4192,missing_values,age,65.0,
5090,missing_values,age,61.0,
2714,missing_values,race,White,
2914,missing_values,native-country,United-States,
286,missing_values,fnlwgt,219155.0,
2843,missing_values,relationship,Not-in-family,
5481,missing_values,race,White,
1454,missing_values,relationship,Not-in-family,
1948,missing_values,sex,Male,
4383,missing_values,education-num,9.0,
1344,missing_values,hours-per-week,65.0,
1964,missing_values,fnlwgt,184016.0,
4025,missing_values,hours-per-week,60.0,
5086,missing_values,sex,Female,
2827,missing_values,relationship,Not-in-family,
5386,missing_values,sex,Male,
1428,missing_values,capital-loss,0.0,
3520,missing_values,race,Black,
1900,missing_values,education-num,15.0,
1349,missing_values,relationship,Unmarried,
1534,missing_values,fnlwgt,202559.0,
3121,missing_values,sex,Male,
4957,missing_values,fnlwgt,157980.0,
2753,missing_values,marital-status,Married-civ-spouse,
4600,missing_values,age,35.0,
3248,missing_values,age,25.0,
2541,missing_values,hours-per-week,8.0,
2417,missing_values,age,27.0,
1963,missing_values,age,25.0,
172,missing_values,marital-status,Married-civ-spouse,
2884,missing_values,hours-per-week,29.0,
1619,missing_values,capital-gain,0.0,
2994,missing_values,native-country,United-States,
654,missing_values,capital-gain,0.0,
7,missing_values,education,HS-grad,
958,missing_values,fnlwgt,46366.0,
5085,missing_values,workclass,Private,
2444,missing_values,sex,Male,
660,missing_values,relationship,Husband,
5938,missing_values,native-country,United-States,
9,missing_values,capital-loss,0.0,
892,missing_values,hours-per-week,15.0,
2455,missing_values,sex,Female,
1358,missing_values,native-country,United-States,
2323,missing_values,fnlwgt,354591.0,
2891,missing_values,marital-status,Divorced,
1780,missing_values,race,Black,
5759,missing_values,native-country,United-States,
1220,missing_values,education-num,13.0,
2648,missing_values,marital-status,Married-civ-spouse,
4115,missing_values,capital-gain,0.0,
5292,missing_values,occupation,Other-service,
356,missing_values,capital-loss,0.0,
4583,missing_values,race,White,
2266,missing_values,capital-gain,99999.0,
3746,missing_values,capital-loss,0.0,
657,missing_values,hours-per-week,40.0,
5022,missing_values,capital-loss,0.0,
300,missing_values,occupation,Exec-managerial,
280,missing_values,workclass,Private,
1842,missing_values,capital-loss,0.0,
4658,missing_values,relationship,Not-in-family,
3042,missing_values,capital-gain,0.0,
1555,missing_values,race,White,
2683,missing_values,education-num,7.0,
5805,missing_values,fnlwgt,125236.0,
386,missing_values,marital-status,Divorced,
3373,missing_values,occupation,Craft-repair,
1450,missing_values,hours-per-week,35.0,
302,missing_values,fnlwgt,111483.0,
242,missing_values,education,Some-college,
1731,missing_values,occupation,Prof-specialty,
607,missing_values,education-num,4.0,
4359,missing_values,age,39.0,
5659,missing_values,occupation,Tech-support,
5531,missing_values,education,HS-grad,
211,missing_values,education-num,9.0,
823,missing_values,race,Black,
2553,missing_values,fnlwgt,89413.0,
5511,missing_values,sex,Female,
3023,missing_values,race,Asian-Pac-Islander,
4597,missing_values,workclass,Self-emp-not-inc,
5633,missing_values,hours-per-week,45.0,
1880,missing_values,native-country,United-States,
3850,missing_values,relationship,Not-in-family,
2519,missing_values,age,49.0,
600,missing_values,hours-per-week,40.0,
1883,missing_values,native-country,United-States,
3315,missing_values,occupation,Adm-clerical,
1009,missing_values,sex,Male,
1092,missing_values,fnlwgt,237865.0,
2773,missing_values,race,White,
4645,missing_values,fnlwgt,118793.0,
1574,missing_values,capital-loss,0.0,
5323,missing_values,education-num,9.0,
3961,missing_values,fnlwgt,115244.0,
4804,missing_values,hours-per-week,50.0,
1507,missing_values,native-country,United-States,
3979,missing_values,age,30.0,
5917,missing_values,occupation,Other-service,
5867,missing_values,education,Bachelors,
5603,missing_values,education,HS-grad,
2809,missing_values,education,Bachelors,
5078,missing_values,race,Black,
2585,missing_values,native-country,United-States,
3745,missing_values,education,HS-grad,
4623,missing_values,capital-gain,0.0,
3451,missing_values,age,37.0,
4671,missing_values,hours-per-week,40.0,
1478,missing_values,education-num,13.0,
3312,missing_values,education-num,10.0,
357,missing_values,sex,Female,
1670,missing_values,native-country,United-States,
9,missing_values,age,48.0,
5158,missing_values,age,26.0,
2047,missing_values,education,Bachelors,
917,missing_values,age,35.0,
1046,missing_values,relationship,Not-in-family,
1902,missing_values,race,Black,
1768,missing_values,fnlwgt,192485.0,
1424,missing_values,workclass,Self-emp-not-inc,
5042,missing_values,education,HS-grad,
1766,missing_values,marital-status,Never-married,
147,missing_values,relationship,Own-child,
3855,missing_values,occupation,Sales,
3657,missing_values,relationship,Husband,
3485,missing_values,race,White,
1272,missing_values,education-num,6.0,
4380,missing_values,age,32.0,
5806,missing_values,workclass,Federal-gov,
3124,missing_values,race,White,
1805,missing_values,sex,Male,
5364,missing_values,fnlwgt,127610.0,
5256,missing_values,hours-per-week,50.0,
1919,missing_values,capital-loss,0.0,
3307,missing_values,education-num,13.0,
1387,missing_values,education-num,9.0,
2279,missing_values,capital-gain,0.0,
5293,missing_values,marital-status,Divorced,
2046,missing_values,age,22.0,
1679,missing_values,fnlwgt,346122.0,
5786,missing_values,marital-status,Married-civ-spouse,
3191,missing_values,hours-per-week,40.0,
2969,missing_values,fnlwgt,216540.0,
4437,missing_values,capital-loss,0.0,
5679,missing_values,marital-status,Married-civ-spouse,
5661,missing_values,age,36.0,
5237,missing_values,education,11th,
2481,missing_values,age,51.0,
2654,missing_values,fnlwgt,283174.0,
2026,missing_values,workclass,Private,
5198,missing_values,workclass,Private,
3745,missing_values,fnlwgt,134756.0,
5684,missing_values,capital-gain,0.0,
2675,missing_values,marital-status,Never-married,
1781,missing_values,marital-status,Never-married,
104,missing_values,education-num,6.0,
3274,missing_values,capital-loss,0.0,
1192,missing_values,fnlwgt,137367.0,
2071,missing_values,workclass,Private,
396,missing_values,occupation,Adm-clerical,
486,missing_values,relationship,Husband,
2156,missing_values,capital-loss,0.0,
608,missing_values,workclass,Private,
793,missing_values,fnlwgt,249787.0,
2031,missing_values,workclass,Private,
2933,missing_values,marital-status,Married-civ-spouse,
1295,missing_values,capital-gain,99999.0,
5403,missing_values,education-num,9.0,
2926,missing_values,native-country,United-States,
2316,missing_values,education-num,10.0,
355,missing_values,native-country,United-States,
3513,missing_values,hours-per-week,25.0,
4337,missing_values,occupation,Other-service,
4137,missing_values,capital-loss,0.0,
5051,missing_values,capital-gain,0.0,
5889,missing_values,race,Black,
1102,missing_values,education,11th,
3394,missing_values,workclass,Local-gov,
704,missing_values,race,White,
807,missing_values,capital-loss,0.0,
3153,missing_values,hours-per-week,38.0,
2408,missing_values,race,White,
4577,missing_values,race,White,
1749,missing_values,hours-per-week,42.0,
3768,missing_values,relationship,Husband,
5897,missing_values,education,HS-grad,
3150,missing_values,race,White,
4767,missing_values,sex,Male,
2508,missing_values,hours-per-week,40.0,
4237,missing_values,race,White,
2656,missing_values,education-num,9.0,
2019,missing_values,workclass,Self-emp-not-inc,
3986,missing_values,age,46.0,
500,missing_values,capital-loss,0.0,
4011,missing_values,race,White,
1107,missing_values,capital-loss,0.0,
5116,missing_values,workclass,Self-emp-not-inc,
5235,missing_values,relationship,Not-in-family,
3246,missing_values,workclass,Federal-gov,
1623,missing_values,age,34.0,
676,missing_values,relationship,Husband,
2344,missing_values,education,Bachelors,
2651,missing_values,relationship,Husband,
3486,missing_values,marital-status,Never-married,
4191,missing_values,workclass,Private,
1765,missing_values,race,White,
5330,missing_values,occupation,Other-service,
5040,missing_values,age,55.0,
4604,missing_values,race,White,
2055,missing_values,race,White,
3096,missing_values,workclass,Federal-gov,
5036,missing_values,native-country,United-States,
2451,missing_values,education,HS-grad,
1403,missing_values,capital-gain,0.0,
1504,missing_values,fnlwgt,257337.0,
5919,missing_values,fnlwgt,110110.0,
3606,missing_values,capital-loss,0.0,
5290,missing_values,occupation,Exec-managerial,
4133,missing_values,capital-loss,0.0,
2370,missing_values,capital-loss,2415.0,
4487,missing_values,education-num,4.0,
174,missing_values,hours-per-week,50.0,
3134,missing_values,occupation,Tech-support,
4000,missing_values,native-country,United-States,
1553,missing_values,relationship,Wife,
3040,missing_values,fnlwgt,117860.0,
5622,missing_values,education-num,7.0,
26,missing_values,race,White,
2621,missing_values,relationship,Not-in-family,
5069,missing_values,race,White,
1380,missing_values,marital-status,Married-civ-spouse,
3674,missing_values,workclass,Private,
602,missing_values,age,43.0,
1385,missing_values,sex,Male,
5363,missing_values,relationship,Not-in-family,
289,missing_values,education-num,10.0,
2255,missing_values,hours-per-week,40.0,
4731,missing_values,capital-loss,0.0,
2324,missing_values,race,White,
4368,missing_values,native-country,United-States,
4371,missing_values,relationship,Own-child,
5113,missing_values,sex,Male,
48,missing_values,age,42.0,
4571,missing_values,capital-gain,0.0,
3882,missing_values,education,Some-college,
4214,missing_values,race,White,
4506,missing_values,capital-gain,0.0,
3990,missing_values,occupation,Adm-clerical,
5504,missing_values,capital-gain,15024.0,
645,missing_values,capital-gain,0.0,
2180,missing_values,marital-status,Never-married,
287,missing_values,capital-gain,0.0,
5632,missing_values,race,White,
2202,missing_values,occupation,Prof-specialty,
325,missing_values,education-num,9.0,
218,missing_values,occupation,Prof-specialty,
1408,missing_values,capital-gain,0.0,
4861,missing_values,education-num,15.0,
2626,missing_values,capital-gain,0.0,
5464,missing_values,hours-per-week,40.0,
1572,missing_values,race,White,
4740,missing_values,education,Some-college,
3193,missing_values,hours-per-week,40.0,
3282,missing_values,hours-per-week,50.0,
1311,missing_values,sex,Female,
501,missing_values,education-num,12.0,
3840,missing_values,capital-loss,0.0,
4691,missing_values,age,50.0,
437,missing_values,relationship,Husband,
2432,missing_values,sex,Female,
1429,missing_values,hours-per-week,45.0,
5780,missing_values,education,HS-grad,
1922,missing_values,relationship,Not-in-family,
2748,missing_values,marital-status,Never-married,
5082,missing_values,occupation,Handlers-cleaners,
5825,missing_values,race,Black,
5172,missing_values,education,1st-4th,
2894,missing_values,capital-gain,0.0,
5694,missing_values,workclass,Self-emp-not-inc,
4595,missing_values,fnlwgt,375482.0,
3004,missing_values,age,42.0,
242,missing_values,age,31.0,
1760,missing_values,education-num,10.0,
732,missing_values,education,HS-grad,
27,missing_values,hours-per-week,45.0,
2048,missing_values,marital-status,Divorced,
3765,missing_values,hours-per-week,40.0,
4433,missing_values,capital-loss,0.0,
5736,missing_values,capital-gain,0.0,
4338,missing_values,age,48.0,
4856,missing_values,sex,Male,
1704,missing_values,age,47.0,
910,missing_values,relationship,Own-child,
5821,missing_values,fnlwgt,721712.0,
634,missing_values,workclass,Private,
5734,missing_values,age,48.0,
2464,missing_values,race,White,
3867,missing_values,occupation,Protective-serv,
5685,missing_values,fnlwgt,97136.0,
3270,missing_values,marital-status,Divorced,
3841,missing_values,marital-status,Married-civ-spouse,
2602,missing_values,fnlwgt,85632.0,
4784,missing_values,hours-per-week,40.0,
5926,missing_values,education,HS-grad,
2998,missing_values,sex,Male,
674,missing_values,capital-gain,0.0,
438,missing_values,race,Black,
5125,missing_values,sex,Male,
2724,missing_values,relationship,Not-in-family,
4624,missing_values,marital-status,Married-civ-spouse,
3686,missing_values,education-num,10.0,
5696,missing_values,workclass,Local-gov,
1683,missing_values,capital-loss,0.0,
4262,missing_values,age,54.0,
3046,missing_values,workclass,Private,
5342,missing_values,education,Masters,
3849,missing_values,education-num,9.0,
4503,missing_values,fnlwgt,174564.0,
5824,missing_values,age,31.0,
2824,missing_values,workclass,Private,
5198,missing_values,capital-gain,0.0,
3669,missing_values,age,47.0,
4747,missing_values,hours-per-week,50.0,
5806,missing_values,hours-per-week,40.0,
4219,missing_values,native-country,United-States,
3748,missing_values,relationship,Husband,
3110,missing_values,workclass,Self-emp-not-inc,
4158,missing_values,education-num,10.0,
1007,missing_values,fnlwgt,344278.0,
1644,missing_values,occupation,Sales,
2457,missing_values,capital-loss,0.0,
43,missing_values,education,Masters,
3351,missing_values,age,43.0,
3540,missing_values,workclass,State-gov,
842,missing_values,marital-status,Married-civ-spouse,
1819,missing_values,fnlwgt,248344.0,
2486,missing_values,age,45.0,
2651,missing_values,marital-status,Married-civ-spouse,
4086,missing_values,occupation,Craft-repair,
5486,missing_values,relationship,Wife,
3596,missing_values,relationship,Not-in-family,
146,missing_values,capital-loss,0.0,
1533,missing_values,fnlwgt,105516.0,
1133,missing_values,relationship,Own-child,
5993,missing_values,capital-gain,0.0,
2004,missing_values,sex,Male,
50,missing_values,relationship,Not-in-family,
1050,missing_values,fnlwgt,53835.0,
2316,missing_values,education,Some-college,
3732,missing_values,education,HS-grad,
3721,missing_values,education-num,13.0,
5427,missing_values,marital-status,Never-married,
5905,missing_values,native-country,United-States,
2358,missing_values,workclass,Private,
129,missing_values,capital-loss,0.0,
621,missing_values,workclass,Private,
3058,missing_values,native-country,United-States,
3144,missing_values,education-num,9.0,
5017,missing_values,occupation,Protective-serv,
2951,missing_values,relationship,Own-child,
3449,missing_values,fnlwgt,229732.0,
2015,missing_values,education-num,10.0,
2273,missing_values,relationship,Own-child,
5031,missing_values,marital-status,Separated,
711,missing_values,workclass,Private,
3474,missing_values,education-num,9.0,
1804,missing_values,capital-gain,0.0,
5382,missing_values,marital-status,Married-civ-spouse,
2549,missing_values,capital-gain,0.0,
2987,missing_values,education,Bachelors,
2188,missing_values,capital-loss,0.0,
5042,missing_values,fnlwgt,599057.0,
4078,missing_values,occupation,Exec-managerial,
4548,missing_values,capital-loss,0.0,
3144,missing_values,race,White,
2855,missing_values,native-country,United-States,
1959,missing_values,race,White,
4997,missing_values,hours-per-week,40.0,
5512,missing_values,marital-status,Married-civ-spouse,
2003,missing_values,fnlwgt,328199.0,
5215,missing_values,marital-status,Never-married,
5956,missing_values,capital-gain,27828.0,
4401,missing_values,relationship,Husband,
2169,missing_values,hours-per-week,50.0,
4290,missing_values,hours-per-week,40.0,
343,missing_values,native-country,United-States,
3633,missing_values,education,Bachelors,
4515,missing_values,sex,Female,
4702,missing_values,marital-status,Never-married,
3967,missing_values,workclass,Local-gov,
2408,missing_values,age,30.0,
3842,missing_values,relationship,Own-child,
3292,missing_values,education,Some-college,
3774,missing_values,fnlwgt,29874.0,
5056,missing_values,age,31.0,
4993,missing_values,capital-gain,0.0,
5938,missing_values,age,46.0,
1442,missing_values,occupation,Tech-support,
1591,missing_values,sex,Female,
497,missing_values,native-country,United-States,
82,missing_values,education-num,13.0,
2920,missing_values,education-num,9.0,
4281,missing_values,sex,Female,
3471,missing_values,hours-per-week,32.0,
5894,missing_values,education-num,10.0,
2902,missing_values,fnlwgt,192793.0,
1150,missing_values,capital-loss,1579.0,
1729,missing_values,workclass,Private,
1140,missing_values,workclass,Self-emp-inc,
1378,missing_values,race,Black,
3742,missing_values,occupation,Transport-moving,
264,missing_values,marital-status,Married-civ-spouse,
5569,missing_values,hours-per-week,40.0,
5370,missing_values,hours-per-week,43.0,
1445,missing_values,education,Bachelors,
1071,missing_values,education,HS-grad,
1813,missing_values,hours-per-week,40.0,
892,missing_values,fnlwgt,138892.0,
5441,missing_values,education,11th,
2779,missing_values,age,26.0,
2840,missing_values,race,Black,
2568,missing_values,race,White,
244,missing_values,workclass,Private,
4472,missing_values,capital-loss,0.0,
4947,missing_values,education-num,15.0,
474,missing_values,age,49.0,
1945,missing_values,hours-per-week,32.0,
2324,missing_values,capital-loss,0.0,
4991,missing_values,native-country,United-States,
2654,missing_values,relationship,Husband,
2978,missing_values,education,HS-grad,
838,missing_values,relationship,Husband,
3855,missing_values,workclass,Private,
5865,missing_values,age,32.0,
4747,missing_values,race,White,
4969,missing_values,marital-status,Never-married,
1187,missing_values,marital-status,Married-civ-spouse,
3292,missing_values,capital-loss,0.0,
5674,missing_values,age,17.0,
5858,missing_values,marital-status,Married-civ-spouse,
5451,missing_values,fnlwgt,163921.0,
4953,missing_values,marital-status,Married-civ-spouse,
2474,missing_values,education-num,13.0,
982,missing_values,sex,Male,
4214,missing_values,education-num,9.0,
969,missing_values,native-country,United-States,
2764,missing_values,relationship,Own-child,
3110,missing_values,education,11th,
4481,missing_values,education,HS-grad,
1238,missing_values,education-num,9.0,
3998,missing_values,fnlwgt,95680.0,
63,missing_values,relationship,Unmarried,
1976,missing_values,education-num,13.0,
3796,missing_values,occupation,Exec-managerial,
5483,missing_values,marital-status,Married-civ-spouse,
2297,missing_values,relationship,Other-relative,
4461,missing_values,education,Some-college,
4178,missing_values,hours-per-week,40.0,
853,missing_values,marital-status,Married-civ-spouse,
4073,missing_values,hours-per-week,40.0,
4565,missing_values,education,HS-grad,
1842,missing_values,education,HS-grad,
2514,missing_values,capital-gain,0.0,
4574,missing_values,education-num,9.0,
2663,missing_values,relationship,Not-in-family,
5897,missing_values,capital-gain,0.0,
453,missing_values,hours-per-week,50.0,
5678,missing_values,occupation,Exec-managerial,
2972,missing_values,capital-gain,7298.0,
2162,missing_values,workclass,Private,
3011,missing_values,capital-gain,0.0,
709,missing_values,age,67.0,
3960,missing_values,sex,Male,
3560,missing_values,workclass,Private,
1418,missing_values,race,White,
910,missing_values,fnlwgt,379412.0,
4202,missing_values,fnlwgt,215382.0,
2205,missing_values,capital-loss,0.0,
2460,missing_values,education-num,9.0,
5075,missing_values,race,White,
4184,missing_values,relationship,Not-in-family,
4901,missing_values,sex,Female,
2587,missing_values,sex,Male,
87,missing_values,age,68.0,
5349,missing_values,hours-per-week,40.0,
4401,missing_values,education,Masters,
394,missing_values,education-num,10.0,
1860,missing_values,fnlwgt,287833.0,
4330,missing_values,capital-loss,0.0,
1025,missing_values,education,Masters,
2889,missing_values,occupation,Handlers-cleaners,
1980,missing_values,education,Bachelors,
3350,missing_values,education,Bachelors,
1663,missing_values,workclass,Private,
460,missing_values,fnlwgt,326903.0,
329,missing_values,education-num,9.0,
4871,missing_values,fnlwgt,185369.0,
5992,missing_values,capital-loss,0.0,
5147,missing_values,capital-gain,4064.0,
427,missing_values,workclass,Local-gov,
331,missing_values,race,White,
686,missing_values,sex,Female,
246,missing_values,native-country,United-States,
2928,missing_values,native-country,United-States,
2275,missing_values,sex,Male,
5997,missing_values,education-num,10.0,
3078,missing_values,workclass,Self-emp-not-inc,
1863,missing_values,native-country,United-States,
5977,missing_values,relationship,Not-in-family,
4741,missing_values,occupation,Craft-repair,
1593,missing_values,fnlwgt,178341.0,
3084,missing_values,fnlwgt,190910.0,
4347,missing_values,relationship,Unmarried,
2985,missing_values,race,White,
5040,missing_values,education,Some-college,
5460,missing_values,education,12th,
760,missing_values,marital-status,Never-married,
5254,missing_values,hours-per-week,35.0,
3309,missing_values,native-country,United-States,
4367,missing_values,relationship,Husband,
4792,missing_values,age,63.0,
3039,missing_values,capital-loss,0.0,
5702,missing_values,age,47.0,
2138,missing_values,education,HS-grad,
3120,missing_values,capital-loss,0.0,
3711,missing_values,race,White,
3140,missing_values,marital-status,Married-civ-spouse,
2557,missing_values,hours-per-week,40.0,
1167,missing_values,hours-per-week,20.0,
3255,missing_values,native-country,United-States,
2031,missing_values,native-country,United-States,
4668,missing_values,native-country,United-States,
1460,missing_values,education-num,5.0,
1874,missing_values,native-country,United-States,
3656,missing_values,occupation,Tech-support,
3868,missing_values,sex,Female,
3481,missing_values,race,White,
3842,missing_values,fnlwgt,142457.0,
3243,missing_values,capital-loss,0.0,
4162,missing_values,capital-loss,0.0,
3497,missing_values,age,56.0,
3355,missing_values,age,20.0,
2080,missing_values,sex,Female,
3394,missing_values,capital-loss,0.0,
564,missing_values,capital-loss,1977.0,
1337,missing_values,capital-loss,0.0,
877,missing_values,education,Some-college,
2811,missing_values,capital-loss,0.0,
2830,missing_values,relationship,Other-relative,
2481,missing_values,marital-status,Married-civ-spouse,
1771,missing_values,education-num,13.0,
213,missing_values,hours-per-week,50.0,
5459,missing_values,workclass,Private,
1880,missing_values,education-num,10.0,
3567,missing_values,native-country,England,
3489,missing_values,education-num,14.0,
5629,missing_values,relationship,Husband,
1290,missing_values,capital-loss,0.0,
4982,missing_values,native-country,United-States,
2424,missing_values,race,White,
910,missing_values,workclass,Private,
2442,missing_values,sex,Female,
5762,missing_values,education-num,9.0,
3764,missing_values,marital-status,Never-married,
2377,missing_values,education-num,13.0,
3624,missing_values,education,HS-grad,
4659,missing_values,native-country,United-States,
2538,missing_values,education-num,11.0,
3646,missing_values,marital-status,Separated,
1807,missing_values,relationship,Husband,
554,missing_values,workclass,Local-gov,
1649,missing_values,race,White,
5622,missing_values,hours-per-week,40.0,
795,missing_values,occupation,Adm-clerical,
5774,missing_values,sex,Male,
707,missing_values,education,HS-grad,
767,missing_values,education-num,9.0,
2813,missing_values,workclass,Private,
5420,missing_values,capital-loss,0.0,
2397,missing_values,age,35.0,
4098,missing_values,hours-per-week,40.0,
3016,missing_values,age,58.0,
2739,missing_values,age,46.0,
880,missing_values,sex,Male,
936,missing_values,native-country,United-States,
5580,missing_values,capital-gain,0.0,
2626,missing_values,relationship,Husband,
3852,missing_values,workclass,Self-emp-not-inc,
1527,missing_values,capital-loss,0.0,
4152,missing_values,workclass,Private,
3189,missing_values,race,White,
3429,missing_values,capital-gain,0.0,
2482,missing_values,occupation,Other-service,
1788,missing_values,workclass,Self-emp-not-inc,
3211,missing_values,capital-gain,0.0,
5613,missing_values,race,White,
1473,missing_values,education-num,10.0,
861,missing_values,fnlwgt,186350.0,
2649,missing_values,capital-loss,0.0,
3396,missing_values,capital-loss,0.0,
5178,missing_values,capital-loss,0.0,
3776,missing_values,sex,Female,
1510,missing_values,fnlwgt,43348.0,
4653,missing_values,workclass,Private,
3222,missing_values,relationship,Husband,
2721,missing_values,marital-status,Married-civ-spouse,
3513,missing_values,workclass,Private,
5816,missing_values,education,Bachelors,
2233,missing_values,capital-gain,0.0,
1089,missing_values,education,Some-college,
4571,missing_values,occupation,Priv-house-serv,
544,missing_values,marital-status,Married-spouse-absent,
2202,missing_values,hours-per-week,40.0,
1027,missing_values,relationship,Husband,
2442,missing_values,capital-gain,0.0,
4211,missing_values,race,Black,
2723,missing_values,native-country,United-States,
5247,missing_values,capital-loss,0.0,
1300,missing_values,sex,Female,
251,missing_values,marital-status,Married-AF-spouse,
25,missing_values,native-country,United-States,
3658,missing_values,education,Some-college,
416,missing_values,sex,Male,
323,missing_values,relationship,Husband,
3023,missing_values,education,Masters,
3630,missing_values,fnlwgt,223730.0,
4448,missing_values,sex,Male,
5818,missing_values,sex,Female,
3102,missing_values,age,22.0,
4214,missing_values,education,HS-grad,
593,missing_values,relationship,Not-in-family,
1607,missing_values,marital-status,Never-married,
93,missing_values,occupation,Other-service,
1146,missing_values,age,52.0,
314,missing_values,capital-loss,0.0,
4361,missing_values,education-num,10.0,
4828,missing_values,race,White,
921,missing_values,occupation,Sales,
2664,missing_values,marital-status,Divorced,
5053,missing_values,education,Some-college,
510,missing_values,capital-gain,0.0,
3740,missing_values,relationship,Husband,
3255,missing_values,education,Some-college,
4424,missing_values,occupation,Other-service,
3205,missing_values,education,HS-grad,
2995,missing_values,sex,Female,
4140,missing_values,sex,Female,
741,missing_values,capital-gain,0.0,
675,missing_values,education-num,10.0,
1198,missing_values,workclass,Private,
2708,missing_values,capital-loss,0.0,
238,missing_values,marital-status,Never-married,
2651,missing_values,race,White,
4975,missing_values,native-country,United-States,
4868,missing_values,workclass,Private,
4145,missing_values,race,White,
5024,missing_values,relationship,Husband,
4585,missing_values,age,48.0,
713,missing_values,native-country,United-States,
5509,missing_values,sex,Female,
5749,missing_values,sex,Female,
4756,missing_values,race,White,
3973,missing_values,capital-gain,0.0,
339,missing_values,hours-per-week,40.0,
1454,missing_values,education-num,9.0,
5993,missing_values,marital-status,Divorced,
1709,missing_values,education,HS-grad,
1416,missing_values,capital-gain,0.0,
5720,missing_values,relationship,Unmarried,
4760,missing_values,fnlwgt,192656.0,
5820,missing_values,capital-gain,0.0,
3598,missing_values,capital-loss,0.0,
4870,missing_values,education,Some-college,
306,missing_values,capital-loss,0.0,
928,missing_values,relationship,Own-child,
32,missing_values,education,HS-grad,
32,missing_values,relationship,Own-child,
214,missing_values,capital-loss,0.0,
5401,missing_values,hours-per-week,40.0,
3898,missing_values,fnlwgt,56774.0,
1716,missing_values,workclass,Private,
5409,missing_values,education,Some-college,
86,missing_values,relationship,Husband,
1177,missing_values,marital-status,Never-married,
4801,missing_values,capital-loss,0.0,
4614,missing_values,education,HS-grad,
5075,missing_values,fnlwgt,189017.0,
849,missing_values,race,Black,
2692,missing_values,capital-loss,0.0,
1430,missing_values,sex,Male,
1460,missing_values,hours-per-week,35.0,
172,missing_values,education,5th-6th,
5129,missing_values,race,White,
5329,missing_values,fnlwgt,246463.0,
4044,missing_values,fnlwgt,218343.0,
537,missing_values,education-num,6.0,
3703,missing_values,fnlwgt,128363.0,
3862,missing_values,relationship,Not-in-family,
811,missing_values,workclass,Private,
3955,missing_values,age,35.0,
142,missing_values,marital-status,Divorced,
5936,missing_values,fnlwgt,101656.0,
3955,missing_values,race,White,
632,missing_values,education-num,13.0,
256,missing_values,capital-loss,0.0,
4972,missing_values,sex,Male,
4622,missing_values,sex,Male,
1686,missing_values,native-country,United-States,
4067,missing_values,education,Bachelors,
5224,missing_values,education,HS-grad,
262,missing_values,occupation,Adm-clerical,
5924,missing_values,race,White,
2322,missing_values,native-country,Mexico,
657,missing_values,fnlwgt,108386.0,
3238,missing_values,age,38.0,
4642,missing_values,capital-loss,0.0,
4386,missing_values,native-country,United-States,
5457,missing_values,native-country,United-States,
3063,missing_values,capital-loss,0.0,
5981,missing_values,education,HS-grad,
71,missing_values,hours-per-week,40.0,
2628,missing_values,race,White,
1874,missing_values,marital-status,Divorced,
2725,missing_values,fnlwgt,347321.0,
5754,missing_values,capital-loss,0.0,
1755,missing_values,marital-status,Married-civ-spouse,
2563,missing_values,education-num,9.0,
4905,missing_values,sex,Female,
4294,missing_values,race,White,
2700,missing_values,education,HS-grad,
568,missing_values,sex,Male,
73,missing_values,workclass,Private,
3236,missing_values,marital-status,Married-civ-spouse,
4078,missing_values,age,46.0,
192,missing_values,occupation,Prof-specialty,
3496,missing_values,relationship,Husband,
2842,missing_values,education,Some-college,
724,missing_values,sex,Female,
729,missing_values,race,White,
3786,missing_values,hours-per-week,35.0,
5218,missing_values,sex,Female,
5055,missing_values,hours-per-week,40.0,
1610,missing_values,capital-gain,0.0,
704,missing_values,education-num,9.0,
2519,missing_values,education-num,10.0,
5654,missing_values,relationship,Not-in-family,
5031,missing_values,education,HS-grad,
4266,missing_values,native-country,Dominican-Republic,
29,missing_values,workclass,Private,
5865,missing_values,occupation,Adm-clerical,
3875,missing_values,sex,Male,
2237,missing_values,occupation,Craft-repair,
831,missing_values,hours-per-week,40.0,
2849,missing_values,native-country,United-States,
3642,missing_values,relationship,Not-in-family,
4639,missing_values,fnlwgt,55938.0,
2145,missing_values,age,29.0,
5565,missing_values,capital-loss,0.0,
5642,missing_values,capital-gain,0.0,
3287,missing_values,hours-per-week,70.0,
1046,missing_values,occupation,Craft-repair,
4338,missing_values,relationship,Husband,
760,missing_values,race,White,
2279,missing_values,fnlwgt,227531.0,
4385,missing_values,workclass,Private,
2603,missing_values,capital-loss,0.0,
3300,missing_values,fnlwgt,107231.0,
5566,missing_values,marital-status,Married-civ-spouse,
512,missing_values,hours-per-week,40.0,
878,missing_values,capital-gain,0.0,
5716,missing_values,education-num,10.0,
937,missing_values,education,Masters,
1861,missing_values,marital-status,Divorced,
1869,missing_values,hours-per-week,40.0,
3164,missing_values,capital-loss,0.0,
2165,missing_values,capital-gain,0.0,
4729,missing_values,workclass,Self-emp-not-inc,
1608,missing_values,capital-loss,0.0,
3773,missing_values,education-num,14.0,
4534,missing_values,capital-loss,0.0,
4859,missing_values,occupation,Sales,
5342,missing_values,capital-gain,0.0,
4390,missing_values,occupation,Transport-moving,
1984,missing_values,education,Assoc-acdm,
4344,missing_values,capital-loss,0.0,
3992,missing_values,fnlwgt,176795.0,
1238,missing_values,sex,Male,
4605,missing_values,marital-status,Never-married,
5481,missing_values,relationship,Own-child,
2489,missing_values,capital-loss,1628.0,
4334,missing_values,hours-per-week,30.0,
3912,missing_values,hours-per-week,45.0,
2903,missing_values,capital-gain,0.0,
521,missing_values,sex,Male,
4289,missing_values,native-country,Philippines,
696,missing_values,relationship,Own-child,
4675,missing_values,workclass,Private,
712,missing_values,education,HS-grad,
5026,missing_values,sex,Male,
5539,missing_values,occupation,Exec-managerial,
827,missing_values,sex,Male,
3566,missing_values,capital-gain,0.0,
1402,missing_values,fnlwgt,45796.0,
2927,missing_values,sex,Female,
3079,missing_values,capital-gain,3103.0,
4754,missing_values,sex,Male,
5473,missing_values,capital-gain,0.0,
4544,missing_values,race,White,
4329,missing_values,occupation,Prof-specialty,
3109,missing_values,education,Some-college,
4041,missing_values,fnlwgt,249039.0,
2772,missing_values,education-num,10.0,
2831,missing_values,relationship,Not-in-family,
3405,missing_values,sex,Male,
46,missing_values,capital-gain,0.0,
3361,missing_values,education,HS-grad,
769,missing_values,relationship,Husband,
1019,missing_values,fnlwgt,191342.0,
997,missing_values,hours-per-week,40.0,
3666,missing_values,workclass,Private,
3097,missing_values,education,Assoc-voc,
565,missing_values,relationship,Other-relative,
298,missing_values,marital-status,Never-married,
3511,missing_values,workclass,Private,
4295,missing_values,education,11th,
1507,missing_values,capital-gain,0.0,
536,missing_values,fnlwgt,169042.0,
5629,missing_values,education-num,13.0,
5542,missing_values,fnlwgt,175878.0,
4731,missing_values,occupation,Other-service,
5930,missing_values,capital-loss,0.0,
4657,missing_values,education,HS-grad,
2649,missing_values,education,HS-grad,
3532,missing_values,native-country,United-States,
2420,missing_values,marital-status,Married-civ-spouse,
4766,missing_values,workclass,Private,
1008,missing_values,workclass,Private,
5706,missing_values,relationship,Husband,
5712,missing_values,hours-per-week,40.0,
817,missing_values,capital-gain,0.0,
4305,missing_values,marital-status,Married-civ-spouse,
5570,missing_values,education,9th,
3114,missing_values,age,46.0,
502,missing_values,hours-per-week,40.0,
3456,missing_values,sex,Female,
4319,missing_values,education-num,9.0,
3701,missing_values,education-num,16.0,
566,missing_values,age,30.0,
3786,missing_values,capital-gain,0.0,
3656,missing_values,capital-loss,0.0,
5669,missing_values,occupation,Adm-clerical,
786,missing_values,education-num,5.0,
5469,missing_values,capital-loss,0.0,
5123,missing_values,education-num,10.0,
2995,missing_values,hours-per-week,25.0,
4135,missing_values,capital-loss,0.0,
3556,missing_values,education-num,9.0,
1204,missing_values,capital-loss,0.0,
209,missing_values,education,Masters,
4374,missing_values,sex,Male,
1051,missing_values,native-country,Germany,
1715,missing_values,marital-status,Separated,
431,missing_values,marital-status,Married-civ-spouse,
3767,missing_values,capital-loss,0.0,
4561,missing_values,capital-loss,0.0,
3171,missing_values,marital-status,Married-civ-spouse,
3292,missing_values,marital-status,Never-married,
4788,missing_values,capital-loss,0.0,
1204,missing_values,capital-gain,0.0,
3885,missing_values,fnlwgt,199240.0,
2912,missing_values,capital-loss,0.0,
5052,missing_values,age,25.0,
5718,missing_values,relationship,Husband,
3187,missing_values,hours-per-week,48.0,
2741,missing_values,capital-gain,0.0,
1955,missing_values,age,29.0,
4586,missing_values,education-num,9.0,
2863,missing_values,marital-status,Divorced,
5085,missing_values,native-country,United-States,
5456,missing_values,workclass,Private,
3994,missing_values,marital-status,Never-married,
5649,missing_values,capital-loss,0.0,
4720,missing_values,marital-status,Never-married,
1767,missing_values,capital-gain,0.0,
1401,missing_values,native-country,United-States,
4083,missing_values,education-num,9.0,
1089,missing_values,fnlwgt,136758.0,
2259,missing_values,race,White,
2583,missing_values,capital-loss,0.0,
1950,missing_values,fnlwgt,87076.0,
4388,missing_values,relationship,Husband,
2181,missing_values,hours-per-week,50.0,
3007,missing_values,sex,Female,
2188,missing_values,race,White,
2014,missing_values,education-num,8.0,
1385,missing_values,age,51.0,
3598,missing_values,workclass,Private,
2482,missing_values,capital-gain,0.0,
983,missing_values,marital-status,Divorced,
2846,missing_values,age,51.0,
2582,missing_values,relationship,Husband,
832,missing_values,occupation,Exec-managerial,
364,missing_values,workclass,Private,
1587,missing_values,age,54.0,
1487,missing_values,capital-loss,0.0,
3809,missing_values,education,HS-grad,
4086,missing_values,hours-per-week,60.0,
2293,missing_values,sex,Female,
4670,missing_values,relationship,Not-in-family,
2756,missing_values,race,White,
4965,missing_values,hours-per-week,40.0,
5108,missing_values,workclass,Self-emp-not-inc,
5759,missing_values,hours-per-week,40.0,
3063,missing_values,age,40.0,
1924,missing_values,relationship,Wife,
3193,missing_values,education,Some-college,
4920,missing_values,sex,Male,
801,missing_values,relationship,Unmarried,
4402,missing_values,occupation,Machine-op-inspct,
4640,missing_values,relationship,Unmarried,
3671,missing_values,education-num,4.0,
3827,missing_values,marital-status,Divorced,
3740,missing_values,workclass,Self-emp-inc,
4643,missing_values,race,White,
3451,missing_values,relationship,Not-in-family,
4778,missing_values,age,37.0,
1910,missing_values,relationship,Not-in-family,
5835,missing_values,native-country,United-States,
1429,missing_values,workclass,Local-gov,
5377,missing_values,capital-loss,0.0,
4770,missing_values,occupation,Sales,
5025,missing_values,native-country,United-States,
4987,missing_values,race,White,
590,missing_values,relationship,Not-in-family,
4107,missing_values,occupation,Handlers-cleaners,
5510,missing_values,marital-status,Married-civ-spouse,
2407,missing_values,sex,Male,
309,missing_values,race,White,
636,missing_values,age,41.0,
4966,missing_values,fnlwgt,84735.0,
556,missing_values,age,43.0,
605,missing_values,capital-loss,0.0,
5324,missing_values,marital-status,Married-civ-spouse,
3120,missing_values,native-country,United-States,
5516,missing_values,capital-loss,0.0,
2226,missing_values,education-num,9.0,
42,missing_values,fnlwgt,113364.0,
293,missing_values,relationship,Husband,
1682,missing_values,workclass,Self-emp-not-inc,
2480,missing_values,race,White,
5654,missing_values,marital-status,Never-married,
3404,missing_values,fnlwgt,193451.0,
3829,missing_values,education-num,13.0,
1486,missing_values,education,Some-college,
1359,missing_values,fnlwgt,163985.0,
1410,missing_values,hours-per-week,45.0,
5298,missing_values,hours-per-week,50.0,
1081,missing_values,sex,Male,
2938,missing_values,sex,Female,
259,missing_values,workclass,Private,
3197,missing_values,race,White,
5072,missing_values,capital-loss,0.0,
4724,missing_values,education-num,9.0,
5215,missing_values,education,Some-college,
4386,missing_values,capital-loss,0.0,
3007,missing_values,fnlwgt,109920.0,
5867,missing_values,race,White,
1895,missing_values,marital-status,Never-married,
4936,missing_values,sex,Male,
2346,missing_values,education-num,10.0,
4787,missing_values,age,20.0,
4057,missing_values,race,White,
3075,missing_values,capital-gain,0.0,
3523,missing_values,capital-gain,3464.0,
2558,missing_values,capital-loss,0.0,
318,missing_values,fnlwgt,353881.0,
4953,missing_values,sex,Male,
1041,missing_values,workclass,Local-gov,
1161,missing_values,marital-status,Never-married,
330,missing_values,education,HS-grad,
4226,missing_values,hours-per-week,50.0,
126,missing_values,workclass,Private,
3220,missing_values,native-country,United-States,
688,missing_values,relationship,Unmarried,
2716,missing_values,relationship,Husband,
915,missing_values,capital-loss,0.0,
3442,missing_values,occupation,Machine-op-inspct,
1697,missing_values,occupation,Sales,
929,missing_values,education,HS-grad,
986,missing_values,hours-per-week,42.0,
3568,missing_values,sex,Male,
5491,missing_values,age,76.0,
5457,missing_values,workclass,Private,
857,missing_values,capital-loss,0.0,
5505,missing_values,occupation,Sales,
1850,missing_values,marital-status,Never-married,
1900,missing_values,marital-status,Married-civ-spouse,
4917,missing_values,fnlwgt,68089.0,
1146,missing_values,race,White,
871,missing_values,race,White,
2133,missing_values,hours-per-week,40.0,
3544,missing_values,relationship,Unmarried,
2834,missing_values,native-country,United-States,
396,missing_values,hours-per-week,40.0,
5257,missing_values,education-num,10.0,
627,missing_values,capital-loss,0.0,
5719,missing_values,sex,Female,
4869,missing_values,occupation,Craft-repair,
5014,missing_values,marital-status,Never-married,
4448,missing_values,capital-loss,0.0,
5931,missing_values,education,Masters,
1411,missing_values,marital-status,Married-civ-spouse,
1602,missing_values,marital-status,Married-civ-spouse,
1478,missing_values,age,41.0,
3166,missing_values,hours-per-week,35.0,
2707,missing_values,age,39.0,
1634,missing_values,race,White,
5173,missing_values,capital-gain,0.0,
5741,missing_values,fnlwgt,95455.0,
3888,missing_values,education,HS-grad,
678,missing_values,education-num,9.0,
2540,missing_values,workclass,Federal-gov,
5525,missing_values,hours-per-week,40.0,
2231,missing_values,capital-loss,1825.0,
709,missing_values,fnlwgt,312052.0,
2460,missing_values,capital-loss,0.0,
1728,missing_values,hours-per-week,40.0,
3597,missing_values,marital-status,Never-married,
4493,missing_values,sex,Male,
5176,missing_values,age,56.0,
5566,missing_values,sex,Male,
3614,missing_values,hours-per-week,70.0,
4564,missing_values,fnlwgt,266497.0,
3166,missing_values,fnlwgt,456736.0,
1993,missing_values,hours-per-week,43.0,
1387,missing_values,capital-gain,0.0,
2762,missing_values,age,17.0,
4753,missing_values,marital-status,Married-civ-spouse,
1494,missing_values,occupation,Sales,
4948,missing_values,workclass,Private,
1717,missing_values,capital-gain,0.0,
651,missing_values,workclass,Private,
3958,missing_values,sex,Male,
106,missing_values,marital-status,Never-married,
5053,missing_values,workclass,Private,
4681,missing_values,native-country,United-States,
3784,missing_values,education-num,14.0,
2788,missing_values,occupation,Transport-moving,
2577,missing_values,hours-per-week,55.0,
4799,missing_values,workclass,State-gov,
4405,missing_values,fnlwgt,133169.0,
5566,missing_values,hours-per-week,65.0,
1082,missing_values,capital-gain,0.0,
3556,missing_values,marital-status,Divorced,
990,missing_values,education-num,8.0,
5765,missing_values,education-num,10.0,
38,missing_values,capital-loss,0.0,
2500,missing_values,capital-loss,0.0,
4468,missing_values,education,10th,
837,missing_values,marital-status,Never-married,
4316,missing_values,fnlwgt,95256.0,
631,missing_values,hours-per-week,60.0,
5017,missing_values,education,Some-college,
3783,missing_values,fnlwgt,86143.0,
884,missing_values,marital-status,Married-civ-spouse,
3313,missing_values,fnlwgt,332355.0,
3562,missing_values,education,Some-college,
148,missing_values,education-num,10.0,
2978,missing_values,hours-per-week,40.0,
5519,missing_values,age,41.0,
5730,missing_values,capital-loss,0.0,
1709,missing_values,occupation,Protective-serv,
3109,missing_values,occupation,Other-service,
5703,missing_values,education,HS-grad,
1872,missing_values,occupation,Machine-op-inspct,
3956,missing_values,workclass,Private,
3034,missing_values,workclass,Private,
2916,missing_values,age,25.0,
789,missing_values,workclass,State-gov,
1796,missing_values,fnlwgt,106698.0,
5808,missing_values,workclass,Private,
2373,missing_values,age,29.0,
482,missing_values,sex,Male,
5536,missing_values,marital-status,Divorced,
3386,missing_values,age,57.0,
738,missing_values,sex,Male,
2589,missing_values,relationship,Own-child,
782,missing_values,education-num,10.0,
4930,missing_values,education,Some-college,
4411,missing_values,fnlwgt,311974.0,
503,missing_values,capital-gain,7688.0,
4270,missing_values,relationship,Husband,
149,missing_values,capital-loss,0.0,
4800,missing_values,education,11th,
5159,missing_values,race,White,
1192,missing_values,race,Asian-Pac-Islander,
2489,missing_values,race,White,
3469,missing_values,workclass,Private,
4574,missing_values,age,29.0,
4144,missing_values,sex,Male,
5537,missing_values,fnlwgt,130812.0,
3022,missing_values,capital-loss,0.0,
1770,missing_values,marital-status,Married-civ-spouse,
727,missing_values,marital-status,Never-married,
5787,missing_values,age,61.0,
4045,missing_values,hours-per-week,40.0,
107,missing_values,education,Bachelors,
787,missing_values,age,62.0,
1667,missing_values,relationship,Husband,
1371,missing_values,fnlwgt,178983.0,
1040,missing_values,relationship,Not-in-family,
83,missing_values,fnlwgt,114160.0,
5579,missing_values,age,56.0,
859,missing_values,fnlwgt,156848.0,
2589,missing_values,race,White,
2989,missing_values,native-country,United-States,
2981,missing_values,occupation,Prof-specialty,
5802,missing_values,native-country,United-States,
1913,missing_values,education-num,3.0,
4642,missing_values,fnlwgt,67240.0,
5959,missing_values,sex,Female,
1853,missing_values,workclass,Private,
1675,missing_values,workclass,Private,
1173,missing_values,age,44.0,
267,missing_values,occupation,Handlers-cleaners,
5222,missing_values,sex,Male,
4299,missing_values,education-num,13.0,
3579,missing_values,occupation,Other-service,
2192,missing_values,native-country,United-States,
1070,missing_values,race,Amer-Indian-Eskimo,
4459,missing_values,race,White,
915,missing_values,occupation,Prof-specialty,
5326,missing_values,capital-gain,0.0,
4963,missing_values,sex,Male,
403,missing_values,native-country,United-States,
733,missing_values,fnlwgt,67804.0,
190,missing_values,race,Other,
1439,missing_values,education,HS-grad,
5660,missing_values,relationship,Husband,
5595,missing_values,marital-status,Divorced,
31,missing_values,sex,Female,
1567,missing_values,sex,Male,
2269,missing_values,sex,Female,
4460,missing_values,race,Black,
4399,missing_values,hours-per-week,65.0,
564,missing_values,education,HS-grad,
5294,missing_values,workclass,Private,
2231,missing_values,native-country,United-States,
5988,missing_values,marital-status,Separated,
3952,missing_values,occupation,Tech-support,
2004,missing_values,race,White,
4611,missing_values,capital-gain,0.0,
132,missing_values,workclass,Private,
1887,missing_values,education-num,9.0,
2804,missing_values,native-country,United-States,
3099,missing_values,race,White,
692,missing_values,hours-per-week,35.0,
5337,missing_values,relationship,Own-child,
1334,missing_values,capital-gain,0.0,
5321,missing_values,capital-gain,0.0,
5052,missing_values,workclass,Private,
4472,missing_values,occupation,Sales,
543,missing_values,education,Bachelors,
5327,missing_values,education-num,14.0,
905,missing_values,marital-status,Married-civ-spouse,
5929,missing_values,workclass,Private,
5791,missing_values,capital-gain,0.0,
2599,missing_values,race,White,
1785,missing_values,education,Bachelors,
268,missing_values,education-num,10.0,
3185,missing_values,race,White,
983,missing_values,relationship,Own-child,
1079,missing_values,capital-gain,0.0,
5593,missing_values,age,26.0,
5923,missing_values,capital-loss,0.0,
1529,missing_values,occupation,Craft-repair,
5410,missing_values,native-country,United-States,
3077,missing_values,capital-gain,0.0,
3715,missing_values,native-country,United-States,
1738,missing_values,marital-status,Married-civ-spouse,
3793,missing_values,relationship,Not-in-family,
5694,missing_values,education-num,9.0,
1211,missing_values,relationship,Wife,
1895,missing_values,fnlwgt,336440.0,
5756,missing_values,fnlwgt,133454.0,
4830,missing_values,fnlwgt,180505.0,
2749,missing_values,education,Bachelors,
4959,missing_values,age,40.0,
1852,missing_values,marital-status,Never-married,
2216,missing_values,capital-gain,0.0,
3267,missing_values,native-country,Mexico,
3316,missing_values,workclass,Private,
844,missing_values,education,Bachelors,
223,missing_values,race,White,
1413,missing_values,education,Bachelors,
1375,missing_values,native-country,United-States,
5828,missing_values,marital-status,Never-married,
5474,missing_values,native-country,United-States,
3673,missing_values,capital-gain,0.0,
643,missing_values,native-country,United-States,
1916,missing_values,capital-gain,0.0,
4594,missing_values,marital-status,Never-married,
5611,missing_values,education,HS-grad,
4345,missing_values,relationship,Own-child,
4365,missing_values,education-num,10.0,
3941,missing_values,sex,Male,
1457,missing_values,capital-gain,0.0,
1681,missing_values,workclass,Private,
710,missing_values,race,White,
4018,missing_values,relationship,Own-child,
3981,missing_values,fnlwgt,364952.0,
649,missing_values,age,48.0,
1887,missing_values,fnlwgt,147654.0,
3312,missing_values,age,41.0,
1806,missing_values,occupation,Adm-clerical,
838,missing_values,occupation,Transport-moving,
3245,missing_values,fnlwgt,183096.0,
5357,missing_values,relationship,Unmarried,
59,missing_values,education,Some-college,
4939,missing_values,native-country,United-States,
2174,missing_values,education,HS-grad,
129,missing_values,fnlwgt,155433.0,
1701,missing_values,education-num,12.0,
2624,missing_values,fnlwgt,188386.0,
5080,missing_values,sex,Male,
3113,missing_values,age,29.0,
3258,missing_values,race,Black,
1982,missing_values,occupation,Exec-managerial,
5702,missing_values,capital-gain,0.0,
1596,missing_values,education-num,13.0,
4828,missing_values,capital-loss,0.0,
2831,missing_values,fnlwgt,256274.0,
3242,missing_values,education-num,9.0,
3418,missing_values,sex,Male,
962,missing_values,capital-loss,0.0,
5607,missing_values,hours-per-week,40.0,
2638,missing_values,age,58.0,
2934,missing_values,education-num,11.0,
4013,missing_values,education,HS-grad,
2910,missing_values,fnlwgt,180917.0,
1649,missing_values,relationship,Husband,
494,missing_values,capital-gain,0.0,
388,missing_values,occupation,Exec-managerial,
4680,missing_values,hours-per-week,20.0,
2793,missing_values,occupation,Adm-clerical,
2884,missing_values,education-num,15.0,
2500,missing_values,capital-gain,0.0,
5732,missing_values,sex,Male,
906,missing_values,age,47.0,
136,missing_values,marital-status,Married-civ-spouse,
1762,missing_values,capital-loss,0.0,
3534,missing_values,workclass,Self-emp-not-inc,
3662,missing_values,native-country,United-States,
2074,missing_values,race,White,
2673,missing_values,capital-gain,0.0,
3475,missing_values,marital-status,Divorced,
5919,missing_values,occupation,Prof-specialty,
5533,missing_values,education-num,11.0,
1794,missing_values,education-num,9.0,
1020,missing_values,marital-status,Married-civ-spouse,
4746,missing_values,fnlwgt,137952.0,
3514,missing_values,native-country,United-States,
1047,missing_values,hours-per-week,40.0,
618,missing_values,relationship,Husband,
4053,missing_values,capital-loss,0.0,
864,missing_values,relationship,Husband,
3951,missing_values,race,White,
1973,missing_values,fnlwgt,41163.0,
1125,missing_values,native-country,United-States,
2955,missing_values,workclass,Local-gov,
1073,missing_values,relationship,Husband,
248,missing_values,native-country,United-States,
4707,missing_values,marital-status,Married-civ-spouse,
2487,missing_values,relationship,Not-in-family,
4531,missing_values,race,White,
505,missing_values,fnlwgt,133050.0,
3761,missing_values,relationship,Husband,
3887,missing_values,capital-loss,0.0,
566,missing_values,relationship,Unmarried,
3494,missing_values,relationship,Own-child,
838,missing_values,native-country,United-States,
3753,missing_values,fnlwgt,167652.0,
1846,missing_values,capital-gain,0.0,
2585,missing_values,education,HS-grad,
3968,missing_values,race,Black,
4304,missing_values,sex,Male,
2948,missing_values,education-num,13.0,
4538,missing_values,occupation,Craft-repair,
116,missing_values,capital-loss,0.0,
5125,missing_values,relationship,Husband,
2771,missing_values,race,White,
1057,missing_values,capital-gain,0.0,
3272,missing_values,relationship,Not-in-family,
3465,missing_values,hours-per-week,60.0,
4838,missing_values,hours-per-week,10.0,
1830,missing_values,capital-loss,0.0,
4318,missing_values,fnlwgt,167794.0,
1210,missing_values,native-country,United-States,
4213,missing_values,age,49.0,
2727,missing_values,occupation,Prof-specialty,
763,missing_values,occupation,Sales,
5401,missing_values,occupation,Sales,
2675,missing_values,fnlwgt,117109.0,
576,missing_values,capital-loss,0.0,
474,missing_values,education-num,7.0,
1629,missing_values,education,HS-grad,
4410,missing_values,education,Preschool,
2689,missing_values,education-num,10.0,
4722,missing_values,workclass,Private,
4290,missing_values,relationship,Own-child,
1562,missing_values,hours-per-week,40.0,
4660,missing_values,hours-per-week,40.0,
1577,missing_values,education,Some-college,
5800,missing_values,capital-gain,0.0,
4574,missing_values,workclass,Private,
1591,missing_values,education-num,9.0,
2737,missing_values,capital-loss,0.0,
4188,missing_values,workclass,Private,
2963,missing_values,education,Masters,
5438,missing_values,occupation,Prof-specialty,
2192,missing_values,education-num,9.0,
5757,missing_values,sex,Male,
2028,missing_values,hours-per-week,33.0,
706,missing_values,marital-status,Married-civ-spouse,
2050,missing_values,capital-gain,0.0,
524,missing_values,sex,Male,
5744,missing_values,capital-loss,0.0,
2165,missing_values,hours-per-week,55.0,
3634,missing_values,capital-loss,0.0,
3773,missing_values,workclass,Local-gov,
4092,missing_values,hours-per-week,40.0,
1805,missing_values,age,30.0,
1429,missing_values,marital-status,Married-civ-spouse,
2281,missing_values,age,26.0,
995,missing_values,workclass,Private,
2671,missing_values,age,36.0,
2967,missing_values,education,Some-college,
4168,missing_values,capital-loss,0.0,
2977,missing_values,relationship,Own-child,
911,missing_values,hours-per-week,40.0,
5616,missing_values,education,Bachelors,
2999,missing_values,hours-per-week,40.0,
5392,missing_values,education,HS-grad,
965,missing_values,race,White,
4293,missing_values,education-num,9.0,
2765,missing_values,occupation,Machine-op-inspct,
4171,missing_values,native-country,United-States,
4325,missing_values,education,HS-grad,
4619,missing_values,capital-loss,0.0,
539,missing_values,fnlwgt,209320.0,
635,missing_values,relationship,Own-child,
135,missing_values,native-country,United-States,
2001,missing_values,capital-gain,0.0,
999,missing_values,capital-loss,0.0,
1923,missing_values,occupation,Protective-serv,
4874,missing_values,relationship,Husband,
2502,missing_values,capital-loss,0.0,
2433,missing_values,race,White,
2450,missing_values,marital-status,Divorced,
3978,missing_values,education,Doctorate,
5965,missing_values,education,Some-college,
4694,missing_values,occupation,Sales,
3024,missing_values,marital-status,Divorced,
3335,missing_values,native-country,United-States,
756,missing_values,education,HS-grad,
3964,missing_values,fnlwgt,148581.0,
2601,missing_values,workclass,Private,
1758,missing_values,education-num,9.0,
5495,missing_values,native-country,United-States,
1685,missing_values,education,Assoc-voc,
5124,missing_values,hours-per-week,20.0,
349,missing_values,fnlwgt,255474.0,
4921,missing_values,marital-status,Married-civ-spouse,
1401,missing_values,fnlwgt,275445.0,
207,missing_values,capital-loss,0.0,
5111,missing_values,race,White,
5945,missing_values,capital-gain,99999.0,
2446,missing_values,native-country,United-States,
1656,missing_values,occupation,Handlers-cleaners,
1285,missing_values,education-num,2.0,
5886,missing_values,race,White,
2615,missing_values,native-country,United-States,
2081,missing_values,relationship,Not-in-family,
184,missing_values,race,White,
3611,missing_values,fnlwgt,207676.0,
1820,missing_values,capital-gain,0.0,
4761,missing_values,hours-per-week,30.0,
3349,missing_values,native-country,United-States,
542,missing_values,relationship,Not-in-family,
3316,missing_values,education-num,2.0,
3386,missing_values,native-country,United-States,
3802,missing_values,occupation,Machine-op-inspct,
3442,missing_values,education-num,9.0,
4583,missing_values,age,39.0,
474,missing_values,occupation,Other-service,
3386,missing_values,marital-status,Married-civ-spouse,
5122,missing_values,hours-per-week,60.0,
2822,missing_values,occupation,Craft-repair,
3920,missing_values,hours-per-week,20.0,
4004,missing_values,race,White,
2633,missing_values,hours-per-week,40.0,
686,missing_values,fnlwgt,53498.0,
1470,missing_values,capital-loss,0.0,
837,missing_values,race,White,
223,missing_values,education,HS-grad,
3407,missing_values,capital-gain,0.0,
3029,missing_values,relationship,Husband,
2749,missing_values,capital-loss,0.0,
3329,missing_values,occupation,Exec-managerial,
4678,missing_values,fnlwgt,330836.0,
1660,missing_values,relationship,Unmarried,
4225,missing_values,relationship,Unmarried,
2825,missing_values,capital-gain,0.0,
3984,missing_values,age,59.0,
4676,missing_values,education,HS-grad,
4715,missing_values,sex,Male,
4775,missing_values,workclass,Self-emp-not-inc,
44,missing_values,workclass,Private,
4823,missing_values,relationship,Own-child,
1198,missing_values,age,54.0,
4990,missing_values,occupation,Adm-clerical,
837,missing_values,relationship,Unmarried,
3816,missing_values,workclass,Private,
4090,missing_values,education,11th,
1435,missing_values,sex,Male,
1728,missing_values,age,21.0,
5382,missing_values,occupation,Craft-repair,
2322,missing_values,education-num,5.0,
5044,missing_values,race,White,
4823,missing_values,education-num,9.0,
2608,missing_values,relationship,Husband,
4988,missing_values,education,HS-grad,
4602,missing_values,education,HS-grad,
1872,missing_values,education,Some-college,
582,missing_values,capital-gain,0.0,
4197,missing_values,education-num,9.0,
3774,missing_values,capital-loss,0.0,
4991,missing_values,workclass,Private,
963,missing_values,fnlwgt,50341.0,
2620,missing_values,marital-status,Married-civ-spouse,
5636,missing_values,occupation,Craft-repair,
4015,missing_values,workclass,Local-gov,
3383,missing_values,capital-loss,0.0,
1360,missing_values,fnlwgt,180299.0,
1979,missing_values,marital-status,Divorced,
2851,missing_values,sex,Female,
4115,missing_values,education,Some-college,
778,missing_values,capital-loss,0.0,
2775,missing_values,education,Assoc-voc,
1135,missing_values,hours-per-week,40.0,
4770,missing_values,workclass,Private,
2815,missing_values,age,31.0,
457,missing_values,sex,Male,
2220,missing_values,native-country,United-States,
5428,missing_values,native-country,United-States,
1953,missing_values,occupation,Sales,
2463,missing_values,education,Assoc-voc,
5800,missing_values,sex,Male,
2198,missing_values,education,Some-college,
4465,missing_values,education-num,9.0,
5531,missing_values,fnlwgt,263024.0,
4095,missing_values,marital-status,Married-civ-spouse,
4457,missing_values,fnlwgt,203518.0,
925,missing_values,workclass,State-gov,
3277,missing_values,education,12th,
262,missing_values,sex,Male,
2984,missing_values,capital-loss,0.0,
2798,missing_values,relationship,Not-in-family,
2182,missing_values,workclass,Private,
1167,missing_values,workclass,Private,
4556,missing_values,sex,Female,
4667,missing_values,race,White,
4065,missing_values,fnlwgt,33865.0,
5355,missing_values,capital-gain,0.0,
2672,missing_values,sex,Female,
5821,missing_values,age,17.0,
407,missing_values,education-num,10.0,
2126,missing_values,age,53.0,
4201,missing_values,age,64.0,
4546,missing_values,education-num,9.0,
990,missing_values,hours-per-week,40.0,
3788,missing_values,education,HS-grad,
1659,missing_values,capital-loss,0.0,
4963,missing_values,race,White,
5147,missing_values,relationship,Husband,
382,missing_values,capital-gain,0.0,
5325,missing_values,fnlwgt,170070.0,
3326,missing_values,fnlwgt,289116.0,
552,missing_values,race,White,
1362,missing_values,native-country,United-States,
2701,missing_values,capital-loss,0.0,
2659,missing_values,relationship,Not-in-family,
3271,missing_values,occupation,Adm-clerical,
4934,missing_values,native-country,Cuba,
2413,missing_values,capital-gain,0.0,
3862,missing_values,age,41.0,
4688,missing_values,age,45.0,
5559,missing_values,age,60.0,
1095,missing_values,age,52.0,
2224,missing_values,education,Some-college,
3001,missing_values,marital-status,Married-civ-spouse,
2701,missing_values,sex,Male,
5037,missing_values,marital-status,Never-married,
768,missing_values,relationship,Husband,
3078,missing_values,capital-gain,0.0,
4715,missing_values,relationship,Husband,
4304,missing_values,fnlwgt,58108.0,
4566,missing_values,workclass,Private,
4413,missing_values,hours-per-week,40.0,
5852,missing_values,native-country,United-States,
3158,missing_values,occupation,Sales,
565,missing_values,age,24.0,
1208,missing_values,sex,Female,
4183,missing_values,hours-per-week,48.0,
515,missing_values,race,White,
5151,missing_values,education,Some-college,
2597,missing_values,native-country,United-States,
2633,missing_values,fnlwgt,91343.0,
3927,missing_values,education-num,13.0,
4643,missing_values,sex,Female,
535,missing_values,relationship,Husband,
2934,outliers,capital-gain,99999.0,147888.20366261096
4537,outliers,capital-loss,0.0,2389.4466063488135
755,outliers,age,33.0,111.7819770088162
2640,outliers,capital-gain,7298.0,-40591.20366261097
5871,outliers,capital-gain,0.0,47889.20366261097
3578,outliers,hours-per-week,40.0,112.63219978905337
3229,outliers,education-num,14.0,29.4862381985065
3307,outliers,education-num,,
502,outliers,capital-gain,0.0,-47889.20366261097
366,outliers,fnlwgt,278073.0,-363126.93306117563
4458,outliers,age,33.0,-45.7819770088162
1610,outliers,education-num,16.0,0.5137618014935015
2743,outliers,education-num,13.0,28.4862381985065
1043,outliers,fnlwgt,169995.0,-471204.93306117563
2558,outliers,education-num,12.0,27.4862381985065
3737,outliers,education-num,9.0,24.4862381985065
3686,outliers,fnlwgt,117476.0,-523723.93306117563
2958,outliers,education-num,10.0,-5.4862381985064985
4493,outliers,capital-loss,0.0,-2389.4466063488135
1119,outliers,fnlwgt,103277.0,744476.9330611756
2864,outliers,hours-per-week,40.0,112.63219978905337
2924,outliers,hours-per-week,60.0,132.63219978905337
4602,outliers,education-num,9.0,24.4862381985065
390,outliers,fnlwgt,206721.0,-434478.93306117563
5362,outliers,capital-gain,0.0,47889.20366261097
1773,outliers,hours-per-week,40.0,-32.632199789053374
4591,outliers,capital-gain,0.0,-47889.20366261097
5613,outliers,capital-loss,0.0,2389.4466063488135
3349,outliers,capital-gain,0.0,47889.20366261097
2916,outliers,capital-gain,0.0,-47889.20366261097
732,outliers,fnlwgt,193374.0,-447825.93306117563
3263,outliers,capital-loss,0.0,-2389.4466063488135
216,outliers,fnlwgt,274724.0,915923.9330611756
1813,outliers,capital-loss,0.0,2389.4466063488135
1388,outliers,hours-per-week,40.0,112.63219978905337
3247,outliers,age,48.0,126.7819770088162
1649,outliers,capital-gain,7688.0,55577.20366261097
4802,outliers,age,,
5314,outliers,capital-loss,0.0,2389.4466063488135
1615,outliers,age,45.0,123.7819770088162
4370,outliers,hours-per-week,35.0,107.63219978905337
4291,outliers,age,23.0,101.7819770088162
1557,outliers,hours-per-week,15.0,-57.632199789053374
1543,outliers,capital-loss,0.0,-2389.4466063488135
247,outliers,capital-gain,0.0,-47889.20366261097
2791,outliers,capital-loss,0.0,2389.4466063488135
1048,outliers,capital-loss,0.0,2389.4466063488135
3726,outliers,hours-per-week,40.0,-32.632199789053374
1987,outliers,fnlwgt,51264.0,692463.9330611756
948,outliers,capital-gain,0.0,-47889.20366261097
1253,outliers,age,58.0,136.7819770088162
3700,outliers,capital-gain,99999.0,52109.79633738903
4838,outliers,fnlwgt,227529.0,-413670.93306117563
1788,outliers,capital-gain,0.0,-47889.20366261097
4638,outliers,capital-gain,0.0,-47889.20366261097
2561,outliers,education-num,14.0,29.4862381985065
1428,outliers,capital-gain,7688.0,55577.20366261097
4988,outliers,capital-loss,0.0,2389.4466063488135
5371,outliers,capital-loss,0.0,2389.4466063488135
4023,outliers,education-num,10.0,-5.4862381985064985
5343,outliers,capital-gain,0.0,-47889.20366261097
1120,outliers,hours-per-week,40.0,112.63219978905337
3980,outliers,age,33.0,111.7819770088162
813,outliers,age,42.0,120.7819770088162
4131,outliers,age,35.0,-43.7819770088162
4504,outliers,capital-gain,0.0,47889.20366261097
979,outliers,education-num,7.0,22.4862381985065
1198,outliers,capital-loss,0.0,-2389.4466063488135
3262,outliers,capital-loss,0.0,2389.4466063488135
1067,outliers,education-num,14.0,29.4862381985065
562,outliers,hours-per-week,40.0,112.63219978905337
5517,outliers,capital-loss,0.0,2389.4466063488135
904,outliers,fnlwgt,99106.0,740305.9330611756
440,outliers,education-num,9.0,24.4862381985065
1599,outliers,fnlwgt,163921.0,-477278.93306117563
833,outliers,age,44.0,122.7819770088162
695,outliers,age,31.0,-47.7819770088162
5740,outliers,hours-per-week,50.0,122.63219978905337
3655,outliers,education-num,13.0,28.4862381985065
3124,outliers,education-num,11.0,-4.4862381985064985
1718,outliers,capital-loss,0.0,-2389.4466063488135
4501,outliers,capital-gain,0.0,47889.20366261097
860,outliers,hours-per-week,,
1707,outliers,capital-loss,0.0,2389.4466063488135
1150,outliers,education-num,13.0,-2.4862381985064985
929,outliers,education-num,9.0,24.4862381985065
1093,outliers,hours-per-week,40.0,-32.632199789053374
2882,outliers,capital-loss,0.0,2389.4466063488135
5222,outliers,hours-per-week,40.0,-32.632199789053374
494,outliers,age,20.0,-58.7819770088162
2387,outliers,hours-per-week,40.0,112.63219978905337
978,outliers,capital-gain,0.0,-47889.20366261097
3228,outliers,age,26.0,-52.7819770088162
4475,outliers,capital-gain,0.0,-47889.20366261097
4830,outliers,capital-loss,0.0,2389.4466063488135
2940,outliers,age,37.0,-41.7819770088162
2836,outliers,education-num,13.0,28.4862381985065
5872,outliers,capital-loss,0.0,-2389.4466063488135
4531,outliers,fnlwgt,202322.0,843521.9330611756
4729,outliers,education-num,9.0,-6.4862381985064985
4625,outliers,education-num,13.0,-2.4862381985064985
2739,outliers,fnlwgt,344415.0,985614.9330611756
2668,outliers,hours-per-week,35.0,107.63219978905337
4203,outliers,capital-loss,0.0,2389.4466063488135
4243,outliers,age,34.0,-44.7819770088162
388,outliers,hours-per-week,70.0,-2.6321997890533737
616,outliers,hours-per-week,40.0,112.63219978905337
2527,outliers,fnlwgt,160440.0,801639.9330611756
5204,outliers,hours-per-week,40.0,-32.632199789053374
1999,outliers,age,62.0,140.7819770088162
2136,outliers,hours-per-week,40.0,-32.632199789053374
4051,outliers,capital-gain,0.0,-47889.20366261097
461,outliers,capital-gain,2597.0,50486.20366261097
136,outliers,age,41.0,119.7819770088162
2911,outliers,hours-per-week,20.0,92.63219978905337
895,outliers,age,36.0,-42.7819770088162
2383,outliers,fnlwgt,121124.0,-520075.93306117563
2540,outliers,age,31.0,109.7819770088162
1961,outliers,capital-loss,0.0,2389.4466063488135
4093,outliers,fnlwgt,235743.0,-405456.93306117563
3894,outliers,hours-per-week,40.0,-32.632199789053374
341,outliers,capital-gain,0.0,47889.20366261097
4027,outliers,age,66.0,-12.781977008816199
4568,outliers,age,38.0,-40.7819770088162
3692,outliers,age,49.0,127.7819770088162
4037,outliers,capital-gain,0.0,47889.20366261097
3934,outliers,capital-loss,0.0,2389.4466063488135
252,outliers,fnlwgt,207685.0,-433514.93306117563
2645,outliers,hours-per-week,24.0,-48.632199789053374
1671,outliers,age,53.0,131.7819770088162
4679,outliers,capital-loss,0.0,2389.4466063488135
5304,outliers,hours-per-week,35.0,-37.632199789053374
5715,outliers,capital-loss,0.0,2389.4466063488135
2925,outliers,capital-loss,,
3296,outliers,hours-per-week,60.0,-12.632199789053374
508,outliers,age,29.0,-49.7819770088162
888,outliers,fnlwgt,142506.0,-498693.93306117563
42,outliers,age,34.0,112.7819770088162
2576,outliers,capital-gain,0.0,47889.20366261097
1159,outliers,capital-loss,0.0,2389.4466063488135
133,outliers,capital-gain,0.0,-47889.20366261097
666,outliers,hours-per-week,25.0,-47.632199789053374
2520,outliers,age,46.0,124.7819770088162
2020,outliers,capital-loss,0.0,-2389.4466063488135
964,outliers,fnlwgt,132704.0,-508495.93306117563
1807,outliers,fnlwgt,125892.0,-515307.93306117563
2626,outliers,capital-loss,0.0,2389.4466063488135
2713,outliers,hours-per-week,60.0,132.63219978905337
179,outliers,capital-gain,0.0,47889.20366261097
5802,outliers,age,45.0,-33.7819770088162
1406,outliers,capital-gain,0.0,-47889.20366261097
4593,outliers,age,53.0,-25.7819770088162
202,outliers,hours-per-week,40.0,-32.632199789053374
3897,outliers,capital-loss,0.0,-2389.4466063488135
4214,outliers,fnlwgt,168552.0,-472647.93306117563
3871,outliers,age,45.0,123.7819770088162
2936,outliers,fnlwgt,121718.0,-519481.93306117563
2451,outliers,hours-per-week,40.0,112.63219978905337
5133,outliers,education-num,14.0,29.4862381985065
3876,outliers,capital-loss,0.0,-2389.4466063488135
5726,outliers,capital-gain,0.0,47889.20366261097
4349,outliers,capital-gain,0.0,-47889.20366261097
3242,outliers,age,37.0,-41.7819770088162
3433,outliers,hours-per-week,30.0,102.63219978905337
2862,outliers,fnlwgt,177543.0,-463656.93306117563
2672,outliers,capital-gain,0.0,47889.20366261097
4275,outliers,capital-loss,0.0,-2389.4466063488135
2029,outliers,capital-gain,0.0,-47889.20366261097
5883,outliers,hours-per-week,37.0,-35.632199789053374
2657,outliers,age,60.0,-18.7819770088162
3466,outliers,capital-gain,0.0,47889.20366261097
2470,outliers,education-num,9.0,24.4862381985065
2550,outliers,education-num,10.0,-5.4862381985064985
1759,outliers,age,22.0,100.7819770088162
3423,outliers,age,38.0,116.7819770088162
115,outliers,fnlwgt,37070.0,-604129.9330611756
4670,outliers,fnlwgt,155118.0,796317.9330611756
3518,outliers,education-num,10.0,25.4862381985065
570,outliers,capital-gain,0.0,-47889.20366261097
4169,outliers,capital-gain,0.0,47889.20366261097
4661,outliers,education-num,14.0,-1.4862381985064985
2565,outliers,education-num,9.0,24.4862381985065
3470,outliers,fnlwgt,155222.0,796421.9330611756
5930,outliers,capital-gain,0.0,47889.20366261097
3293,outliers,fnlwgt,204304.0,845503.9330611756
2503,outliers,age,29.0,-49.7819770088162
4474,outliers,education-num,13.0,-2.4862381985064985
5942,outliers,education-num,13.0,-2.4862381985064985
2036,outliers,fnlwgt,199694.0,-441505.93306117563
3179,outliers,capital-gain,0.0,-47889.20366261097
2632,outliers,capital-gain,0.0,47889.20366261097
2701,outliers,capital-loss,,
4270,outliers,capital-gain,0.0,47889.20366261097
5096,outliers,capital-gain,0.0,47889.20366261097
516,outliers,fnlwgt,48404.0,-592795.9330611756
3957,outliers,capital-loss,0.0,-2389.4466063488135
3713,outliers,capital-gain,0.0,-47889.20366261097
2498,outliers,education-num,9.0,24.4862381985065
2542,outliers,capital-gain,0.0,47889.20366261097
5675,outliers,education-num,9.0,24.4862381985065
2112,outliers,capital-gain,0.0,47889.20366261097
3146,outliers,capital-loss,0.0,2389.4466063488135
3625,outliers,hours-per-week,40.0,-32.632199789053374
537,outliers,hours-per-week,35.0,107.63219978905337
2946,outliers,capital-gain,0.0,47889.20366261097
4805,outliers,capital-gain,0.0,-47889.20366261097
4980,outliers,capital-loss,0.0,-2389.4466063488135
1907,outliers,fnlwgt,136218.0,777417.9330611756
4748,outliers,hours-per-week,35.0,-37.632199789053374
739,outliers,education-num,,
528,outliers,age,54.0,-24.7819770088162
1775,outliers,age,41.0,119.7819770088162
947,outliers,hours-per-week,30.0,102.63219978905337
4100,outliers,age,32.0,-46.7819770088162
2304,outliers,fnlwgt,197069.0,838268.9330611756
490,outliers,education-num,9.0,-6.4862381985064985
2093,outliers,fnlwgt,26145.0,667344.9330611756
4514,outliers,fnlwgt,104849.0,-536350.9330611756
4015,outliers,capital-loss,0.0,2389.4466063488135
4413,outliers,age,47.0,-31.7819770088162
4281,outliers,capital-loss,0.0,2389.4466063488135
4792,outliers,hours-per-week,35.0,-37.632199789053374
1884,outliers,education-num,9.0,24.4862381985065
3502,outliers,age,21.0,-57.7819770088162
2121,outliers,capital-gain,0.0,47889.20366261097
2161,outliers,age,60.0,138.7819770088162
3643,outliers,education-num,9.0,24.4862381985065
2245,outliers,hours-per-week,45.0,-27.632199789053374
1646,outliers,hours-per-week,40.0,-32.632199789053374
1311,outliers,capital-loss,0.0,-2389.4466063488135
5294,outliers,fnlwgt,159123.0,800322.9330611756
4899,outliers,capital-loss,0.0,-2389.4466063488135
750,outliers,capital-loss,0.0,2389.4466063488135
129,outliers,education-num,13.0,28.4862381985065
3891,outliers,capital-gain,0.0,-47889.20366261097
4712,outliers,age,53.0,131.7819770088162
4238,outliers,fnlwgt,275446.0,916645.9330611756
1017,outliers,capital-gain,3103.0,-44786.20366261097
4665,outliers,age,36.0,114.7819770088162
2922,outliers,age,42.0,-36.7819770088162
5516,outliers,hours-per-week,40.0,112.63219978905337
1044,outliers,hours-per-week,20.0,92.63219978905337
468,outliers,capital-gain,,
4924,outliers,hours-per-week,40.0,112.63219978905337
3862,outliers,hours-per-week,45.0,117.63219978905337
1833,outliers,age,39.0,117.7819770088162
3861,outliers,education-num,10.0,25.4862381985065
3964,outliers,education-num,9.0,-6.4862381985064985
5572,outliers,age,42.0,120.7819770088162
5833,outliers,capital-loss,0.0,-2389.4466063488135
3267,outliers,education-num,4.0,-11.486238198506499
5577,outliers,education-num,9.0,24.4862381985065
3938,outliers,age,29.0,-49.7819770088162
5951,outliers,fnlwgt,67791.0,-573408.9330611756
1878,outliers,hours-per-week,40.0,112.63219978905337
5081,outliers,age,44.0,122.7819770088162
5832,outliers,fnlwgt,123397.0,-517802.93306117563
3121,outliers,fnlwgt,208711.0,-432488.93306117563
2747,outliers,education-num,7.0,22.4862381985065
4775,outliers,capital-gain,0.0,47889.20366261097
4681,outliers,education-num,13.0,-2.4862381985064985
2685,outliers,age,18.0,-60.7819770088162
2070,outliers,fnlwgt,215115.0,856314.9330611756
3933,outliers,hours-per-week,40.0,112.63219978905337
4358,outliers,capital-gain,0.0,47889.20366261097
3810,outliers,capital-gain,0.0,-47889.20366261097
2699,outliers,capital-loss,0.0,2389.4466063488135
4816,outliers,capital-loss,0.0,2389.4466063488135
810,outliers,age,28.0,106.7819770088162
1368,outliers,education-num,13.0,28.4862381985065
5006,outliers,capital-gain,0.0,47889.20366261097
1588,outliers,education-num,2.0,17.4862381985065
3006,outliers,hours-per-week,50.0,-22.632199789053374
2368,outliers,education-num,9.0,24.4862381985065
5576,outliers,capital-loss,0.0,2389.4466063488135
3527,outliers,hours-per-week,40.0,-32.632199789053374
1963,outliers,capital-gain,0.0,-47889.20366261097
623,outliers,hours-per-week,42.0,-30.632199789053374
2581,outliers,capital-gain,0.0,-47889.20366261097
4818,outliers,hours-per-week,40.0,-32.632199789053374
5915,outliers,education-num,13.0,28.4862381985065
5903,outliers,education-num,9.0,24.4862381985065
1570,outliers,capital-gain,,
5725,outliers,age,27.0,-51.7819770088162
2243,outliers,education-num,13.0,28.4862381985065
2709,outliers,hours-per-week,40.0,112.63219978905337
5435,outliers,capital-gain,0.0,-47889.20366261097
5092,outliers,fnlwgt,21175.0,-620024.9330611756
5657,outliers,education-num,9.0,-6.4862381985064985
2132,outliers,fnlwgt,153489.0,-487710.93306117563
1302,outliers,age,26.0,104.7819770088162
4875,outliers,hours-per-week,5.0,77.63219978905337
2399,outliers,education-num,10.0,-5.4862381985064985
4445,outliers,fnlwgt,214925.0,-426274.93306117563
4352,outliers,capital-gain,0.0,47889.20366261097
5838,outliers,age,20.0,-58.7819770088162
2667,outliers,fnlwgt,133974.0,-507225.93306117563
3733,outliers,capital-loss,0.0,2389.4466063488135
2473,outliers,capital-gain,0.0,47889.20366261097
4097,outliers,hours-per-week,20.0,92.63219978905337
2934,label_errors,class,>50K,<=50K
4537,label_errors,class,>50K,<=50K
755,label_errors,class,<=50K,>50K
2640,label_errors,class,>50K,<=50K
5871,label_errors,class,<=50K,>50K
3578,label_errors,class,<=50K,>50K
3229,label_errors,class,>50K,<=50K
3307,label_errors,class,<=50K,>50K
502,label_errors,class,<=50K,>50K
366,label_errors,class,<=50K,>50K
4458,label_errors,class,<=50K,>50K
1610,label_errors,class,>50K,<=50K
2743,label_errors,class,<=50K,>50K
1043,label_errors,class,<=50K,>50K
2558,label_errors,class,<=50K,>50K
3737,label_errors,class,<=50K,>50K
3686,label_errors,class,<=50K,>50K
2958,label_errors,class,<=50K,>50K
4493,label_errors,class,<=50K,>50K
1119,label_errors,class,<=50K,>50K
2864,label_errors,class,<=50K,>50K
2924,label_errors,class,<=50K,>50K
4602,label_errors,class,<=50K,>50K
390,label_errors,class,<=50K,>50K
5362,label_errors,class,<=50K,>50K
1773,label_errors,class,<=50K,>50K
4591,label_errors,class,<=50K,>50K
5613,label_errors,class,<=50K,>50K
3349,label_errors,class,<=50K,>50K
2916,label_errors,class,<=50K,>50K
732,label_errors,class,<=50K,>50K
3263,label_errors,class,<=50K,>50K
216,label_errors,class,<=50K,>50K
1813,label_errors,class,<=50K,>50K
1388,label_errors,class,<=50K,>50K
3247,label_errors,class,<=50K,>50K
1649,label_errors,class,>50K,<=50K
4802,label_errors,class,<=50K,>50K
5314,label_errors,class,<=50K,>50K
1615,label_errors,class,>50K,<=50K
4370,label_errors,class,<=50K,>50K
4291,label_errors,class,<=50K,>50K
1557,label_errors,class,<=50K,>50K
1543,label_errors,class,<=50K,>50K
247,label_errors,class,<=50K,>50K
2791,label_errors,class,<=50K,>50K
1048,label_errors,class,>50K,<=50K
3726,label_errors,class,<=50K,>50K
1987,label_errors,class,>50K,<=50K
948,label_errors,class,>50K,<=50K
1253,label_errors,class,<=50K,>50K
3700,label_errors,class,>50K,<=50K
4838,label_errors,class,<=50K,>50K
1788,label_errors,class,<=50K,>50K
4638,label_errors,class,<=50K,>50K
2561,label_errors,class,>50K,<=50K
1428,label_errors,class,>50K,<=50K
4988,label_errors,class,<=50K,>50K
5371,label_errors,class,<=50K,>50K
4023,label_errors,class,>50K,<=50K
5343,label_errors,class,<=50K,>50K
1120,label_errors,class,<=50K,>50K
3980,label_errors,class,<=50K,>50K
813,label_errors,class,<=50K,>50K
4131,label_errors,class,>50K,<=50K
4504,label_errors,class,<=50K,>50K
979,label_errors,class,<=50K,>50K
1198,label_errors,class,>50K,<=50K
3262,label_errors,class,<=50K,>50K
1067,label_errors,class,>50K,<=50K
562,label_errors,class,<=50K,>50K
5517,label_errors,class,<=50K,>50K
904,label_errors,class,<=50K,>50K
440,label_errors,class,>50K,<=50K
1599,label_errors,class,<=50K,>50K
833,label_errors,class,>50K,<=50K
695,label_errors,class,<=50K,>50K
5740,label_errors,class,>50K,<=50K
3655,label_errors,class,<=50K,>50K
3124,label_errors,class,<=50K,>50K
1718,label_errors,class,>50K,<=50K
4501,label_errors,class,<=50K,>50K
860,label_errors,class,<=50K,>50K
1707,label_errors,class,<=50K,>50K
1150,label_errors,class,<=50K,>50K
929,label_errors,class,<=50K,>50K
1093,label_errors,class,<=50K,>50K
2882,label_errors,class,>50K,<=50K
5222,label_errors,class,<=50K,>50K
494,label_errors,class,<=50K,>50K
2387,label_errors,class,<=50K,>50K
978,label_errors,class,<=50K,>50K
3228,label_errors,class,<=50K,>50K
4475,label_errors,class,<=50K,>50K
4830,label_errors,class,<=50K,>50K
2940,label_errors,class,>50K,<=50K
2836,label_errors,class,<=50K,>50K
5872,label_errors,class,<=50K,>50K
4531,label_errors,class,<=50K,>50K
4729,label_errors,class,<=50K,>50K
4625,label_errors,class,<=50K,>50K
2739,label_errors,class,>50K,<=50K
2668,label_errors,class,<=50K,>50K
4203,label_errors,class,>50K,<=50K
4243,label_errors,class,<=50K,>50K
388,label_errors,class,>50K,<=50K
616,label_errors,class,<=50K,>50K
2527,label_errors,class,<=50K,>50K
5204,label_errors,class,<=50K,>50K
1999,label_errors,class,<=50K,>50K
2136,label_errors,class,<=50K,>50K
4051,label_errors,class,>50K,<=50K
461,label_errors,class,<=50K,>50K
136,label_errors,class,<=50K,>50K
2911,label_errors,class,<=50K,>50K
895,label_errors,class,>50K,<=50K
2383,label_errors,class,>50K,<=50K
2540,label_errors,class,<=50K,>50K
1961,label_errors,class,<=50K,>50K
4093,label_errors,class,<=50K,>50K
3894,label_errors,class,<=50K,>50K
341,label_errors,class,<=50K,>50K
4027,label_errors,class,<=50K,>50K
4568,label_errors,class,<=50K,>50K
3692,label_errors,class,<=50K,>50K
4037,label_errors,class,<=50K,>50K
3934,label_errors,class,<=50K,>50K
252,label_errors,class,<=50K,>50K
2645,label_errors,class,<=50K,>50K
1671,label_errors,class,<=50K,>50K
4679,label_errors,class,<=50K,>50K
5304,label_errors,class,<=50K,>50K
5715,label_errors,class,>50K,<=50K
2925,label_errors,class,<=50K,>50K
3296,label_errors,class,<=50K,>50K
508,label_errors,class,<=50K,>50K
888,label_errors,class,<=50K,>50K
42,label_errors,class,<=50K,>50K
2576,label_errors,class,<=50K,>50K
1159,label_errors,class,<=50K,>50K
133,label_errors,class,<=50K,>50K
666,label_errors,class,<=50K,>50K
2520,label_errors,class,>50K,<=50K
2020,label_errors,class,<=50K,>50K
964,label_errors,class,>50K,<=50K
1807,label_errors,class,>50K,<=50K
2626,label_errors,class,>50K,<=50K
2713,label_errors,class,>50K,<=50K
179,label_errors,class,<=50K,>50K
5802,label_errors,class,>50K,<=50K
1406,label_errors,class,<=50K,>50K
4593,label_errors,class,<=50K,>50K
202,label_errors,class,<=50K,>50K
3897,label_errors,class,<=50K,>50K
4214,label_errors,class,<=50K,>50K
3871,label_errors,class,<=50K,>50K
2936,label_errors,class,>50K,<=50K
2451,label_errors,class,<=50K,>50K
5133,label_errors,class,>50K,<=50K
3876,label_errors,class,<=50K,>50K
5726,label_errors,class,>50K,<=50K
4349,label_errors,class,<=50K,>50K
3242,label_errors,class,<=50K,>50K
3433,label_errors,class,<=50K,>50K
2862,label_errors,class,<=50K,>50K
2672,label_errors,class,<=50K,>50K
4275,label_errors,class,<=50K,>50K
2029,label_errors,class,<=50K,>50K
5883,label_errors,class,>50K,<=50K
2657,label_errors,class,<=50K,>50K
3466,label_errors,class,<=50K,>50K
2470,label_errors,class,<=50K,>50K
2550,label_errors,class,<=50K,>50K
1759,label_errors,class,<=50K,>50K
3423,label_errors,class,>50K,<=50K
115,label_errors,class,<=50K,>50K
4670,label_errors,class,>50K,<=50K
3518,label_errors,class,<=50K,>50K
570,label_errors,class,<=50K,>50K
4169,label_errors,class,>50K,<=50K
4661,label_errors,class,<=50K,>50K
2565,label_errors,class,<=50K,>50K
3470,label_errors,class,<=50K,>50K
5930,label_errors,class,>50K,<=50K
3293,label_errors,class,>50K,<=50K
2503,label_errors,class,<=50K,>50K
4474,label_errors,class,<=50K,>50K
5942,label_errors,class,<=50K,>50K
2036,label_errors,class,<=50K,>50K
3179,label_errors,class,<=50K,>50K
2632,label_errors,class,<=50K,>50K
2701,label_errors,class,<=50K,>50K
4270,label_errors,class,<=50K,>50K
5096,label_errors,class,<=50K,>50K
516,label_errors,class,<=50K,>50K
3957,label_errors,class,>50K,<=50K
3713,label_errors,class,>50K,<=50K
2498,label_errors,class,<=50K,>50K
2542,label_errors,class,<=50K,>50K
5675,label_errors,class,<=50K,>50K
2112,label_errors,class,<=50K,>50K
3146,label_errors,class,<=50K,>50K
3625,label_errors,class,<=50K,>50K
537,label_errors,class,<=50K,>50K
2946,label_errors,class,<=50K,>50K
4805,label_errors,class,>50K,<=50K
4980,label_errors,class,>50K,<=50K
1907,label_errors,class,<=50K,>50K
4748,label_errors,class,<=50K,>50K
739,label_errors,class,<=50K,>50K
528,label_errors,class,<=50K,>50K
1775,label_errors,class,<=50K,>50K
947,label_errors,class,<=50K,>50K
4100,label_errors,class,<=50K,>50K
2304,label_errors,class,>50K,<=50K
490,label_errors,class,<=50K,>50K
2093,label_errors,class,<=50K,>50K
4514,label_errors,class,<=50K,>50K
4015,label_errors,class,>50K,<=50K
4413,label_errors,class,>50K,<=50K
4281,label_errors,class,<=50K,>50K
4792,label_errors,class,<=50K,>50K
1884,label_errors,class,<=50K,>50K
3502,label_errors,class,<=50K,>50K
2121,label_errors,class,<=50K,>50K
2161,label_errors,class,<=50K,>50K
3643,label_errors,class,<=50K,>50K
2245,label_errors,class,<=50K,>50K
1646,label_errors,class,<=50K,>50K
1311,label_errors,class,<=50K,>50K
5294,label_errors,class,>50K,<=50K
4899,label_errors,class,>50K,<=50K
750,label_errors,class,<=50K,>50K
129,label_errors,class,<=50K,>50K
3891,label_errors,class,>50K,<=50K
4712,label_errors,class,<=50K,>50K
4238,label_errors,class,<=50K,>50K
1017,label_errors,class,>50K,<=50K
4665,label_errors,class,<=50K,>50K
2922,label_errors,class,<=50K,>50K
5516,label_errors,class,<=50K,>50K
1044,label_errors,class,<=50K,>50K
468,label_errors,class,<=50K,>50K
4924,label_errors,class,<=50K,>50K
3862,label_errors,class,>50K,<=50K
1833,label_errors,class,>50K,<=50K
3861,label_errors,class,<=50K,>50K
3964,label_errors,class,>50K,<=50K
5572,label_errors,class,<=50K,>50K
5833,label_errors,class,<=50K,>50K
3267,label_errors,class,<=50K,>50K
5577,label_errors,class,<=50K,>50K
3938,label_errors,class,<=50K,>50K
5951,label_errors,class,<=50K,>50K
1878,label_errors,class,<=50K,>50K
5081,label_errors,class,<=50K,>50K
5832,label_errors,class,>50K,<=50K
3121,label_errors,class,>50K,<=50K
2747,label_errors,class,<=50K,>50K
4775,label_errors,class,<=50K,>50K
4681,label_errors,class,>50K,<=50K
2685,label_errors,class,<=50K,>50K
2070,label_errors,class,<=50K,>50K
3933,label_errors,class,<=50K,>50K
4358,label_errors,class,<=50K,>50K
3810,label_errors,class,<=50K,>50K
2699,label_errors,class,>50K,<=50K
4816,label_errors,class,<=50K,>50K
810,label_errors,class,<=50K,>50K
1368,label_errors,class,<=50K,>50K
5006,label_errors,class,<=50K,>50K
1588,label_errors,class,<=50K,>50K
3006,label_errors,class,>50K,<=50K
2368,label_errors,class,<=50K,>50K
5576,label_errors,class,>50K,<=50K
3527,label_errors,class,<=50K,>50K
1963,label_errors,class,<=50K,>50K
623,label_errors,class,<=50K,>50K
2581,label_errors,class,<=50K,>50K
4818,label_errors,class,<=50K,>50K
5915,label_errors,class,<=50K,>50K
5903,label_errors,class,<=50K,>50K
1570,label_errors,class,<=50K,>50K
5725,label_errors,class,<=50K,>50K
2243,label_errors,class,<=50K,>50K
2709,label_errors,class,<=50K,>50K
5435,label_errors,class,>50K,<=50K
5092,label_errors,class,<=50K,>50K
5657,label_errors,class,<=50K,>50K
2132,label_errors,class,<=50K,>50K
1302,label_errors,class,<=50K,>50K
4875,label_errors,class,<=50K,>50K
2399,label_errors,class,<=50K,>50K
4445,label_errors,class,<=50K,>50K
4352,label_errors,class,<=50K,>50K
5838,label_errors,class,<=50K,>50K
2667,label_errors,class,<=50K,>50K
3733,label_errors,class,>50K,<=50K
2473,label_errors,class,<=50K,>50K
4097,label_errors,class,<=50K,>50K
1219,feature_corruption,age,,
576,feature_corruption,age,,
5622,feature_corruption,age,,
747,feature_corruption,age,,
3611,feature_corruption,age,,
3389,feature_corruption,age,,
3720,feature_corruption,age,,
183,feature_corruption,age,,
2017,feature_corruption,age,,
429,feature_corruption,age,,
4231,feature_corruption,age,,
2514,feature_corruption,age,,
4239,feature_corruption,age,,
5495,feature_corruption,age,,
1311,feature_corruption,age,,
4862,feature_corruption,age,,
372,feature_corruption,age,,
5109,feature_corruption,age,,
5799,feature_corruption,age,,
729,feature_corruption,age,,
4629,feature_corruption,age,,
1839,feature_corruption,age,,
627,feature_corruption,age,,
3663,feature_corruption,age,,
4628,feature_corruption,age,,
1661,feature_corruption,age,,
1767,feature_corruption,age,,
3680,feature_corruption,age,,
4208,feature_corruption,age,,
2832,feature_corruption,age,,
3685,feature_corruption,age,,
3505,feature_corruption,age,,
3267,feature_corruption,age,,
3710,feature_corruption,age,,
392,feature_corruption,age,,
2687,feature_corruption,age,,
173,feature_corruption,age,,
504,feature_corruption,age,,
5106,feature_corruption,age,,
1785,feature_corruption,age,,
1194,feature_corruption,age,,
3457,feature_corruption,age,,
3674,feature_corruption,age,,
1940,feature_corruption,age,,
2909,feature_corruption,age,,
4316,feature_corruption,age,,
2263,feature_corruption,age,,
4533,feature_corruption,age,,
4589,feature_corruption,age,,
4259,feature_corruption,age,,
4970,feature_corruption,age,,
5899,feature_corruption,age,,
3295,feature_corruption,age,,
3241,feature_corruption,age,,
1815,feature_corruption,age,,
2855,feature_corruption,age,,
2913,feature_corruption,age,,
5140,feature_corruption,age,,
2112,feature_corruption,age,,
1337,feature_corruption,age,,
1050,feature_corruption,age,,
4794,feature_corruption,age,,
2766,feature_corruption,age,,
893,feature_corruption,age,,
5529,feature_corruption,age,,
4322,feature_corruption,age,,
264,feature_corruption,age,,
5842,feature_corruption,age,,
573,feature_corruption,age,,
1603,feature_corruption,age,,
2942,feature_corruption,age,,
3130,feature_corruption,age,,
739,feature_corruption,age,,
5496,feature_corruption,age,,
5841,feature_corruption,age,,
3294,feature_corruption,age,,
4520,feature_corruption,age,,
2096,feature_corruption,age,,
3908,feature_corruption,age,,
366,feature_corruption,age,,
2581,feature_corruption,age,,
347,feature_corruption,age,,
1804,feature_corruption,age,,
2088,feature_corruption,age,,
2972,feature_corruption,age,,
1078,feature_corruption,age,,
3374,feature_corruption,age,,
1764,feature_corruption,age,,
742,feature_corruption,age,,
3278,feature_corruption,age,,
5589,feature_corruption,age,,
933,feature_corruption,age,,
4944,feature_corruption,age,,
5743,feature_corruption,age,,
5847,feature_corruption,age,,
224,feature_corruption,age,,
604,feature_corruption,age,,
608,feature_corruption,age,,
5392,feature_corruption,age,,
4408,feature_corruption,age,,
2911,feature_corruption,age,,
5642,feature_corruption,age,,
1865,feature_corruption,age,,
3224,feature_corruption,age,,
1915,feature_corruption,age,,
2277,feature_corruption,age,,
2510,feature_corruption,age,,
1124,feature_corruption,age,,
1868,feature_corruption,age,,
745,feature_corruption,age,,
4663,feature_corruption,age,,
5603,feature_corruption,age,,
5412,feature_corruption,age,,
2773,feature_corruption,age,,
4892,feature_corruption,age,,
55,feature_corruption,age,,
3725,feature_corruption,age,,
2168,feature_corruption,age,,
2705,feature_corruption,age,,
4141,feature_corruption,age,,
1685,feature_corruption,age,,
2758,feature_corruption,age,,
1287,feature_corruption,age,,
2616,feature_corruption,age,,
1803,feature_corruption,age,,
1175,feature_corruption,age,,
541,feature_corruption,age,,
4802,feature_corruption,age,,
3,feature_corruption,age,,
2924,feature_corruption,age,,
2643,feature_corruption,age,,
5481,feature_corruption,age,,
5449,feature_corruption,age,,
1125,feature_corruption,age,,
4090,feature_corruption,age,,
4457,feature_corruption,age,,
5335,feature_corruption,age,,
4730,feature_corruption,age,,
5008,feature_corruption,age,,
4008,feature_corruption,age,,
375,feature_corruption,age,,
4360,feature_corruption,age,,
3406,feature_corruption,age,,
811,feature_corruption,age,,
5096,feature_corruption,age,,
2575,feature_corruption,age,,
2651,feature_corruption,age,,
5784,feature_corruption,age,,
531,feature_corruption,age,,
2424,feature_corruption,age,,
1869,feature_corruption,age,,
897,feature_corruption,age,,
4673,feature_corruption,age,,
2684,feature_corruption,age,,
3237,feature_corruption,age,,
2006,feature_corruption,age,,
3276,feature_corruption,age,,
3564,feature_corruption,age,,
5365,feature_corruption,age,,
2228,feature_corruption,age,,
1484,feature_corruption,age,,
2184,feature_corruption,age,,
860,feature_corruption,age,,
18,feature_corruption,age,,
3368,feature_corruption,age,,
4965,feature_corruption,age,,
4531,feature_corruption,age,,
4900,feature_corruption,age,,
1486,feature_corruption,age,,
480,feature_corruption,age,,
970,feature_corruption,age,,
2407,feature_corruption,age,,
5632,feature_corruption,age,,
2807,feature_corruption,age,,
1633,feature_corruption,age,,
770,feature_corruption,age,,
2962,feature_corruption,age,,
3576,feature_corruption,age,,
4226,feature_corruption,age,,
5312,feature_corruption,age,,
3865,feature_corruption,age,,
3985,feature_corruption,age,,
3658,feature_corruption,age,,
4347,feature_corruption,age,,
112,feature_corruption,age,,
665,feature_corruption,age,,
3553,feature_corruption,age,,
3646,feature_corruption,age,,
3476,feature_corruption,age,,
4192,feature_corruption,age,,
5090,feature_corruption,age,,
4600,feature_corruption,age,,
3248,feature_corruption,age,,
2417,feature_corruption,age,,
1963,feature_corruption,age,,
4359,feature_corruption,age,,
2519,feature_corruption,age,,
3979,feature_corruption,age,,
3451,feature_corruption,age,,
9,feature_corruption,age,,
5158,feature_corruption,age,,
917,feature_corruption,age,,
4380,feature_corruption,age,,
2046,feature_corruption,age,,
5661,feature_corruption,age,,
2481,feature_corruption,age,,
3986,feature_corruption,age,,
1623,feature_corruption,age,,
5040,feature_corruption,age,,
602,feature_corruption,age,,
48,feature_corruption,age,,
4691,feature_corruption,age,,
3004,feature_corruption,age,,
242,feature_corruption,age,,
4338,feature_corruption,age,,
1704,feature_corruption,age,,
5734,feature_corruption,age,,
4262,feature_corruption,age,,
5824,feature_corruption,age,,
3669,feature_corruption,age,,
3351,feature_corruption,age,,
2486,feature_corruption,age,,
2408,feature_corruption,age,,
5056,feature_corruption,age,,
5938,feature_corruption,age,,
2779,feature_corruption,age,,
474,feature_corruption,age,,
5865,feature_corruption,age,,
5674,feature_corruption,age,,
709,feature_corruption,age,,
87,feature_corruption,age,,
4792,feature_corruption,age,,
5702,feature_corruption,age,,
3497,feature_corruption,age,,
3355,feature_corruption,age,,
2397,feature_corruption,age,,
3016,feature_corruption,age,,
2739,feature_corruption,age,,
3102,feature_corruption,age,,
1146,feature_corruption,age,,
4585,feature_corruption,age,,
3955,feature_corruption,age,,
3238,feature_corruption,age,,
4078,feature_corruption,age,,
2145,feature_corruption,age,,
3114,feature_corruption,age,,
566,feature_corruption,age,,
5052,feature_corruption,age,,
1955,feature_corruption,age,,
1385,feature_corruption,age,,
2846,feature_corruption,age,,
1587,feature_corruption,age,,
3063,feature_corruption,age,,
4778,feature_corruption,age,,
636,feature_corruption,age,,
556,feature_corruption,age,,
4787,feature_corruption,age,,
5491,feature_corruption,age,,
1478,feature_corruption,age,,
2707,feature_corruption,age,,
5176,feature_corruption,age,,
2762,feature_corruption,age,,
5519,feature_corruption,age,,
2916,feature_corruption,age,,
2373,feature_corruption,age,,
3386,feature_corruption,age,,
4574,feature_corruption,age,,
5787,feature_corruption,age,,
787,feature_corruption,age,,
5579,feature_corruption,age,,
1173,feature_corruption,age,,
5593,feature_corruption,age,,
4959,feature_corruption,age,,
649,feature_corruption,age,,
3312,feature_corruption,age,,
3113,feature_corruption,age,,
2638,feature_corruption,age,,
906,feature_corruption,age,,
4213,feature_corruption,age,,
1805,feature_corruption,age,,
2281,feature_corruption,age,,
2671,feature_corruption,age,,
4583,feature_corruption,age,,
3984,feature_corruption,age,,
1198,feature_corruption,age,,
1728,feature_corruption,age,,
2815,feature_corruption,age,,
5821,feature_corruption,age,,
2126,feature_corruption,age,,
4201,feature_corruption,age,,
3862,feature_corruption,age,,
4688,feature_corruption,age,,
5559,feature_corruption,age,,
1095,feature_corruption,age,,
565,feature_corruption,age,,
2624,feature_corruption,workclass,,
1989,feature_corruption,workclass,,
2888,feature_corruption,workclass,,
2878,feature_corruption,workclass,,
4500,feature_corruption,workclass,,
295,feature_corruption,workclass,,
3433,feature_corruption,workclass,,
5594,feature_corruption,workclass,,
127,feature_corruption,workclass,,
5745,feature_corruption,workclass,,
758,feature_corruption,workclass,,
2577,feature_corruption,workclass,,
4869,feature_corruption,workclass,,
2979,feature_corruption,workclass,,
5389,feature_corruption,workclass,,
4133,feature_corruption,workclass,,
3790,feature_corruption,workclass,,
3650,feature_corruption,workclass,,
447,feature_corruption,workclass,,
3148,feature_corruption,workclass,,
1095,feature_corruption,workclass,,
5553,feature_corruption,workclass,,
1152,feature_corruption,workclass,,
476,feature_corruption,workclass,,
929,feature_corruption,workclass,,
2988,feature_corruption,workclass,,
600,feature_corruption,workclass,,
263,feature_corruption,workclass,,
63,feature_corruption,workclass,,
2588,feature_corruption,workclass,,
2547,feature_corruption,workclass,,
890,feature_corruption,workclass,,
3937,feature_corruption,workclass,,
1014,feature_corruption,workclass,,
3174,feature_corruption,workclass,,
3023,feature_corruption,workclass,,
2340,feature_corruption,workclass,,
3214,feature_corruption,workclass,,
5650,feature_corruption,workclass,,
1289,feature_corruption,workclass,,
4138,feature_corruption,workclass,,
3912,feature_corruption,workclass,,
1436,feature_corruption,workclass,,
1323,feature_corruption,workclass,,
960,feature_corruption,workclass,,
5546,feature_corruption,workclass,,
885,feature_corruption,workclass,,
4141,feature_corruption,workclass,,
5516,feature_corruption,workclass,,
4426,feature_corruption,workclass,,
4265,feature_corruption,workclass,,
3499,feature_corruption,workclass,,
3213,feature_corruption,workclass,,
2557,feature_corruption,workclass,,
1634,feature_corruption,workclass,,
3941,feature_corruption,workclass,,
882,feature_corruption,workclass,,
2424,feature_corruption,workclass,,
2382,feature_corruption,workclass,,
214,feature_corruption,workclass,,
4759,feature_corruption,workclass,,
975,feature_corruption,workclass,,
2545,feature_corruption,workclass,,
1327,feature_corruption,workclass,,
1413,feature_corruption,workclass,,
4977,feature_corruption,workclass,,
1734,feature_corruption,workclass,,
5640,feature_corruption,workclass,,
2203,feature_corruption,workclass,,
2896,feature_corruption,workclass,,
916,feature_corruption,workclass,,
739,feature_corruption,workclass,,
136,feature_corruption,workclass,,
1580,feature_corruption,workclass,,
5324,feature_corruption,workclass,,
3763,feature_corruption,workclass,,
1089,feature_corruption,workclass,,
901,feature_corruption,workclass,,
4818,feature_corruption,workclass,,
3911,feature_corruption,workclass,,
5651,feature_corruption,workclass,,
4419,feature_corruption,workclass,,
4747,feature_corruption,workclass,,
341,feature_corruption,workclass,,
5788,feature_corruption,workclass,,
1600,feature_corruption,workclass,,
630,feature_corruption,workclass,,
2444,feature_corruption,workclass,,
4638,feature_corruption,workclass,,
2068,feature_corruption,workclass,,
1143,feature_corruption,workclass,,
4236,feature_corruption,workclass,,
1299,feature_corruption,workclass,,
3887,feature_corruption,workclass,,
4758,feature_corruption,workclass,,
349,feature_corruption,workclass,,
2881,feature_corruption,workclass,,
4760,feature_corruption,workclass,,
716,feature_corruption,workclass,,
5477,feature_corruption,workclass,,
2015,feature_corruption,workclass,,
3776,feature_corruption,workclass,,
5286,feature_corruption,workclass,,
3262,feature_corruption,workclass,,
3548,feature_corruption,workclass,,
736,feature_corruption,workclass,,
5737,feature_corruption,workclass,,
2255,feature_corruption,workclass,,
2143,feature_corruption,workclass,,
776,feature_corruption,workclass,,
4695,feature_corruption,workclass,,
1244,feature_corruption,workclass,,
2187,feature_corruption,workclass,,
3880,feature_corruption,workclass,,
3638,feature_corruption,workclass,,
2692,feature_corruption,workclass,,
4100,feature_corruption,workclass,,
400,feature_corruption,workclass,,
2468,feature_corruption,workclass,,
2175,feature_corruption,workclass,,
3452,feature_corruption,workclass,,
2885,feature_corruption,workclass,,
870,feature_corruption,workclass,,
3059,feature_corruption,workclass,,
410,feature_corruption,workclass,,
4665,feature_corruption,workclass,,
3402,feature_corruption,workclass,,
5649,feature_corruption,workclass,,
1686,feature_corruption,workclass,,
1897,feature_corruption,workclass,,
5329,feature_corruption,workclass,,
257,feature_corruption,workclass,,
296,feature_corruption,workclass,,
5930,feature_corruption,workclass,,
157,feature_corruption,workclass,,
4506,feature_corruption,workclass,,
3942,feature_corruption,workclass,,
5985,feature_corruption,workclass,,
3270,feature_corruption,workclass,,
5351,feature_corruption,workclass,,
4430,feature_corruption,workclass,,
3647,feature_corruption,workclass,,
4166,feature_corruption,workclass,,
380,feature_corruption,workclass,,
980,feature_corruption,workclass,,
308,feature_corruption,workclass,,
1637,feature_corruption,workclass,,
1038,feature_corruption,workclass,,
5835,feature_corruption,workclass,,
2957,feature_corruption,workclass,,
615,feature_corruption,workclass,,
5472,feature_corruption,workclass,,
3153,feature_corruption,workclass,,
2575,feature_corruption,workclass,,
4498,feature_corruption,workclass,,
4480,feature_corruption,workclass,,
1007,feature_corruption,workclass,,
1443,feature_corruption,workclass,,
875,feature_corruption,workclass,,
3417,feature_corruption,workclass,,
4953,feature_corruption,workclass,,
3970,feature_corruption,workclass,,
2700,feature_corruption,workclass,,
2301,feature_corruption,workclass,,
2909,feature_corruption,workclass,,
892,feature_corruption,workclass,,
3743,feature_corruption,workclass,,
3648,feature_corruption,workclass,,
4795,feature_corruption,workclass,,
1043,feature_corruption,workclass,,
2178,feature_corruption,workclass,,
569,feature_corruption,workclass,,
2495,feature_corruption,workclass,,
5146,feature_corruption,workclass,,
139,feature_corruption,workclass,,
4516,feature_corruption,workclass,,
2678,feature_corruption,workclass,,
4369,feature_corruption,workclass,,
19,feature_corruption,workclass,,
4359,feature_corruption,workclass,,
1560,feature_corruption,workclass,,
878,feature_corruption,workclass,,
4540,feature_corruption,workclass,,
553,feature_corruption,workclass,,
1574,feature_corruption,workclass,,
4268,feature_corruption,workclass,,
3089,feature_corruption,workclass,,
4984,feature_corruption,workclass,,
919,feature_corruption,workclass,,
4245,feature_corruption,workclass,,
1607,feature_corruption,workclass,,
973,feature_corruption,workclass,,
714,feature_corruption,workclass,,
5238,feature_corruption,workclass,,
974,feature_corruption,workclass,,
1463,feature_corruption,workclass,,
2696,feature_corruption,workclass,,
529,feature_corruption,workclass,,
121,feature_corruption,workclass,,
279,feature_corruption,workclass,,
5085,feature_corruption,workclass,,
280,feature_corruption,workclass,,
4597,feature_corruption,workclass,,
1424,feature_corruption,workclass,,
5806,feature_corruption,workclass,,
2026,feature_corruption,workclass,,
5198,feature_corruption,workclass,,
2071,feature_corruption,workclass,,
608,feature_corruption,workclass,,
2031,feature_corruption,workclass,,
3394,feature_corruption,workclass,,
2019,feature_corruption,workclass,,
5116,feature_corruption,workclass,,
3246,feature_corruption,workclass,,
4191,feature_corruption,workclass,,
3096,feature_corruption,workclass,,
3674,feature_corruption,workclass,,
5694,feature_corruption,workclass,,
634,feature_corruption,workclass,,
5696,feature_corruption,workclass,,
3046,feature_corruption,workclass,,
2824,feature_corruption,workclass,,
3110,feature_corruption,workclass,,
3540,feature_corruption,workclass,,
2358,feature_corruption,workclass,,
621,feature_corruption,workclass,,
711,feature_corruption,workclass,,
3967,feature_corruption,workclass,,
1729,feature_corruption,workclass,,
1140,feature_corruption,workclass,,
244,feature_corruption,workclass,,
3855,feature_corruption,workclass,,
2162,feature_corruption,workclass,,
3560,feature_corruption,workclass,,
1663,feature_corruption,workclass,,
427,feature_corruption,workclass,,
3078,feature_corruption,workclass,,
5459,feature_corruption,workclass,,
910,feature_corruption,workclass,,
554,feature_corruption,workclass,,
2813,feature_corruption,workclass,,
3852,feature_corruption,workclass,,
4152,feature_corruption,workclass,,
1788,feature_corruption,workclass,,
4653,feature_corruption,workclass,,
3513,feature_corruption,workclass,,
1198,feature_corruption,workclass,,
4868,feature_corruption,workclass,,
1716,feature_corruption,workclass,,
811,feature_corruption,workclass,,
73,feature_corruption,workclass,,
29,feature_corruption,workclass,,
4385,feature_corruption,workclass,,
4729,feature_corruption,workclass,,
4675,feature_corruption,workclass,,
3666,feature_corruption,workclass,,
3511,feature_corruption,workclass,,
4766,feature_corruption,workclass,,
1008,feature_corruption,workclass,,
5456,feature_corruption,workclass,,
3598,feature_corruption,workclass,,
364,feature_corruption,workclass,,
5108,feature_corruption,workclass,,
3740,feature_corruption,workclass,,
1429,feature_corruption,workclass,,
1682,feature_corruption,workclass,,
259,feature_corruption,workclass,,
1041,feature_corruption,workclass,,
126,feature_corruption,workclass,,
5457,feature_corruption,workclass,,
2540,feature_corruption,workclass,,
4948,feature_corruption,workclass,,
651,feature_corruption,workclass,,
5053,feature_corruption,workclass,,
4799,feature_corruption,workclass,,
3956,feature_corruption,workclass,,
3034,feature_corruption,workclass,,
789,feature_corruption,workclass,,
5808,feature_corruption,workclass,,
3469,feature_corruption,workclass,,
1853,feature_corruption,workclass,,
1675,feature_corruption,workclass,,
5294,feature_corruption,workclass,,
132,feature_corruption,workclass,,
5052,feature_corruption,workclass,,
5929,feature_corruption,workclass,,
3316,feature_corruption,workclass,,
1681,feature_corruption,workclass,,
3534,feature_corruption,workclass,,
2955,feature_corruption,workclass,,
4722,feature_corruption,workclass,,
4574,feature_corruption,workclass,,
4188,feature_corruption,workclass,,
3773,feature_corruption,workclass,,
995,feature_corruption,workclass,,
2601,feature_corruption,workclass,,
4775,feature_corruption,workclass,,
44,feature_corruption,workclass,,
3816,feature_corruption,workclass,,
4991,feature_corruption,workclass,,
4015,feature_corruption,workclass,,
4770,feature_corruption,workclass,,
925,feature_corruption,workclass,,
2182,feature_corruption,workclass,,
1167,feature_corruption,workclass,,
4566,feature_corruption,workclass,,
3218,feature_corruption,fnlwgt,,
222,feature_corruption,fnlwgt,,
239,feature_corruption,fnlwgt,,
5720,feature_corruption,fnlwgt,,
177,feature_corruption,fnlwgt,,
1594,feature_corruption,fnlwgt,,
2866,feature_corruption,fnlwgt,,
5306,feature_corruption,fnlwgt,,
3125,feature_corruption,fnlwgt,,
5394,feature_corruption,fnlwgt,,
5750,feature_corruption,fnlwgt,,
444,feature_corruption,fnlwgt,,
3060,feature_corruption,fnlwgt,,
1172,feature_corruption,fnlwgt,,
3509,feature_corruption,fnlwgt,,
1637,feature_corruption,fnlwgt,,
809,feature_corruption,fnlwgt,,
5803,feature_corruption,fnlwgt,,
662,feature_corruption,fnlwgt,,
407,feature_corruption,fnlwgt,,
3681,feature_corruption,fnlwgt,,
543,feature_corruption,fnlwgt,,
1474,feature_corruption,fnlwgt,,
5297,feature_corruption,fnlwgt,,
2162,feature_corruption,fnlwgt,,
4914,feature_corruption,fnlwgt,,
3391,feature_corruption,fnlwgt,,
4192,feature_corruption,fnlwgt,,
3115,feature_corruption,fnlwgt,,
4054,feature_corruption,fnlwgt,,
5950,feature_corruption,fnlwgt,,
5292,feature_corruption,fnlwgt,,
1737,feature_corruption,fnlwgt,,
102,feature_corruption,fnlwgt,,
1020,feature_corruption,fnlwgt,,
4949,feature_corruption,fnlwgt,,
3615,feature_corruption,fnlwgt,,
2059,feature_corruption,fnlwgt,,
1719,feature_corruption,fnlwgt,,
807,feature_corruption,fnlwgt,,
5288,feature_corruption,fnlwgt,,
121,feature_corruption,fnlwgt,,
3335,feature_corruption,fnlwgt,,
5381,feature_corruption,fnlwgt,,
1738,feature_corruption,fnlwgt,,
3030,feature_corruption,fnlwgt,,
5678,feature_corruption,fnlwgt,,
4305,feature_corruption,fnlwgt,,
5857,feature_corruption,fnlwgt,,
5728,feature_corruption,fnlwgt,,
2822,feature_corruption,fnlwgt,,
5195,feature_corruption,fnlwgt,,
4357,feature_corruption,fnlwgt,,
546,feature_corruption,fnlwgt,,
3455,feature_corruption,fnlwgt,,
4365,feature_corruption,fnlwgt,,
213,feature_corruption,fnlwgt,,
1948,feature_corruption,fnlwgt,,
5474,feature_corruption,fnlwgt,,
2417,feature_corruption,fnlwgt,,
5689,feature_corruption,fnlwgt,,
352,feature_corruption,fnlwgt,,
1077,feature_corruption,fnlwgt,,
4667,feature_corruption,fnlwgt,,
4083,feature_corruption,fnlwgt,,
2603,feature_corruption,fnlwgt,,
3511,feature_corruption,fnlwgt,,
560,feature_corruption,fnlwgt,,
3543,feature_corruption,fnlwgt,,
2728,feature_corruption,fnlwgt,,
5284,feature_corruption,fnlwgt,,
4596,feature_corruption,fnlwgt,,
5683,feature_corruption,fnlwgt,,
3038,feature_corruption,fnlwgt,,
3471,feature_corruption,fnlwgt,,
570,feature_corruption,fnlwgt,,
291,feature_corruption,fnlwgt,,
490,feature_corruption,fnlwgt,,
2317,feature_corruption,fnlwgt,,
2959,feature_corruption,fnlwgt,,
4627,feature_corruption,fnlwgt,,
3106,feature_corruption,fnlwgt,,
1108,feature_corruption,fnlwgt,,
2387,feature_corruption,fnlwgt,,
4257,feature_corruption,fnlwgt,,
4476,feature_corruption,fnlwgt,,
4475,feature_corruption,fnlwgt,,
18,feature_corruption,fnlwgt,,
3633,feature_corruption,fnlwgt,,
3548,feature_corruption,fnlwgt,,
5420,feature_corruption,fnlwgt,,
3631,feature_corruption,fnlwgt,,
2319,feature_corruption,fnlwgt,,
740,feature_corruption,fnlwgt,,
4117,feature_corruption,fnlwgt,,
3116,feature_corruption,fnlwgt,,
2781,feature_corruption,fnlwgt,,
2285,feature_corruption,fnlwgt,,
4698,feature_corruption,fnlwgt,,
2459,feature_corruption,fnlwgt,,
4078,feature_corruption,fnlwgt,,
5380,feature_corruption,fnlwgt,,
4326,feature_corruption,fnlwgt,,
2752,feature_corruption,fnlwgt,,
2861,feature_corruption,fnlwgt,,
294,feature_corruption,fnlwgt,,
3432,feature_corruption,fnlwgt,,
5897,feature_corruption,fnlwgt,,
3409,feature_corruption,fnlwgt,,
3596,feature_corruption,fnlwgt,,
2358,feature_corruption,fnlwgt,,
4999,feature_corruption,fnlwgt,,
5405,feature_corruption,fnlwgt,,
5662,feature_corruption,fnlwgt,,
3849,feature_corruption,fnlwgt,,
2647,feature_corruption,fnlwgt,,
4430,feature_corruption,fnlwgt,,
1159,feature_corruption,fnlwgt,,
2978,feature_corruption,fnlwgt,,
1098,feature_corruption,fnlwgt,,
5655,feature_corruption,fnlwgt,,
3333,feature_corruption,fnlwgt,,
5407,feature_corruption,fnlwgt,,
139,feature_corruption,fnlwgt,,
4615,feature_corruption,fnlwgt,,
2798,feature_corruption,fnlwgt,,
2935,feature_corruption,fnlwgt,,
4502,feature_corruption,fnlwgt,,
5106,feature_corruption,fnlwgt,,
4571,feature_corruption,fnlwgt,,
1180,feature_corruption,fnlwgt,,
154,feature_corruption,fnlwgt,,
3270,feature_corruption,fnlwgt,,
5631,feature_corruption,fnlwgt,,
2377,feature_corruption,fnlwgt,,
5712,feature_corruption,fnlwgt,,
1885,feature_corruption,fnlwgt,,
5985,feature_corruption,fnlwgt,,
581,feature_corruption,fnlwgt,,
188,feature_corruption,fnlwgt,,
3554,feature_corruption,fnlwgt,,
919,feature_corruption,fnlwgt,,
1516,feature_corruption,fnlwgt,,
3824,feature_corruption,fnlwgt,,
5088,feature_corruption,fnlwgt,,
3810,feature_corruption,fnlwgt,,
256,feature_corruption,fnlwgt,,
4382,feature_corruption,fnlwgt,,
1215,feature_corruption,fnlwgt,,
3924,feature_corruption,fnlwgt,,
300,feature_corruption,fnlwgt,,
4249,feature_corruption,fnlwgt,,
5792,feature_corruption,fnlwgt,,
653,feature_corruption,fnlwgt,,
4618,feature_corruption,fnlwgt,,
3695,feature_corruption,fnlwgt,,
808,feature_corruption,fnlwgt,,
1370,feature_corruption,fnlwgt,,
3424,feature_corruption,fnlwgt,,
122,feature_corruption,fnlwgt,,
5579,feature_corruption,fnlwgt,,
1953,feature_corruption,fnlwgt,,
2337,feature_corruption,fnlwgt,,
5708,feature_corruption,fnlwgt,,
1874,feature_corruption,fnlwgt,,
5573,feature_corruption,fnlwgt,,
4102,feature_corruption,fnlwgt,,
3193,feature_corruption,fnlwgt,,
950,feature_corruption,fnlwgt,,
4289,feature_corruption,fnlwgt,,
736,feature_corruption,fnlwgt,,
3288,feature_corruption,fnlwgt,,
5234,feature_corruption,fnlwgt,,
4182,feature_corruption,fnlwgt,,
2114,feature_corruption,fnlwgt,,
3254,feature_corruption,fnlwgt,,
2542,feature_corruption,fnlwgt,,
2000,feature_corruption,fnlwgt,,
3995,feature_corruption,fnlwgt,,
2173,feature_corruption,fnlwgt,,
5793,feature_corruption,fnlwgt,,
5690,feature_corruption,fnlwgt,,
697,feature_corruption,fnlwgt,,
176,feature_corruption,fnlwgt,,
524,feature_corruption,fnlwgt,,
3035,feature_corruption,fnlwgt,,
4381,feature_corruption,fnlwgt,,
5155,feature_corruption,fnlwgt,,
3623,feature_corruption,fnlwgt,,
2396,feature_corruption,fnlwgt,,
253,feature_corruption,fnlwgt,,
651,feature_corruption,fnlwgt,,
2375,feature_corruption,fnlwgt,,
4313,feature_corruption,fnlwgt,,
3057,feature_corruption,fnlwgt,,
5187,feature_corruption,fnlwgt,,
2130,feature_corruption,fnlwgt,,
3382,feature_corruption,fnlwgt,,
5471,feature_corruption,fnlwgt,,
3796,feature_corruption,fnlwgt,,
3592,feature_corruption,fnlwgt,,
297,feature_corruption,fnlwgt,,
5929,feature_corruption,fnlwgt,,
2985,feature_corruption,fnlwgt,,
3944,feature_corruption,fnlwgt,,
4569,feature_corruption,fnlwgt,,
4861,feature_corruption,fnlwgt,,
3034,feature_corruption,fnlwgt,,
1745,feature_corruption,fnlwgt,,
5410,feature_corruption,fnlwgt,,
814,feature_corruption,fnlwgt,,
286,feature_corruption,fnlwgt,,
1964,feature_corruption,fnlwgt,,
1534,feature_corruption,fnlwgt,,
4957,feature_corruption,fnlwgt,,
958,feature_corruption,fnlwgt,,
2323,feature_corruption,fnlwgt,,
5805,feature_corruption,fnlwgt,,
302,feature_corruption,fnlwgt,,
2553,feature_corruption,fnlwgt,,
1092,feature_corruption,fnlwgt,,
4645,feature_corruption,fnlwgt,,
3961,feature_corruption,fnlwgt,,
1768,feature_corruption,fnlwgt,,
5364,feature_corruption,fnlwgt,,
1679,feature_corruption,fnlwgt,,
2969,feature_corruption,fnlwgt,,
2654,feature_corruption,fnlwgt,,
3745,feature_corruption,fnlwgt,,
1192,feature_corruption,fnlwgt,,
793,feature_corruption,fnlwgt,,
1504,feature_corruption,fnlwgt,,
5919,feature_corruption,fnlwgt,,
3040,feature_corruption,fnlwgt,,
4595,feature_corruption,fnlwgt,,
5821,feature_corruption,fnlwgt,,
5685,feature_corruption,fnlwgt,,
2602,feature_corruption,fnlwgt,,
4503,feature_corruption,fnlwgt,,
1007,feature_corruption,fnlwgt,,
1819,feature_corruption,fnlwgt,,
1533,feature_corruption,fnlwgt,,
1050,feature_corruption,fnlwgt,,
3449,feature_corruption,fnlwgt,,
5042,feature_corruption,fnlwgt,,
2003,feature_corruption,fnlwgt,,
3774,feature_corruption,fnlwgt,,
2902,feature_corruption,fnlwgt,,
892,feature_corruption,fnlwgt,,
5451,feature_corruption,fnlwgt,,
3998,feature_corruption,fnlwgt,,
910,feature_corruption,fnlwgt,,
4202,feature_corruption,fnlwgt,,
1860,feature_corruption,fnlwgt,,
460,feature_corruption,fnlwgt,,
4871,feature_corruption,fnlwgt,,
1593,feature_corruption,fnlwgt,,
3084,feature_corruption,fnlwgt,,
3842,feature_corruption,fnlwgt,,
861,feature_corruption,fnlwgt,,
1510,feature_corruption,fnlwgt,,
3630,feature_corruption,fnlwgt,,
4760,feature_corruption,fnlwgt,,
3898,feature_corruption,fnlwgt,,
5075,feature_corruption,fnlwgt,,
5329,feature_corruption,fnlwgt,,
4044,feature_corruption,fnlwgt,,
3703,feature_corruption,fnlwgt,,
5936,feature_corruption,fnlwgt,,
657,feature_corruption,fnlwgt,,
2725,feature_corruption,fnlwgt,,
4639,feature_corruption,fnlwgt,,
2279,feature_corruption,fnlwgt,,
3300,feature_corruption,fnlwgt,,
3992,feature_corruption,fnlwgt,,
1402,feature_corruption,fnlwgt,,
4041,feature_corruption,fnlwgt,,
1019,feature_corruption,fnlwgt,,
536,feature_corruption,fnlwgt,,
5542,feature_corruption,fnlwgt,,
3885,feature_corruption,fnlwgt,,
1089,feature_corruption,fnlwgt,,
1950,feature_corruption,fnlwgt,,
4966,feature_corruption,fnlwgt,,
42,feature_corruption,fnlwgt,,
3404,feature_corruption,fnlwgt,,
1359,feature_corruption,fnlwgt,,
3007,feature_corruption,fnlwgt,,
318,feature_corruption,fnlwgt,,
4917,feature_corruption,fnlwgt,,
5741,feature_corruption,fnlwgt,,
709,feature_corruption,fnlwgt,,
4564,feature_corruption,fnlwgt,,
3166,feature_corruption,fnlwgt,,
4405,feature_corruption,fnlwgt,,
4316,feature_corruption,fnlwgt,,
3783,feature_corruption,fnlwgt,,
3313,feature_corruption,fnlwgt,,
1796,feature_corruption,fnlwgt,,
4411,feature_corruption,fnlwgt,,
5537,feature_corruption,fnlwgt,,
1371,feature_corruption,fnlwgt,,
83,feature_corruption,fnlwgt,,
859,feature_corruption,fnlwgt,,
4642,feature_corruption,fnlwgt,,
733,feature_corruption,fnlwgt,,
1895,feature_corruption,fnlwgt,,
5756,feature_corruption,fnlwgt,,
4830,feature_corruption,fnlwgt,,
3981,feature_corruption,fnlwgt,,
1887,feature_corruption,fnlwgt,,
3245,feature_corruption,fnlwgt,,
129,feature_corruption,fnlwgt,,
2624,feature_corruption,fnlwgt,,
2831,feature_corruption,fnlwgt,,
2910,feature_corruption,fnlwgt,,
4746,feature_corruption,fnlwgt,,
1973,feature_corruption,fnlwgt,,
505,feature_corruption,fnlwgt,,
3753,feature_corruption,fnlwgt,,
4318,feature_corruption,fnlwgt,,
2675,feature_corruption,fnlwgt,,
539,feature_corruption,fnlwgt,,
3964,feature_corruption,fnlwgt,,
349,feature_corruption,fnlwgt,,
1401,feature_corruption,fnlwgt,,
3611,feature_corruption,fnlwgt,,
686,feature_corruption,fnlwgt,,
4678,feature_corruption,fnlwgt,,
963,feature_corruption,fnlwgt,,
1360,feature_corruption,fnlwgt,,
5531,feature_corruption,fnlwgt,,
4457,feature_corruption,fnlwgt,,
4065,feature_corruption,fnlwgt,,
5325,feature_corruption,fnlwgt,,
3326,feature_corruption,fnlwgt,,
4304,feature_corruption,fnlwgt,,
2633,feature_corruption,fnlwgt,,
1359,feature_corruption,education,,
5131,feature_corruption,education,,
1730,feature_corruption,education,,
2125,feature_corruption,education,,
1139,feature_corruption,education,,
735,feature_corruption,education,,
106,feature_corruption,education,,
1919,feature_corruption,education,,
1853,feature_corruption,education,,
5380,feature_corruption,education,,
4627,feature_corruption,education,,
4367,feature_corruption,education,,
2607,feature_corruption,education,,
1597,feature_corruption,education,,
3098,feature_corruption,education,,
3939,feature_corruption,education,,
5445,feature_corruption,education,,
1814,feature_corruption,education,,
505,feature_corruption,education,,
1142,feature_corruption,education,,
3754,feature_corruption,education,,
4855,feature_corruption,education,,
2751,feature_corruption,education,,
3516,feature_corruption,education,,
3482,feature_corruption,education,,
3553,feature_corruption,education,,
4639,feature_corruption,education,,
3432,feature_corruption,education,,
3779,feature_corruption,education,,
1161,feature_corruption,education,,
411,feature_corruption,education,,
1013,feature_corruption,education,,
2557,feature_corruption,education,,
2430,feature_corruption,education,,
2897,feature_corruption,education,,
2521,feature_corruption,education,,
1284,feature_corruption,education,,
4873,feature_corruption,education,,
5856,feature_corruption,education,,
1236,feature_corruption,education,,
3,feature_corruption,education,,
2444,feature_corruption,education,,
3837,feature_corruption,education,,
3557,feature_corruption,education,,
3133,feature_corruption,education,,
3736,feature_corruption,education,,
1244,feature_corruption,education,,
4593,feature_corruption,education,,
1767,feature_corruption,education,,
5968,feature_corruption,education,,
972,feature_corruption,education,,
334,feature_corruption,education,,
5437,feature_corruption,education,,
4317,feature_corruption,education,,
2729,feature_corruption,education,,
3789,feature_corruption,education,,
4534,feature_corruption,education,,
2973,feature_corruption,education,,
3795,feature_corruption,education,,
2275,feature_corruption,education,,
4939,feature_corruption,education,,
3872,feature_corruption,education,,
4498,feature_corruption,education,,
4378,feature_corruption,education,,
5286,feature_corruption,education,,
933,feature_corruption,education,,
1468,feature_corruption,education,,
1156,feature_corruption,education,,
774,feature_corruption,education,,
2993,feature_corruption,education,,
1229,feature_corruption,education,,
4036,feature_corruption,education,,
4700,feature_corruption,education,,
980,feature_corruption,education,,
2493,feature_corruption,education,,
2841,feature_corruption,education,,
2756,feature_corruption,education,,
4391,feature_corruption,education,,
3544,feature_corruption,education,,
5373,feature_corruption,education,,
5258,feature_corruption,education,,
1019,feature_corruption,education,,
1191,feature_corruption,education,,
404,feature_corruption,education,,
1093,feature_corruption,education,,
3061,feature_corruption,education,,
2659,feature_corruption,education,,
3833,feature_corruption,education,,
1117,feature_corruption,education,,
100,feature_corruption,education,,
4248,feature_corruption,education,,
182,feature_corruption,education,,
5423,feature_corruption,education,,
3896,feature_corruption,education,,
3112,feature_corruption,education,,
4840,feature_corruption,education,,
1122,feature_corruption,education,,
520,feature_corruption,education,,
661,feature_corruption,education,,
5952,feature_corruption,education,,
5936,feature_corruption,education,,
4589,feature_corruption,education,,
2425,feature_corruption,education,,
5704,feature_corruption,education,,
587,feature_corruption,education,,
681,feature_corruption,education,,
4600,feature_corruption,education,,
1248,feature_corruption,education,,
4952,feature_corruption,education,,
1950,feature_corruption,education,,
5355,feature_corruption,education,,
5496,feature_corruption,education,,
5019,feature_corruption,education,,
2623,feature_corruption,education,,
3878,feature_corruption,education,,
3428,feature_corruption,education,,
2215,feature_corruption,education,,
991,feature_corruption,education,,
2335,feature_corruption,education,,
4390,feature_corruption,education,,
625,feature_corruption,education,,
5009,feature_corruption,education,,
2415,feature_corruption,education,,
1253,feature_corruption,education,,
6,feature_corruption,education,,
3608,feature_corruption,education,,
2833,feature_corruption,education,,
288,feature_corruption,education,,
5571,feature_corruption,education,,
5687,feature_corruption,education,,
4799,feature_corruption,education,,
946,feature_corruption,education,,
1278,feature_corruption,education,,
2400,feature_corruption,education,,
203,feature_corruption,education,,
4370,feature_corruption,education,,
4793,feature_corruption,education,,
4454,feature_corruption,education,,
690,feature_corruption,education,,
3015,feature_corruption,education,,
154,feature_corruption,education,,
2632,feature_corruption,education,,
2655,feature_corruption,education,,
3336,feature_corruption,education,,
2339,feature_corruption,education,,
1644,feature_corruption,education,,
768,feature_corruption,education,,
2144,feature_corruption,education,,
5546,feature_corruption,education,,
3077,feature_corruption,education,,
2328,feature_corruption,education,,
1645,feature_corruption,education,,
1097,feature_corruption,education,,
2725,feature_corruption,education,,
1953,feature_corruption,education,,
1366,feature_corruption,education,,
5523,feature_corruption,education,,
1213,feature_corruption,education,,
2200,feature_corruption,education,,
2362,feature_corruption,education,,
3619,feature_corruption,education,,
5524,feature_corruption,education,,
265,feature_corruption,education,,
1523,feature_corruption,education,,
2750,feature_corruption,education,,
4311,feature_corruption,education,,
5364,feature_corruption,education,,
5049,feature_corruption,education,,
2114,feature_corruption,education,,
2322,feature_corruption,education,,
1116,feature_corruption,education,,
5745,feature_corruption,education,,
5279,feature_corruption,education,,
5843,feature_corruption,education,,
1559,feature_corruption,education,,
4705,feature_corruption,education,,
874,feature_corruption,education,,
5701,feature_corruption,education,,
1497,feature_corruption,education,,
1423,feature_corruption,education,,
184,feature_corruption,education,,
5495,feature_corruption,education,,
7,feature_corruption,education,,
242,feature_corruption,education,,
5531,feature_corruption,education,,
5867,feature_corruption,education,,
5603,feature_corruption,education,,
2809,feature_corruption,education,,
3745,feature_corruption,education,,
2047,feature_corruption,education,,
5042,feature_corruption,education,,
5237,feature_corruption,education,,
1102,feature_corruption,education,,
5897,feature_corruption,education,,
2344,feature_corruption,education,,
2451,feature_corruption,education,,
3882,feature_corruption,education,,
4740,feature_corruption,education,,
5780,feature_corruption,education,,
5172,feature_corruption,education,,
732,feature_corruption,education,,
5926,feature_corruption,education,,
5342,feature_corruption,education,,
43,feature_corruption,education,,
2316,feature_corruption,education,,
3732,feature_corruption,education,,
2987,feature_corruption,education,,
3633,feature_corruption,education,,
3292,feature_corruption,education,,
1445,feature_corruption,education,,
1071,feature_corruption,education,,
5441,feature_corruption,education,,
2978,feature_corruption,education,,
3110,feature_corruption,education,,
4481,feature_corruption,education,,
4461,feature_corruption,education,,
4565,feature_corruption,education,,
1842,feature_corruption,education,,
4401,feature_corruption,education,,
1025,feature_corruption,education,,
1980,feature_corruption,education,,
3350,feature_corruption,education,,
5040,feature_corruption,education,,
5460,feature_corruption,education,,
2138,feature_corruption,education,,
877,feature_corruption,education,,
3624,feature_corruption,education,,
707,feature_corruption,education,,
5816,feature_corruption,education,,
1089,feature_corruption,education,,
3658,feature_corruption,education,,
3023,feature_corruption,education,,
4214,feature_corruption,education,,
5053,feature_corruption,education,,
3255,feature_corruption,education,,
3205,feature_corruption,education,,
1709,feature_corruption,education,,
4870,feature_corruption,education,,
32,feature_corruption,education,,
5409,feature_corruption,education,,
4614,feature_corruption,education,,
172,feature_corruption,education,,
4067,feature_corruption,education,,
5224,feature_corruption,education,,
5981,feature_corruption,education,,
2700,feature_corruption,education,,
2842,feature_corruption,education,,
5031,feature_corruption,education,,
937,feature_corruption,education,,
1984,feature_corruption,education,,
712,feature_corruption,education,,
3109,feature_corruption,education,,
3361,feature_corruption,education,,
3097,feature_corruption,education,,
4295,feature_corruption,education,,
4657,feature_corruption,education,,
2649,feature_corruption,education,,
5570,feature_corruption,education,,
209,feature_corruption,education,,
3809,feature_corruption,education,,
3193,feature_corruption,education,,
1486,feature_corruption,education,,
5215,feature_corruption,education,,
330,feature_corruption,education,,
929,feature_corruption,education,,
5931,feature_corruption,education,,
3888,feature_corruption,education,,
4468,feature_corruption,education,,
5017,feature_corruption,education,,
3562,feature_corruption,education,,
5703,feature_corruption,education,,
4930,feature_corruption,education,,
4800,feature_corruption,education,,
107,feature_corruption,education,,
1439,feature_corruption,education,,
564,feature_corruption,education,,
543,feature_corruption,education,,
1785,feature_corruption,education,,
2749,feature_corruption,education,,
844,feature_corruption,education,,
1413,feature_corruption,education,,
5611,feature_corruption,education,,
59,feature_corruption,education,,
2174,feature_corruption,education,,
4013,feature_corruption,education,,
2585,feature_corruption,education,,
1629,feature_corruption,education,,
4410,feature_corruption,education,,
1577,feature_corruption,education,,
2963,feature_corruption,education,,
2967,feature_corruption,education,,
5616,feature_corruption,education,,
5392,feature_corruption,education,,
4325,feature_corruption,education,,
3978,feature_corruption,education,,
5965,feature_corruption,education,,
756,feature_corruption,education,,
1685,feature_corruption,education,,
223,feature_corruption,education,,
4676,feature_corruption,education,,
4090,feature_corruption,education,,
4988,feature_corruption,education,,
4602,feature_corruption,education,,
1872,feature_corruption,education,,
4115,feature_corruption,education,,
2775,feature_corruption,education,,
2463,feature_corruption,education,,
2198,feature_corruption,education,,
3277,feature_corruption,education,,
3788,feature_corruption,education,,
2224,feature_corruption,education,,
5151,feature_corruption,education,,
1953,feature_corruption,education-num,,
1502,feature_corruption,education-num,,
1293,feature_corruption,education-num,,
4142,feature_corruption,education-num,,
1848,feature_corruption,education-num,,
2924,feature_corruption,education-num,,
524,feature_corruption,education-num,,
4761,feature_corruption,education-num,,
2405,feature_corruption,education-num,,
2941,feature_corruption,education-num,,
1877,feature_corruption,education-num,,
872,feature_corruption,education-num,,
2795,feature_corruption,education-num,,
5413,feature_corruption,education-num,,
5446,feature_corruption,education-num,,
3047,feature_corruption,education-num,,
5869,feature_corruption,education-num,,
2016,feature_corruption,education-num,,
2732,feature_corruption,education-num,,
4150,feature_corruption,education-num,,
3139,feature_corruption,education-num,,
4336,feature_corruption,education-num,,
4070,feature_corruption,education-num,,
2478,feature_corruption,education-num,,
5289,feature_corruption,education-num,,
3034,feature_corruption,education-num,,
5504,feature_corruption,education-num,,
425,feature_corruption,education-num,,
3545,feature_corruption,education-num,,
3571,feature_corruption,education-num,,
3183,feature_corruption,education-num,,
4323,feature_corruption,education-num,,
1186,feature_corruption,education-num,,
1415,feature_corruption,education-num,,
3000,feature_corruption,education-num,,
2352,feature_corruption,education-num,,
517,feature_corruption,education-num,,
1217,feature_corruption,education-num,,
591,feature_corruption,education-num,,
4278,feature_corruption,education-num,,
5512,feature_corruption,education-num,,
156,feature_corruption,education-num,,
4575,feature_corruption,education-num,,
4226,feature_corruption,education-num,,
4989,feature_corruption,education-num,,
2395,feature_corruption,education-num,,
4096,feature_corruption,education-num,,
2258,feature_corruption,education-num,,
5882,feature_corruption,education-num,,
4531,feature_corruption,education-num,,
3355,feature_corruption,education-num,,
610,feature_corruption,education-num,,
4888,feature_corruption,education-num,,
3539,feature_corruption,education-num,,
1474,feature_corruption,education-num,,
778,feature_corruption,education-num,,
3466,feature_corruption,education-num,,
2326,feature_corruption,education-num,,
755,feature_corruption,education-num,,
3981,feature_corruption,education-num,,
4852,feature_corruption,education-num,,
4453,feature_corruption,education-num,,
2425,feature_corruption,education-num,,
808,feature_corruption,education-num,,
91,feature_corruption,education-num,,
5770,feature_corruption,education-num,,
4409,feature_corruption,education-num,,
756,feature_corruption,education-num,,
1984,feature_corruption,education-num,,
2085,feature_corruption,education-num,,
4711,feature_corruption,education-num,,
4835,feature_corruption,education-num,,
1745,feature_corruption,education-num,,
4458,feature_corruption,education-num,,
4954,feature_corruption,education-num,,
3691,feature_corruption,education-num,,
1392,feature_corruption,education-num,,
621,feature_corruption,education-num,,
1857,feature_corruption,education-num,,
4919,feature_corruption,education-num,,
1267,feature_corruption,education-num,,
5654,feature_corruption,education-num,,
2585,feature_corruption,education-num,,
3293,feature_corruption,education-num,,
2269,feature_corruption,education-num,,
739,feature_corruption,education-num,,
5029,feature_corruption,education-num,,
3291,feature_corruption,education-num,,
4419,feature_corruption,education-num,,
5429,feature_corruption,education-num,,
208,feature_corruption,education-num,,
5498,feature_corruption,education-num,,
2857,feature_corruption,education-num,,
5117,feature_corruption,education-num,,
4236,feature_corruption,education-num,,
3283,feature_corruption,education-num,,
3365,feature_corruption,education-num,,
5370,feature_corruption,education-num,,
2262,feature_corruption,education-num,,
5987,feature_corruption,education-num,,
550,feature_corruption,education-num,,
3094,feature_corruption,education-num,,
5637,feature_corruption,education-num,,
4657,feature_corruption,education-num,,
3808,feature_corruption,education-num,,
4624,feature_corruption,education-num,,
5565,feature_corruption,education-num,,
1159,feature_corruption,education-num,,
671,feature_corruption,education-num,,
4384,feature_corruption,education-num,,
784,feature_corruption,education-num,,
1205,feature_corruption,education-num,,
2761,feature_corruption,education-num,,
1468,feature_corruption,education-num,,
2649,feature_corruption,education-num,,
4977,feature_corruption,education-num,,
5774,feature_corruption,education-num,,
3142,feature_corruption,education-num,,
4303,feature_corruption,education-num,,
3182,feature_corruption,education-num,,
3805,feature_corruption,education-num,,
1295,feature_corruption,education-num,,
1858,feature_corruption,education-num,,
3224,feature_corruption,education-num,,
909,feature_corruption,education-num,,
4151,feature_corruption,education-num,,
899,feature_corruption,education-num,,
4469,feature_corruption,education-num,,
1918,feature_corruption,education-num,,
5618,feature_corruption,education-num,,
4337,feature_corruption,education-num,,
1157,feature_corruption,education-num,,
2717,feature_corruption,education-num,,
4388,feature_corruption,education-num,,
2632,feature_corruption,education-num,,
2768,feature_corruption,education-num,,
3854,feature_corruption,education-num,,
5143,feature_corruption,education-num,,
1682,feature_corruption,education-num,,
4649,feature_corruption,education-num,,
3852,feature_corruption,education-num,,
5459,feature_corruption,education-num,,
4917,feature_corruption,education-num,,
835,feature_corruption,education-num,,
3870,feature_corruption,education-num,,
5582,feature_corruption,education-num,,
214,feature_corruption,education-num,,
5593,feature_corruption,education-num,,
5292,feature_corruption,education-num,,
4489,feature_corruption,education-num,,
1730,feature_corruption,education-num,,
751,feature_corruption,education-num,,
5753,feature_corruption,education-num,,
5086,feature_corruption,education-num,,
3349,feature_corruption,education-num,,
4601,feature_corruption,education-num,,
2427,feature_corruption,education-num,,
5781,feature_corruption,education-num,,
73,feature_corruption,education-num,,
1360,feature_corruption,education-num,,
305,feature_corruption,education-num,,
3742,feature_corruption,education-num,,
2437,feature_corruption,education-num,,
3227,feature_corruption,education-num,,
5860,feature_corruption,education-num,,
2909,feature_corruption,education-num,,
1109,feature_corruption,education-num,,
1879,feature_corruption,education-num,,
886,feature_corruption,education-num,,
1127,feature_corruption,education-num,,
4383,feature_corruption,education-num,,
1900,feature_corruption,education-num,,
1220,feature_corruption,education-num,,
2683,feature_corruption,education-num,,
607,feature_corruption,education-num,,
211,feature_corruption,education-num,,
5323,feature_corruption,education-num,,
1478,feature_corruption,education-num,,
3312,feature_corruption,education-num,,
1272,feature_corruption,education-num,,
3307,feature_corruption,education-num,,
1387,feature_corruption,education-num,,
104,feature_corruption,education-num,,
5403,feature_corruption,education-num,,
2316,feature_corruption,education-num,,
2656,feature_corruption,education-num,,
4487,feature_corruption,education-num,,
5622,feature_corruption,education-num,,
289,feature_corruption,education-num,,
325,feature_corruption,education-num,,
4861,feature_corruption,education-num,,
501,feature_corruption,education-num,,
1760,feature_corruption,education-num,,
3686,feature_corruption,education-num,,
3849,feature_corruption,education-num,,
4158,feature_corruption,education-num,,
3721,feature_corruption,education-num,,
3144,feature_corruption,education-num,,
2015,feature_corruption,education-num,,
3474,feature_corruption,education-num,,
82,feature_corruption,education-num,,
2920,feature_corruption,education-num,,
5894,feature_corruption,education-num,,
4947,feature_corruption,education-num,,
2474,feature_corruption,education-num,,
4214,feature_corruption,education-num,,
1238,feature_corruption,education-num,,
1976,feature_corruption,education-num,,
4574,feature_corruption,education-num,,
2460,feature_corruption,education-num,,
394,feature_corruption,education-num,,
329,feature_corruption,education-num,,
5997,feature_corruption,education-num,,
1460,feature_corruption,education-num,,
1771,feature_corruption,education-num,,
1880,feature_corruption,education-num,,
3489,feature_corruption,education-num,,
5762,feature_corruption,education-num,,
2377,feature_corruption,education-num,,
2538,feature_corruption,education-num,,
767,feature_corruption,education-num,,
1473,feature_corruption,education-num,,
4361,feature_corruption,education-num,,
675,feature_corruption,education-num,,
1454,feature_corruption,education-num,,
537,feature_corruption,education-num,,
632,feature_corruption,education-num,,
2563,feature_corruption,education-num,,
704,feature_corruption,education-num,,
2519,feature_corruption,education-num,,
5716,feature_corruption,education-num,,
3773,feature_corruption,education-num,,
2772,feature_corruption,education-num,,
5629,feature_corruption,education-num,,
4319,feature_corruption,education-num,,
3701,feature_corruption,education-num,,
786,feature_corruption,education-num,,
5123,feature_corruption,education-num,,
3556,feature_corruption,education-num,,
4586,feature_corruption,education-num,,
4083,feature_corruption,education-num,,
2014,feature_corruption,education-num,,
3671,feature_corruption,education-num,,
2226,feature_corruption,education-num,,
3829,feature_corruption,education-num,,
4724,feature_corruption,education-num,,
2346,feature_corruption,education-num,,
5257,feature_corruption,education-num,,
678,feature_corruption,education-num,,
3784,feature_corruption,education-num,,
990,feature_corruption,education-num,,
5765,feature_corruption,education-num,,
148,feature_corruption,education-num,,
782,feature_corruption,education-num,,
1913,feature_corruption,education-num,,
4299,feature_corruption,education-num,,
1887,feature_corruption,education-num,,
5327,feature_corruption,education-num,,
268,feature_corruption,education-num,,
5694,feature_corruption,education-num,,
4365,feature_corruption,education-num,,
1701,feature_corruption,education-num,,
1596,feature_corruption,education-num,,
3242,feature_corruption,education-num,,
2934,feature_corruption,education-num,,
2884,feature_corruption,education-num,,
5533,feature_corruption,education-num,,
1794,feature_corruption,education-num,,
2948,feature_corruption,education-num,,
474,feature_corruption,education-num,,
2689,feature_corruption,education-num,,
1591,feature_corruption,education-num,,
2192,feature_corruption,education-num,,
4293,feature_corruption,education-num,,
1758,feature_corruption,education-num,,
1285,feature_corruption,education-num,,
3316,feature_corruption,education-num,,
3442,feature_corruption,education-num,,
2322,feature_corruption,education-num,,
4823,feature_corruption,education-num,,
4197,feature_corruption,education-num,,
4465,feature_corruption,education-num,,
407,feature_corruption,education-num,,
4546,feature_corruption,education-num,,
3927,feature_corruption,education-num,,
2819,feature_corruption,marital-status,,
4225,feature_corruption,marital-status,,
2025,feature_corruption,marital-status,,
4920,feature_corruption,marital-status,,
863,feature_corruption,marital-status,,
2582,feature_corruption,marital-status,,
5478,feature_corruption,marital-status,,
4207,feature_corruption,marital-status,,
4319,feature_corruption,marital-status,,
2250,feature_corruption,marital-status,,
3094,feature_corruption,marital-status,,
1629,feature_corruption,marital-status,,
2716,feature_corruption,marital-status,,
3853,feature_corruption,marital-status,,
5643,feature_corruption,marital-status,,
709,feature_corruption,marital-status,,
2729,feature_corruption,marital-status,,
4489,feature_corruption,marital-status,,
4197,feature_corruption,marital-status,,
5731,feature_corruption,marital-status,,
1785,feature_corruption,marital-status,,
878,feature_corruption,marital-status,,
4515,feature_corruption,marital-status,,
1122,feature_corruption,marital-status,,
5977,feature_corruption,marital-status,,
799,feature_corruption,marital-status,,
5753,feature_corruption,marital-status,,
1405,feature_corruption,marital-status,,
3453,feature_corruption,marital-status,,
588,feature_corruption,marital-status,,
262,feature_corruption,marital-status,,
1268,feature_corruption,marital-status,,
3112,feature_corruption,marital-status,,
2055,feature_corruption,marital-status,,
4628,feature_corruption,marital-status,,
3474,feature_corruption,marital-status,,
127,feature_corruption,marital-status,,
4612,feature_corruption,marital-status,,
3332,feature_corruption,marital-status,,
1462,feature_corruption,marital-status,,
1081,feature_corruption,marital-status,,
2364,feature_corruption,marital-status,,
216,feature_corruption,marital-status,,
3020,feature_corruption,marital-status,,
1507,feature_corruption,marital-status,,
1871,feature_corruption,marital-status,,
2304,feature_corruption,marital-status,,
4413,feature_corruption,marital-status,,
3368,feature_corruption,marital-status,,
2352,feature_corruption,marital-status,,
412,feature_corruption,marital-status,,
474,feature_corruption,marital-status,,
4763,feature_corruption,marital-status,,
1898,feature_corruption,marital-status,,
295,feature_corruption,marital-status,,
5310,feature_corruption,marital-status,,
1428,feature_corruption,marital-status,,
2528,feature_corruption,marital-status,,
4754,feature_corruption,marital-status,,
690,feature_corruption,marital-status,,
4748,feature_corruption,marital-status,,
2344,feature_corruption,marital-status,,
1284,feature_corruption,marital-status,,
3242,feature_corruption,marital-status,,
5281,feature_corruption,marital-status,,
3489,feature_corruption,marital-status,,
4432,feature_corruption,marital-status,,
5781,feature_corruption,marital-status,,
202,feature_corruption,marital-status,,
683,feature_corruption,marital-status,,
3668,feature_corruption,marital-status,,
950,feature_corruption,marital-status,,
5668,feature_corruption,marital-status,,
2510,feature_corruption,marital-status,,
4204,feature_corruption,marital-status,,
3903,feature_corruption,marital-status,,
5689,feature_corruption,marital-status,,
1302,feature_corruption,marital-status,,
4270,feature_corruption,marital-status,,
1136,feature_corruption,marital-status,,
1300,feature_corruption,marital-status,,
5935,feature_corruption,marital-status,,
83,feature_corruption,marital-status,,
852,feature_corruption,marital-status,,
640,feature_corruption,marital-status,,
3257,feature_corruption,marital-status,,
3639,feature_corruption,marital-status,,
3651,feature_corruption,marital-status,,
2714,feature_corruption,marital-status,,
3460,feature_corruption,marital-status,,
3537,feature_corruption,marital-status,,
2441,feature_corruption,marital-status,,
1169,feature_corruption,marital-status,,
3626,feature_corruption,marital-status,,
5211,feature_corruption,marital-status,,
5618,feature_corruption,marital-status,,
998,feature_corruption,marital-status,,
5288,feature_corruption,marital-status,,
4858,feature_corruption,marital-status,,
1180,feature_corruption,marital-status,,
234,feature_corruption,marital-status,,
2680,feature_corruption,marital-status,,
4710,feature_corruption,marital-status,,
5438,feature_corruption,marital-status,,
3271,feature_corruption,marital-status,,
1247,feature_corruption,marital-status,,
2086,feature_corruption,marital-status,,
4645,feature_corruption,marital-status,,
4685,feature_corruption,marital-status,,
4691,feature_corruption,marital-status,,
4961,feature_corruption,marital-status,,
1422,feature_corruption,marital-status,,
609,feature_corruption,marital-status,,
3957,feature_corruption,marital-status,,
4895,feature_corruption,marital-status,,
2737,feature_corruption,marital-status,,
2245,feature_corruption,marital-status,,
5425,feature_corruption,marital-status,,
3301,feature_corruption,marital-status,,
5101,feature_corruption,marital-status,,
4076,feature_corruption,marital-status,,
356,feature_corruption,marital-status,,
1022,feature_corruption,marital-status,,
501,feature_corruption,marital-status,,
693,feature_corruption,marital-status,,
1996,feature_corruption,marital-status,,
4963,feature_corruption,marital-status,,
4596,feature_corruption,marital-status,,
2152,feature_corruption,marital-status,,
2692,feature_corruption,marital-status,,
5525,feature_corruption,marital-status,,
5028,feature_corruption,marital-status,,
4768,feature_corruption,marital-status,,
3768,feature_corruption,marital-status,,
4354,feature_corruption,marital-status,,
4929,feature_corruption,marital-status,,
1847,feature_corruption,marital-status,,
5400,feature_corruption,marital-status,,
5348,feature_corruption,marital-status,,
1658,feature_corruption,marital-status,,
2307,feature_corruption,marital-status,,
3863,feature_corruption,marital-status,,
4416,feature_corruption,marital-status,,
5394,feature_corruption,marital-status,,
772,feature_corruption,marital-status,,
4839,feature_corruption,marital-status,,
786,feature_corruption,marital-status,,
1438,feature_corruption,marital-status,,
1086,feature_corruption,marital-status,,
4535,feature_corruption,marital-status,,
50,feature_corruption,marital-status,,
4020,feature_corruption,marital-status,,
1951,feature_corruption,marital-status,,
5494,feature_corruption,marital-status,,
2403,feature_corruption,marital-status,,
2318,feature_corruption,marital-status,,
5214,feature_corruption,marital-status,,
4729,feature_corruption,marital-status,,
4110,feature_corruption,marital-status,,
5581,feature_corruption,marital-status,,
3836,feature_corruption,marital-status,,
5172,feature_corruption,marital-status,,
2761,feature_corruption,marital-status,,
2465,feature_corruption,marital-status,,
354,feature_corruption,marital-status,,
4268,feature_corruption,marital-status,,
2256,feature_corruption,marital-status,,
4846,feature_corruption,marital-status,,
4322,feature_corruption,marital-status,,
3279,feature_corruption,marital-status,,
1714,feature_corruption,marital-status,,
958,feature_corruption,marital-status,,
523,feature_corruption,marital-status,,
2753,feature_corruption,marital-status,,
172,feature_corruption,marital-status,,
2891,feature_corruption,marital-status,,
2648,feature_corruption,marital-status,,
386,feature_corruption,marital-status,,
1766,feature_corruption,marital-status,,
5293,feature_corruption,marital-status,,
5786,feature_corruption,marital-status,,
5679,feature_corruption,marital-status,,
2675,feature_corruption,marital-status,,
1781,feature_corruption,marital-status,,
2933,feature_corruption,marital-status,,
3486,feature_corruption,marital-status,,
1380,feature_corruption,marital-status,,
2180,feature_corruption,marital-status,,
2748,feature_corruption,marital-status,,
2048,feature_corruption,marital-status,,
3270,feature_corruption,marital-status,,
3841,feature_corruption,marital-status,,
4624,feature_corruption,marital-status,,
842,feature_corruption,marital-status,,
2651,feature_corruption,marital-status,,
5427,feature_corruption,marital-status,,
5031,feature_corruption,marital-status,,
5382,feature_corruption,marital-status,,
5512,feature_corruption,marital-status,,
5215,feature_corruption,marital-status,,
4702,feature_corruption,marital-status,,
264,feature_corruption,marital-status,,
4969,feature_corruption,marital-status,,
1187,feature_corruption,marital-status,,
5858,feature_corruption,marital-status,,
4953,feature_corruption,marital-status,,
5483,feature_corruption,marital-status,,
853,feature_corruption,marital-status,,
760,feature_corruption,marital-status,,
3140,feature_corruption,marital-status,,
2481,feature_corruption,marital-status,,
3764,feature_corruption,marital-status,,
3646,feature_corruption,marital-status,,
2721,feature_corruption,marital-status,,
544,feature_corruption,marital-status,,
251,feature_corruption,marital-status,,
1607,feature_corruption,marital-status,,
2664,feature_corruption,marital-status,,
238,feature_corruption,marital-status,,
5993,feature_corruption,marital-status,,
1177,feature_corruption,marital-status,,
142,feature_corruption,marital-status,,
1874,feature_corruption,marital-status,,
1755,feature_corruption,marital-status,,
3236,feature_corruption,marital-status,,
5566,feature_corruption,marital-status,,
1861,feature_corruption,marital-status,,
4605,feature_corruption,marital-status,,
298,feature_corruption,marital-status,,
2420,feature_corruption,marital-status,,
4305,feature_corruption,marital-status,,
1715,feature_corruption,marital-status,,
431,feature_corruption,marital-status,,
3171,feature_corruption,marital-status,,
3292,feature_corruption,marital-status,,
2863,feature_corruption,marital-status,,
3994,feature_corruption,marital-status,,
4720,feature_corruption,marital-status,,
983,feature_corruption,marital-status,,
3827,feature_corruption,marital-status,,
5510,feature_corruption,marital-status,,
5324,feature_corruption,marital-status,,
5654,feature_corruption,marital-status,,
1895,feature_corruption,marital-status,,
1161,feature_corruption,marital-status,,
1850,feature_corruption,marital-status,,
1900,feature_corruption,marital-status,,
5014,feature_corruption,marital-status,,
1411,feature_corruption,marital-status,,
1602,feature_corruption,marital-status,,
3597,feature_corruption,marital-status,,
4753,feature_corruption,marital-status,,
106,feature_corruption,marital-status,,
3556,feature_corruption,marital-status,,
837,feature_corruption,marital-status,,
884,feature_corruption,marital-status,,
5536,feature_corruption,marital-status,,
1770,feature_corruption,marital-status,,
727,feature_corruption,marital-status,,
5595,feature_corruption,marital-status,,
5988,feature_corruption,marital-status,,
905,feature_corruption,marital-status,,
1738,feature_corruption,marital-status,,
1852,feature_corruption,marital-status,,
5828,feature_corruption,marital-status,,
4594,feature_corruption,marital-status,,
136,feature_corruption,marital-status,,
3475,feature_corruption,marital-status,,
1020,feature_corruption,marital-status,,
4707,feature_corruption,marital-status,,
706,feature_corruption,marital-status,,
1429,feature_corruption,marital-status,,
2450,feature_corruption,marital-status,,
3024,feature_corruption,marital-status,,
4921,feature_corruption,marital-status,,
3386,feature_corruption,marital-status,,
2620,feature_corruption,marital-status,,
1979,feature_corruption,marital-status,,
4095,feature_corruption,marital-status,,
3001,feature_corruption,marital-status,,
5037,feature_corruption,marital-status,,
706,feature_corruption,occupation,,
1515,feature_corruption,occupation,,
2299,feature_corruption,occupation,,
5569,feature_corruption,occupation,,
4879,feature_corruption,occupation,,
4166,feature_corruption,occupation,,
517,feature_corruption,occupation,,
5808,feature_corruption,occupation,,
1538,feature_corruption,occupation,,
33,feature_corruption,occupation,,
2134,feature_corruption,occupation,,
1199,feature_corruption,occupation,,
5745,feature_corruption,occupation,,
1772,feature_corruption,occupation,,
5546,feature_corruption,occupation,,
133,feature_corruption,occupation,,
5878,feature_corruption,occupation,,
5182,feature_corruption,occupation,,
5550,feature_corruption,occupation,,
4717,feature_corruption,occupation,,
4445,feature_corruption,occupation,,
3686,feature_corruption,occupation,,
4988,feature_corruption,occupation,,
5841,feature_corruption,occupation,,
5176,feature_corruption,occupation,,
2536,feature_corruption,occupation,,
3865,feature_corruption,occupation,,
124,feature_corruption,occupation,,
5646,feature_corruption,occupation,,
4293,feature_corruption,occupation,,
2267,feature_corruption,occupation,,
184,feature_corruption,occupation,,
3707,feature_corruption,occupation,,
2944,feature_corruption,occupation,,
5521,feature_corruption,occupation,,
2687,feature_corruption,occupation,,
2953,feature_corruption,occupation,,
5326,feature_corruption,occupation,,
2865,feature_corruption,occupation,,
3919,feature_corruption,occupation,,
1694,feature_corruption,occupation,,
4394,feature_corruption,occupation,,
964,feature_corruption,occupation,,
1988,feature_corruption,occupation,,
4048,feature_corruption,occupation,,
765,feature_corruption,occupation,,
1909,feature_corruption,occupation,,
99,feature_corruption,occupation,,
3682,feature_corruption,occupation,,
2355,feature_corruption,occupation,,
4291,feature_corruption,occupation,,
3483,feature_corruption,occupation,,
5379,feature_corruption,occupation,,
1278,feature_corruption,occupation,,
902,feature_corruption,occupation,,
4687,feature_corruption,occupation,,
1085,feature_corruption,occupation,,
4587,feature_corruption,occupation,,
3576,feature_corruption,occupation,,
5406,feature_corruption,occupation,,
701,feature_corruption,occupation,,
1215,feature_corruption,occupation,,
926,feature_corruption,occupation,,
4511,feature_corruption,occupation,,
3642,feature_corruption,occupation,,
1533,feature_corruption,occupation,,
501,feature_corruption,occupation,,
5725,feature_corruption,occupation,,
412,feature_corruption,occupation,,
1127,feature_corruption,occupation,,
1364,feature_corruption,occupation,,
809,feature_corruption,occupation,,
5766,feature_corruption,occupation,,
4440,feature_corruption,occupation,,
5317,feature_corruption,occupation,,
334,feature_corruption,occupation,,
5138,feature_corruption,occupation,,
684,feature_corruption,occupation,,
4579,feature_corruption,occupation,,
3281,feature_corruption,occupation,,
4808,feature_corruption,occupation,,
1576,feature_corruption,occupation,,
1009,feature_corruption,occupation,,
4344,feature_corruption,occupation,,
2249,feature_corruption,occupation,,
5984,feature_corruption,occupation,,
5557,feature_corruption,occupation,,
4501,feature_corruption,occupation,,
4164,feature_corruption,occupation,,
4150,feature_corruption,occupation,,
3690,feature_corruption,occupation,,
1319,feature_corruption,occupation,,
5335,feature_corruption,occupation,,
2517,feature_corruption,occupation,,
3782,feature_corruption,occupation,,
2733,feature_corruption,occupation,,
4613,feature_corruption,occupation,,
1130,feature_corruption,occupation,,
2239,feature_corruption,occupation,,
1740,feature_corruption,occupation,,
5592,feature_corruption,occupation,,
4598,feature_corruption,occupation,,
5053,feature_corruption,occupation,,
903,feature_corruption,occupation,,
27,feature_corruption,occupation,,
1186,feature_corruption,occupation,,
2501,feature_corruption,occupation,,
810,feature_corruption,occupation,,
1651,feature_corruption,occupation,,
5285,feature_corruption,occupation,,
1398,feature_corruption,occupation,,
5893,feature_corruption,occupation,,
2281,feature_corruption,occupation,,
3095,feature_corruption,occupation,,
1777,feature_corruption,occupation,,
2201,feature_corruption,occupation,,
2010,feature_corruption,occupation,,
2231,feature_corruption,occupation,,
2735,feature_corruption,occupation,,
2901,feature_corruption,occupation,,
3606,feature_corruption,occupation,,
3036,feature_corruption,occupation,,
577,feature_corruption,occupation,,
1138,feature_corruption,occupation,,
346,feature_corruption,occupation,,
3484,feature_corruption,occupation,,
3286,feature_corruption,occupation,,
2624,feature_corruption,occupation,,
2162,feature_corruption,occupation,,
4282,feature_corruption,occupation,,
5517,feature_corruption,occupation,,
3597,feature_corruption,occupation,,
5555,feature_corruption,occupation,,
2323,feature_corruption,occupation,,
1966,feature_corruption,occupation,,
2940,feature_corruption,occupation,,
253,feature_corruption,occupation,,
4778,feature_corruption,occupation,,
5021,feature_corruption,occupation,,
4356,feature_corruption,occupation,,
1972,feature_corruption,occupation,,
4519,feature_corruption,occupation,,
1796,feature_corruption,occupation,,
3325,feature_corruption,occupation,,
2303,feature_corruption,occupation,,
2062,feature_corruption,occupation,,
4650,feature_corruption,occupation,,
4006,feature_corruption,occupation,,
3361,feature_corruption,occupation,,
1673,feature_corruption,occupation,,
4659,feature_corruption,occupation,,
2138,feature_corruption,occupation,,
2698,feature_corruption,occupation,,
2588,feature_corruption,occupation,,
5627,feature_corruption,occupation,,
5881,feature_corruption,occupation,,
4552,feature_corruption,occupation,,
3835,feature_corruption,occupation,,
4840,feature_corruption,occupation,,
2388,feature_corruption,occupation,,
2003,feature_corruption,occupation,,
3450,feature_corruption,occupation,,
4300,feature_corruption,occupation,,
1008,feature_corruption,occupation,,
3864,feature_corruption,occupation,,
4252,feature_corruption,occupation,,
5411,feature_corruption,occupation,,
4654,feature_corruption,occupation,,
1884,feature_corruption,occupation,,
2876,feature_corruption,occupation,,
1435,feature_corruption,occupation,,
4165,feature_corruption,occupation,,
2638,feature_corruption,occupation,,
4963,feature_corruption,occupation,,
1835,feature_corruption,occupation,,
527,feature_corruption,occupation,,
1985,feature_corruption,occupation,,
3681,feature_corruption,occupation,,
2611,feature_corruption,occupation,,
5407,feature_corruption,occupation,,
5230,feature_corruption,occupation,,
2107,feature_corruption,occupation,,
4680,feature_corruption,occupation,,
3132,feature_corruption,occupation,,
3255,feature_corruption,occupation,,
1089,feature_corruption,occupation,,
3369,feature_corruption,occupation,,
4674,feature_corruption,occupation,,
2039,feature_corruption,occupation,,
904,feature_corruption,occupation,,
5292,feature_corruption,occupation,,
300,feature_corruption,occupation,,
3373,feature_corruption,occupation,,
1731,feature_corruption,occupation,,
5659,feature_corruption,occupation,,
3315,feature_corruption,occupation,,
5917,feature_corruption,occupation,,
3855,feature_corruption,occupation,,
396,feature_corruption,occupation,,
4337,feature_corruption,occupation,,
5330,feature_corruption,occupation,,
5290,feature_corruption,occupation,,
3134,feature_corruption,occupation,,
3990,feature_corruption,occupation,,
2202,feature_corruption,occupation,,
218,feature_corruption,occupation,,
5082,feature_corruption,occupation,,
3867,feature_corruption,occupation,,
1644,feature_corruption,occupation,,
4086,feature_corruption,occupation,,
5017,feature_corruption,occupation,,
4078,feature_corruption,occupation,,
1442,feature_corruption,occupation,,
3742,feature_corruption,occupation,,
3796,feature_corruption,occupation,,
5678,feature_corruption,occupation,,
2889,feature_corruption,occupation,,
4741,feature_corruption,occupation,,
3656,feature_corruption,occupation,,
795,feature_corruption,occupation,,
2482,feature_corruption,occupation,,
4571,feature_corruption,occupation,,
93,feature_corruption,occupation,,
921,feature_corruption,occupation,,
4424,feature_corruption,occupation,,
262,feature_corruption,occupation,,
192,feature_corruption,occupation,,
5865,feature_corruption,occupation,,
2237,feature_corruption,occupation,,
1046,feature_corruption,occupation,,
4859,feature_corruption,occupation,,
4390,feature_corruption,occupation,,
5539,feature_corruption,occupation,,
4329,feature_corruption,occupation,,
4731,feature_corruption,occupation,,
5669,feature_corruption,occupation,,
832,feature_corruption,occupation,,
4402,feature_corruption,occupation,,
4770,feature_corruption,occupation,,
4107,feature_corruption,occupation,,
3442,feature_corruption,occupation,,
1697,feature_corruption,occupation,,
5505,feature_corruption,occupation,,
4869,feature_corruption,occupation,,
1494,feature_corruption,occupation,,
2788,feature_corruption,occupation,,
1709,feature_corruption,occupation,,
3109,feature_corruption,occupation,,
1872,feature_corruption,occupation,,
2981,feature_corruption,occupation,,
267,feature_corruption,occupation,,
3579,feature_corruption,occupation,,
915,feature_corruption,occupation,,
3952,feature_corruption,occupation,,
4472,feature_corruption,occupation,,
1529,feature_corruption,occupation,,
1806,feature_corruption,occupation,,
838,feature_corruption,occupation,,
1982,feature_corruption,occupation,,
388,feature_corruption,occupation,,
2793,feature_corruption,occupation,,
5919,feature_corruption,occupation,,
4538,feature_corruption,occupation,,
2727,feature_corruption,occupation,,
763,feature_corruption,occupation,,
5401,feature_corruption,occupation,,
5438,feature_corruption,occupation,,
2765,feature_corruption,occupation,,
1923,feature_corruption,occupation,,
4694,feature_corruption,occupation,,
1656,feature_corruption,occupation,,
3802,feature_corruption,occupation,,
474,feature_corruption,occupation,,
2822,feature_corruption,occupation,,
3329,feature_corruption,occupation,,
4990,feature_corruption,occupation,,
5382,feature_corruption,occupation,,
5636,feature_corruption,occupation,,
1953,feature_corruption,occupation,,
3271,feature_corruption,occupation,,
3158,feature_corruption,occupation,,
3723,feature_corruption,relationship,,
2636,feature_corruption,relationship,,
2234,feature_corruption,relationship,,
1063,feature_corruption,relationship,,
4141,feature_corruption,relationship,,
1476,feature_corruption,relationship,,
5630,feature_corruption,relationship,,
5599,feature_corruption,relationship,,
5611,feature_corruption,relationship,,
4360,feature_corruption,relationship,,
827,feature_corruption,relationship,,
2360,feature_corruption,relationship,,
1748,feature_corruption,relationship,,
798,feature_corruption,relationship,,
3718,feature_corruption,relationship,,
1436,feature_corruption,relationship,,
4815,feature_corruption,relationship,,
2652,feature_corruption,relationship,,
1255,feature_corruption,relationship,,
2915,feature_corruption,relationship,,
3291,feature_corruption,relationship,,
1279,feature_corruption,relationship,,
243,feature_corruption,relationship,,
4073,feature_corruption,relationship,,
105,feature_corruption,relationship,,
4072,feature_corruption,relationship,,
2759,feature_corruption,relationship,,
5457,feature_corruption,relationship,,
2972,feature_corruption,relationship,,
3757,feature_corruption,relationship,,
1812,feature_corruption,relationship,,
5912,feature_corruption,relationship,,
1911,feature_corruption,relationship,,
999,feature_corruption,relationship,,
3650,feature_corruption,relationship,,
3830,feature_corruption,relationship,,
1954,feature_corruption,relationship,,
2064,feature_corruption,relationship,,
5811,feature_corruption,relationship,,
605,feature_corruption,relationship,,
5596,feature_corruption,relationship,,
826,feature_corruption,relationship,,
2585,feature_corruption,relationship,,
5829,feature_corruption,relationship,,
2959,feature_corruption,relationship,,
4853,feature_corruption,relationship,,
4779,feature_corruption,relationship,,
2348,feature_corruption,relationship,,
3982,feature_corruption,relationship,,
5225,feature_corruption,relationship,,
5746,feature_corruption,relationship,,
5063,feature_corruption,relationship,,
5069,feature_corruption,relationship,,
4450,feature_corruption,relationship,,
4223,feature_corruption,relationship,,
5190,feature_corruption,relationship,,
3326,feature_corruption,relationship,,
5584,feature_corruption,relationship,,
4813,feature_corruption,relationship,,
5336,feature_corruption,relationship,,
5094,feature_corruption,relationship,,
2851,feature_corruption,relationship,,
1842,feature_corruption,relationship,,
1938,feature_corruption,relationship,,
5039,feature_corruption,relationship,,
4578,feature_corruption,relationship,,
1456,feature_corruption,relationship,,
4458,feature_corruption,relationship,,
3013,feature_corruption,relationship,,
4903,feature_corruption,relationship,,
4879,feature_corruption,relationship,,
1668,feature_corruption,relationship,,
2699,feature_corruption,relationship,,
5954,feature_corruption,relationship,,
5177,feature_corruption,relationship,,
5093,feature_corruption,relationship,,
3339,feature_corruption,relationship,,
4686,feature_corruption,relationship,,
2325,feature_corruption,relationship,,
1710,feature_corruption,relationship,,
3500,feature_corruption,relationship,,
5040,feature_corruption,relationship,,
4449,feature_corruption,relationship,,
627,feature_corruption,relationship,,
2662,feature_corruption,relationship,,
2072,feature_corruption,relationship,,
4050,feature_corruption,relationship,,
4155,feature_corruption,relationship,,
1391,feature_corruption,relationship,,
2539,feature_corruption,relationship,,
1576,feature_corruption,relationship,,
5174,feature_corruption,relationship,,
3625,feature_corruption,relationship,,
2237,feature_corruption,relationship,,
4310,feature_corruption,relationship,,
1246,feature_corruption,relationship,,
5227,feature_corruption,relationship,,
4165,feature_corruption,relationship,,
4140,feature_corruption,relationship,,
5226,feature_corruption,relationship,,
1308,feature_corruption,relationship,,
5005,feature_corruption,relationship,,
1369,feature_corruption,relationship,,
235,feature_corruption,relationship,,
2222,feature_corruption,relationship,,
4195,feature_corruption,relationship,,
2799,feature_corruption,relationship,,
1249,feature_corruption,relationship,,
4104,feature_corruption,relationship,,
401,feature_corruption,relationship,,
3833,feature_corruption,relationship,,
2776,feature_corruption,relationship,,
3680,feature_corruption,relationship,,
5749,feature_corruption,relationship,,
468,feature_corruption,relationship,,
2350,feature_corruption,relationship,,
1153,feature_corruption,relationship,,
1997,feature_corruption,relationship,,
659,feature_corruption,relationship,,
2517,feature_corruption,relationship,,
4864,feature_corruption,relationship,,
687,feature_corruption,relationship,,
3526,feature_corruption,relationship,,
4946,feature_corruption,relationship,,
338,feature_corruption,relationship,,
5440,feature_corruption,relationship,,
3299,feature_corruption,relationship,,
4924,feature_corruption,relationship,,
4204,feature_corruption,relationship,,
4495,feature_corruption,relationship,,
5390,feature_corruption,relationship,,
2872,feature_corruption,relationship,,
2437,feature_corruption,relationship,,
2100,feature_corruption,relationship,,
1865,feature_corruption,relationship,,
1980,feature_corruption,relationship,,
5857,feature_corruption,relationship,,
1680,feature_corruption,relationship,,
1070,feature_corruption,relationship,,
2145,feature_corruption,relationship,,
2469,feature_corruption,relationship,,
506,feature_corruption,relationship,,
1560,feature_corruption,relationship,,
5211,feature_corruption,relationship,,
185,feature_corruption,relationship,,
3874,feature_corruption,relationship,,
1580,feature_corruption,relationship,,
3619,feature_corruption,relationship,,
5833,feature_corruption,relationship,,
2118,feature_corruption,relationship,,
5471,feature_corruption,relationship,,
1427,feature_corruption,relationship,,
4752,feature_corruption,relationship,,
2863,feature_corruption,relationship,,
4119,feature_corruption,relationship,,
3183,feature_corruption,relationship,,
1799,feature_corruption,relationship,,
3170,feature_corruption,relationship,,
1184,feature_corruption,relationship,,
5324,feature_corruption,relationship,,
1609,feature_corruption,relationship,,
5957,feature_corruption,relationship,,
2978,feature_corruption,relationship,,
2359,feature_corruption,relationship,,
4322,feature_corruption,relationship,,
4369,feature_corruption,relationship,,
3511,feature_corruption,relationship,,
5398,feature_corruption,relationship,,
363,feature_corruption,relationship,,
5818,feature_corruption,relationship,,
13,feature_corruption,relationship,,
334,feature_corruption,relationship,,
4920,feature_corruption,relationship,,
420,feature_corruption,relationship,,
1217,feature_corruption,relationship,,
2647,feature_corruption,relationship,,
1925,feature_corruption,relationship,,
945,feature_corruption,relationship,,
1736,feature_corruption,relationship,,
360,feature_corruption,relationship,,
3816,feature_corruption,relationship,,
3539,feature_corruption,relationship,,
4791,feature_corruption,relationship,,
421,feature_corruption,relationship,,
1770,feature_corruption,relationship,,
5173,feature_corruption,relationship,,
3430,feature_corruption,relationship,,
1430,feature_corruption,relationship,,
956,feature_corruption,relationship,,
2215,feature_corruption,relationship,,
397,feature_corruption,relationship,,
5060,feature_corruption,relationship,,
2516,feature_corruption,relationship,,
4420,feature_corruption,relationship,,
97,feature_corruption,relationship,,
1390,feature_corruption,relationship,,
1774,feature_corruption,relationship,,
5073,feature_corruption,relationship,,
5797,feature_corruption,relationship,,
5280,feature_corruption,relationship,,
3352,feature_corruption,relationship,,
54,feature_corruption,relationship,,
2843,feature_corruption,relationship,,
1454,feature_corruption,relationship,,
2827,feature_corruption,relationship,,
1349,feature_corruption,relationship,,
660,feature_corruption,relationship,,
4658,feature_corruption,relationship,,
3850,feature_corruption,relationship,,
1046,feature_corruption,relationship,,
147,feature_corruption,relationship,,
3657,feature_corruption,relationship,,
486,feature_corruption,relationship,,
3768,feature_corruption,relationship,,
5235,feature_corruption,relationship,,
676,feature_corruption,relationship,,
2651,feature_corruption,relationship,,
1553,feature_corruption,relationship,,
2621,feature_corruption,relationship,,
5363,feature_corruption,relationship,,
4371,feature_corruption,relationship,,
437,feature_corruption,relationship,,
1922,feature_corruption,relationship,,
910,feature_corruption,relationship,,
2724,feature_corruption,relationship,,
3748,feature_corruption,relationship,,
5486,feature_corruption,relationship,,
3596,feature_corruption,relationship,,
1133,feature_corruption,relationship,,
50,feature_corruption,relationship,,
2951,feature_corruption,relationship,,
2273,feature_corruption,relationship,,
4401,feature_corruption,relationship,,
3842,feature_corruption,relationship,,
2654,feature_corruption,relationship,,
838,feature_corruption,relationship,,
2764,feature_corruption,relationship,,
63,feature_corruption,relationship,,
2297,feature_corruption,relationship,,
2663,feature_corruption,relationship,,
4184,feature_corruption,relationship,,
5977,feature_corruption,relationship,,
4347,feature_corruption,relationship,,
4367,feature_corruption,relationship,,
2830,feature_corruption,relationship,,
5629,feature_corruption,relationship,,
1807,feature_corruption,relationship,,
2626,feature_corruption,relationship,,
3222,feature_corruption,relationship,,
1027,feature_corruption,relationship,,
323,feature_corruption,relationship,,
593,feature_corruption,relationship,,
3740,feature_corruption,relationship,,
5024,feature_corruption,relationship,,
5720,feature_corruption,relationship,,
928,feature_corruption,relationship,,
32,feature_corruption,relationship,,
86,feature_corruption,relationship,,
3862,feature_corruption,relationship,,
3496,feature_corruption,relationship,,
5654,feature_corruption,relationship,,
3642,feature_corruption,relationship,,
4338,feature_corruption,relationship,,
5481,feature_corruption,relationship,,
696,feature_corruption,relationship,,
2831,feature_corruption,relationship,,
769,feature_corruption,relationship,,
565,feature_corruption,relationship,,
5706,feature_corruption,relationship,,
5718,feature_corruption,relationship,,
4388,feature_corruption,relationship,,
2582,feature_corruption,relationship,,
4670,feature_corruption,relationship,,
1924,feature_corruption,relationship,,
801,feature_corruption,relationship,,
4640,feature_corruption,relationship,,
3451,feature_corruption,relationship,,
1910,feature_corruption,relationship,,
590,feature_corruption,relationship,,
293,feature_corruption,relationship,,
688,feature_corruption,relationship,,
2716,feature_corruption,relationship,,
3544,feature_corruption,relationship,,
2589,feature_corruption,relationship,,
4270,feature_corruption,relationship,,
1667,feature_corruption,relationship,,
1040,feature_corruption,relationship,,
5660,feature_corruption,relationship,,
5337,feature_corruption,relationship,,
983,feature_corruption,relationship,,
3793,feature_corruption,relationship,,
1211,feature_corruption,relationship,,
4345,feature_corruption,relationship,,
4018,feature_corruption,relationship,,
5357,feature_corruption,relationship,,
1649,feature_corruption,relationship,,
618,feature_corruption,relationship,,
864,feature_corruption,relationship,,
1073,feature_corruption,relationship,,
2487,feature_corruption,relationship,,
3761,feature_corruption,relationship,,
566,feature_corruption,relationship,,
3494,feature_corruption,relationship,,
5125,feature_corruption,relationship,,
3272,feature_corruption,relationship,,
4290,feature_corruption,relationship,,
2977,feature_corruption,relationship,,
635,feature_corruption,relationship,,
4874,feature_corruption,relationship,,
2081,feature_corruption,relationship,,
542,feature_corruption,relationship,,
3029,feature_corruption,relationship,,
1660,feature_corruption,relationship,,
4225,feature_corruption,relationship,,
4823,feature_corruption,relationship,,
837,feature_corruption,relationship,,
2608,feature_corruption,relationship,,
2798,feature_corruption,relationship,,
5147,feature_corruption,relationship,,
2659,feature_corruption,relationship,,
768,feature_corruption,relationship,,
4715,feature_corruption,relationship,,
535,feature_corruption,relationship,,
5429,feature_corruption,race,,
317,feature_corruption,race,,
1141,feature_corruption,race,,
1877,feature_corruption,race,,
2358,feature_corruption,race,,
931,feature_corruption,race,,
261,feature_corruption,race,,
1516,feature_corruption,race,,
92,feature_corruption,race,,
5636,feature_corruption,race,,
2091,feature_corruption,race,,
3609,feature_corruption,race,,
4393,feature_corruption,race,,
572,feature_corruption,race,,
4877,feature_corruption,race,,
2157,feature_corruption,race,,
620,feature_corruption,race,,
3941,feature_corruption,race,,
2519,feature_corruption,race,,
270,feature_corruption,race,,
201,feature_corruption,race,,
3536,feature_corruption,race,,
1230,feature_corruption,race,,
2155,feature_corruption,race,,
2386,feature_corruption,race,,
5366,feature_corruption,race,,
381,feature_corruption,race,,
722,feature_corruption,race,,
3589,feature_corruption,race,,
1575,feature_corruption,race,,
600,feature_corruption,race,,
1542,feature_corruption,race,,
5646,feature_corruption,race,,
4774,feature_corruption,race,,
2173,feature_corruption,race,,
1848,feature_corruption,race,,
4930,feature_corruption,race,,
50,feature_corruption,race,,
3594,feature_corruption,race,,
5398,feature_corruption,race,,
3379,feature_corruption,race,,
3198,feature_corruption,race,,
3102,feature_corruption,race,,
2712,feature_corruption,race,,
2498,feature_corruption,race,,
1664,feature_corruption,race,,
5656,feature_corruption,race,,
640,feature_corruption,race,,
2598,feature_corruption,race,,
446,feature_corruption,race,,
4837,feature_corruption,race,,
4489,feature_corruption,race,,
4095,feature_corruption,race,,
5394,feature_corruption,race,,
488,feature_corruption,race,,
2186,feature_corruption,race,,
1672,feature_corruption,race,,
1512,feature_corruption,race,,
351,feature_corruption,race,,
1957,feature_corruption,race,,
4839,feature_corruption,race,,
4707,feature_corruption,race,,
1354,feature_corruption,race,,
3438,feature_corruption,race,,
1372,feature_corruption,race,,
2541,feature_corruption,race,,
3097,feature_corruption,race,,
3119,feature_corruption,race,,
417,feature_corruption,race,,
2300,feature_corruption,race,,
4350,feature_corruption,race,,
996,feature_corruption,race,,
513,feature_corruption,race,,
5734,feature_corruption,race,,
1357,feature_corruption,race,,
4310,feature_corruption,race,,
1290,feature_corruption,race,,
4324,feature_corruption,race,,
5744,feature_corruption,race,,
5714,feature_corruption,race,,
4831,feature_corruption,race,,
2108,feature_corruption,race,,
1363,feature_corruption,race,,
1750,feature_corruption,race,,
4521,feature_corruption,race,,
861,feature_corruption,race,,
1782,feature_corruption,race,,
4207,feature_corruption,race,,
4640,feature_corruption,race,,
1148,feature_corruption,race,,
758,feature_corruption,race,,
2022,feature_corruption,race,,
2136,feature_corruption,race,,
2011,feature_corruption,race,,
2477,feature_corruption,race,,
4678,feature_corruption,race,,
938,feature_corruption,race,,
1885,feature_corruption,race,,
524,feature_corruption,race,,
3578,feature_corruption,race,,
4637,feature_corruption,race,,
2939,feature_corruption,race,,
284,feature_corruption,race,,
2988,feature_corruption,race,,
1129,feature_corruption,race,,
1622,feature_corruption,race,,
3163,feature_corruption,race,,
5658,feature_corruption,race,,
1801,feature_corruption,race,,
5562,feature_corruption,race,,
3380,feature_corruption,race,,
1303,feature_corruption,race,,
3031,feature_corruption,race,,
948,feature_corruption,race,,
383,feature_corruption,race,,
1284,feature_corruption,race,,
2263,feature_corruption,race,,
4970,feature_corruption,race,,
445,feature_corruption,race,,
5608,feature_corruption,race,,
2706,feature_corruption,race,,
3954,feature_corruption,race,,
305,feature_corruption,race,,
5768,feature_corruption,race,,
1496,feature_corruption,race,,
2150,feature_corruption,race,,
1693,feature_corruption,race,,
2557,feature_corruption,race,,
1261,feature_corruption,race,,
5694,feature_corruption,race,,
5917,feature_corruption,race,,
5520,feature_corruption,race,,
4027,feature_corruption,race,,
4771,feature_corruption,race,,
4071,feature_corruption,race,,
5410,feature_corruption,race,,
3057,feature_corruption,race,,
5196,feature_corruption,race,,
3411,feature_corruption,race,,
1236,feature_corruption,race,,
4816,feature_corruption,race,,
2439,feature_corruption,race,,
2290,feature_corruption,race,,
4375,feature_corruption,race,,
1501,feature_corruption,race,,
4801,feature_corruption,race,,
576,feature_corruption,race,,
4169,feature_corruption,race,,
2479,feature_corruption,race,,
5167,feature_corruption,race,,
1698,feature_corruption,race,,
3841,feature_corruption,race,,
1673,feature_corruption,race,,
1506,feature_corruption,race,,
1784,feature_corruption,race,,
2595,feature_corruption,race,,
3878,feature_corruption,race,,
3905,feature_corruption,race,,
5308,feature_corruption,race,,
4243,feature_corruption,race,,
4212,feature_corruption,race,,
2006,feature_corruption,race,,
426,feature_corruption,race,,
4846,feature_corruption,race,,
3733,feature_corruption,race,,
293,feature_corruption,race,,
4345,feature_corruption,race,,
5373,feature_corruption,race,,
920,feature_corruption,race,,
5124,feature_corruption,race,,
963,feature_corruption,race,,
5587,feature_corruption,race,,
2118,feature_corruption,race,,
3136,feature_corruption,race,,
5256,feature_corruption,race,,
4340,feature_corruption,race,,
3074,feature_corruption,race,,
3182,feature_corruption,race,,
3454,feature_corruption,race,,
3603,feature_corruption,race,,
617,feature_corruption,race,,
1186,feature_corruption,race,,
274,feature_corruption,race,,
1155,feature_corruption,race,,
3356,feature_corruption,race,,
2532,feature_corruption,race,,
3038,feature_corruption,race,,
5162,feature_corruption,race,,
5652,feature_corruption,race,,
5523,feature_corruption,race,,
2398,feature_corruption,race,,
5542,feature_corruption,race,,
5434,feature_corruption,race,,
4487,feature_corruption,race,,
3644,feature_corruption,race,,
2020,feature_corruption,race,,
3497,feature_corruption,race,,
2630,feature_corruption,race,,
3154,feature_corruption,race,,
5179,feature_corruption,race,,
23,feature_corruption,race,,
5957,feature_corruption,race,,
1866,feature_corruption,race,,
175,feature_corruption,race,,
1874,feature_corruption,race,,
4787,feature_corruption,race,,
651,feature_corruption,race,,
5412,feature_corruption,race,,
2714,feature_corruption,race,,
5481,feature_corruption,race,,
3520,feature_corruption,race,,
1780,feature_corruption,race,,
4583,feature_corruption,race,,
1555,feature_corruption,race,,
823,feature_corruption,race,,
3023,feature_corruption,race,,
2773,feature_corruption,race,,
5078,feature_corruption,race,,
1902,feature_corruption,race,,
3485,feature_corruption,race,,
3124,feature_corruption,race,,
5889,feature_corruption,race,,
704,feature_corruption,race,,
2408,feature_corruption,race,,
4577,feature_corruption,race,,
3150,feature_corruption,race,,
4237,feature_corruption,race,,
4011,feature_corruption,race,,
1765,feature_corruption,race,,
4604,feature_corruption,race,,
2055,feature_corruption,race,,
26,feature_corruption,race,,
5069,feature_corruption,race,,
2324,feature_corruption,race,,
4214,feature_corruption,race,,
5632,feature_corruption,race,,
1572,feature_corruption,race,,
5825,feature_corruption,race,,
2464,feature_corruption,race,,
438,feature_corruption,race,,
3144,feature_corruption,race,,
1959,feature_corruption,race,,
1378,feature_corruption,race,,
2840,feature_corruption,race,,
2568,feature_corruption,race,,
4747,feature_corruption,race,,
1418,feature_corruption,race,,
5075,feature_corruption,race,,
331,feature_corruption,race,,
2985,feature_corruption,race,,
3711,feature_corruption,race,,
3481,feature_corruption,race,,
2424,feature_corruption,race,,
1649,feature_corruption,race,,
3189,feature_corruption,race,,
5613,feature_corruption,race,,
4211,feature_corruption,race,,
4828,feature_corruption,race,,
2651,feature_corruption,race,,
4145,feature_corruption,race,,
4756,feature_corruption,race,,
849,feature_corruption,race,,
5129,feature_corruption,race,,
3955,feature_corruption,race,,
5924,feature_corruption,race,,
2628,feature_corruption,race,,
4294,feature_corruption,race,,
729,feature_corruption,race,,
760,feature_corruption,race,,
4544,feature_corruption,race,,
2259,feature_corruption,race,,
2188,feature_corruption,race,,
2756,feature_corruption,race,,
4643,feature_corruption,race,,
4987,feature_corruption,race,,
309,feature_corruption,race,,
2480,feature_corruption,race,,
3197,feature_corruption,race,,
5867,feature_corruption,race,,
4057,feature_corruption,race,,
1146,feature_corruption,race,,
871,feature_corruption,race,,
1634,feature_corruption,race,,
5159,feature_corruption,race,,
1192,feature_corruption,race,,
2489,feature_corruption,race,,
2589,feature_corruption,race,,
1070,feature_corruption,race,,
4459,feature_corruption,race,,
190,feature_corruption,race,,
4460,feature_corruption,race,,
2004,feature_corruption,race,,
3099,feature_corruption,race,,
2599,feature_corruption,race,,
3185,feature_corruption,race,,
223,feature_corruption,race,,
710,feature_corruption,race,,
3258,feature_corruption,race,,
2074,feature_corruption,race,,
3951,feature_corruption,race,,
4531,feature_corruption,race,,
3968,feature_corruption,race,,
2771,feature_corruption,race,,
965,feature_corruption,race,,
2433,feature_corruption,race,,
5111,feature_corruption,race,,
5886,feature_corruption,race,,
184,feature_corruption,race,,
4004,feature_corruption,race,,
837,feature_corruption,race,,
5044,feature_corruption,race,,
4667,feature_corruption,race,,
4963,feature_corruption,race,,
552,feature_corruption,race,,
515,feature_corruption,race,,
4086,feature_corruption,sex,,
2283,feature_corruption,sex,,
2709,feature_corruption,sex,,
241,feature_corruption,sex,,
4495,feature_corruption,sex,,
554,feature_corruption,sex,,
124,feature_corruption,sex,,
5801,feature_corruption,sex,,
1848,feature_corruption,sex,,
78,feature_corruption,sex,,
2431,feature_corruption,sex,,
2597,feature_corruption,sex,,
2550,feature_corruption,sex,,
1914,feature_corruption,sex,,
2372,feature_corruption,sex,,
1941,feature_corruption,sex,,
3834,feature_corruption,sex,,
1381,feature_corruption,sex,,
5543,feature_corruption,sex,,
4173,feature_corruption,sex,,
345,feature_corruption,sex,,
2913,feature_corruption,sex,,
2965,feature_corruption,sex,,
2494,feature_corruption,sex,,
1862,feature_corruption,sex,,
3203,feature_corruption,sex,,
1930,feature_corruption,sex,,
3401,feature_corruption,sex,,
5114,feature_corruption,sex,,
4597,feature_corruption,sex,,
2191,feature_corruption,sex,,
314,feature_corruption,sex,,
1305,feature_corruption,sex,,
4873,feature_corruption,sex,,
2573,feature_corruption,sex,,
2364,feature_corruption,sex,,
2102,feature_corruption,sex,,
1244,feature_corruption,sex,,
2531,feature_corruption,sex,,
1276,feature_corruption,sex,,
775,feature_corruption,sex,,
4919,feature_corruption,sex,,
4576,feature_corruption,sex,,
3334,feature_corruption,sex,,
425,feature_corruption,sex,,
5299,feature_corruption,sex,,
3897,feature_corruption,sex,,
620,feature_corruption,sex,,
4595,feature_corruption,sex,,
3018,feature_corruption,sex,,
3099,feature_corruption,sex,,
4312,feature_corruption,sex,,
292,feature_corruption,sex,,
2280,feature_corruption,sex,,
317,feature_corruption,sex,,
140,feature_corruption,sex,,
1692,feature_corruption,sex,,
2373,feature_corruption,sex,,
5901,feature_corruption,sex,,
2026,feature_corruption,sex,,
5530,feature_corruption,sex,,
2612,feature_corruption,sex,,
1420,feature_corruption,sex,,
678,feature_corruption,sex,,
928,feature_corruption,sex,,
326,feature_corruption,sex,,
3565,feature_corruption,sex,,
4997,feature_corruption,sex,,
5910,feature_corruption,sex,,
5359,feature_corruption,sex,,
1220,feature_corruption,sex,,
1068,feature_corruption,sex,,
1417,feature_corruption,sex,,
4273,feature_corruption,sex,,
2279,feature_corruption,sex,,
1204,feature_corruption,sex,,
2182,feature_corruption,sex,,
2495,feature_corruption,sex,,
3932,feature_corruption,sex,,
3215,feature_corruption,sex,,
396,feature_corruption,sex,,
5248,feature_corruption,sex,,
3602,feature_corruption,sex,,
2133,feature_corruption,sex,,
2535,feature_corruption,sex,,
1060,feature_corruption,sex,,
1813,feature_corruption,sex,,
4323,feature_corruption,sex,,
4553,feature_corruption,sex,,
1684,feature_corruption,sex,,
2833,feature_corruption,sex,,
2516,feature_corruption,sex,,
2766,feature_corruption,sex,,
3074,feature_corruption,sex,,
1058,feature_corruption,sex,,
5825,feature_corruption,sex,,
5047,feature_corruption,sex,,
5424,feature_corruption,sex,,
4741,feature_corruption,sex,,
2645,feature_corruption,sex,,
5596,feature_corruption,sex,,
3631,feature_corruption,sex,,
2098,feature_corruption,sex,,
5311,feature_corruption,sex,,
3102,feature_corruption,sex,,
681,feature_corruption,sex,,
3162,feature_corruption,sex,,
5969,feature_corruption,sex,,
2596,feature_corruption,sex,,
791,feature_corruption,sex,,
2940,feature_corruption,sex,,
2148,feature_corruption,sex,,
5408,feature_corruption,sex,,
2167,feature_corruption,sex,,
2627,feature_corruption,sex,,
3816,feature_corruption,sex,,
4806,feature_corruption,sex,,
4392,feature_corruption,sex,,
5827,feature_corruption,sex,,
180,feature_corruption,sex,,
5038,feature_corruption,sex,,
502,feature_corruption,sex,,
833,feature_corruption,sex,,
2676,feature_corruption,sex,,
1992,feature_corruption,sex,,
1025,feature_corruption,sex,,
2461,feature_corruption,sex,,
2764,feature_corruption,sex,,
553,feature_corruption,sex,,
1001,feature_corruption,sex,,
4918,feature_corruption,sex,,
770,feature_corruption,sex,,
4396,feature_corruption,sex,,
3505,feature_corruption,sex,,
37,feature_corruption,sex,,
5758,feature_corruption,sex,,
153,feature_corruption,sex,,
2545,feature_corruption,sex,,
1322,feature_corruption,sex,,
1901,feature_corruption,sex,,
5343,feature_corruption,sex,,
1876,feature_corruption,sex,,
5288,feature_corruption,sex,,
1889,feature_corruption,sex,,
1733,feature_corruption,sex,,
5701,feature_corruption,sex,,
618,feature_corruption,sex,,
4861,feature_corruption,sex,,
3437,feature_corruption,sex,,
2469,feature_corruption,sex,,
2278,feature_corruption,sex,,
784,feature_corruption,sex,,
2667,feature_corruption,sex,,
5717,feature_corruption,sex,,
4097,feature_corruption,sex,,
3946,feature_corruption,sex,,
5497,feature_corruption,sex,,
5191,feature_corruption,sex,,
115,feature_corruption,sex,,
1784,feature_corruption,sex,,
536,feature_corruption,sex,,
2356,feature_corruption,sex,,
3786,feature_corruption,sex,,
235,feature_corruption,sex,,
1037,feature_corruption,sex,,
3594,feature_corruption,sex,,
1773,feature_corruption,sex,,
4213,feature_corruption,sex,,
755,feature_corruption,sex,,
2565,feature_corruption,sex,,
3110,feature_corruption,sex,,
1241,feature_corruption,sex,,
4398,feature_corruption,sex,,
2746,feature_corruption,sex,,
4890,feature_corruption,sex,,
2825,feature_corruption,sex,,
736,feature_corruption,sex,,
2547,feature_corruption,sex,,
1654,feature_corruption,sex,,
1456,feature_corruption,sex,,
2425,feature_corruption,sex,,
1551,feature_corruption,sex,,
2257,feature_corruption,sex,,
4974,feature_corruption,sex,,
940,feature_corruption,sex,,
808,feature_corruption,sex,,
2082,feature_corruption,sex,,
3830,feature_corruption,sex,,
2669,feature_corruption,sex,,
2811,feature_corruption,sex,,
5728,feature_corruption,sex,,
1993,feature_corruption,sex,,
1807,feature_corruption,sex,,
2259,feature_corruption,sex,,
4689,feature_corruption,sex,,
3787,feature_corruption,sex,,
3903,feature_corruption,sex,,
776,feature_corruption,sex,,
746,feature_corruption,sex,,
1017,feature_corruption,sex,,
741,feature_corruption,sex,,
870,feature_corruption,sex,,
4167,feature_corruption,sex,,
4132,feature_corruption,sex,,
1273,feature_corruption,sex,,
3536,feature_corruption,sex,,
2128,feature_corruption,sex,,
5037,feature_corruption,sex,,
4551,feature_corruption,sex,,
5025,feature_corruption,sex,,
5911,feature_corruption,sex,,
2800,feature_corruption,sex,,
1948,feature_corruption,sex,,
5086,feature_corruption,sex,,
5386,feature_corruption,sex,,
3121,feature_corruption,sex,,
2444,feature_corruption,sex,,
2455,feature_corruption,sex,,
5511,feature_corruption,sex,,
1009,feature_corruption,sex,,
357,feature_corruption,sex,,
1805,feature_corruption,sex,,
4767,feature_corruption,sex,,
1385,feature_corruption,sex,,
5113,feature_corruption,sex,,
1311,feature_corruption,sex,,
2432,feature_corruption,sex,,
4856,feature_corruption,sex,,
2998,feature_corruption,sex,,
5125,feature_corruption,sex,,
2004,feature_corruption,sex,,
4515,feature_corruption,sex,,
1591,feature_corruption,sex,,
4281,feature_corruption,sex,,
982,feature_corruption,sex,,
3960,feature_corruption,sex,,
4901,feature_corruption,sex,,
2587,feature_corruption,sex,,
686,feature_corruption,sex,,
2275,feature_corruption,sex,,
3868,feature_corruption,sex,,
2080,feature_corruption,sex,,
2442,feature_corruption,sex,,
5774,feature_corruption,sex,,
880,feature_corruption,sex,,
3776,feature_corruption,sex,,
1300,feature_corruption,sex,,
416,feature_corruption,sex,,
4448,feature_corruption,sex,,
5818,feature_corruption,sex,,
2995,feature_corruption,sex,,
4140,feature_corruption,sex,,
5509,feature_corruption,sex,,
5749,feature_corruption,sex,,
1430,feature_corruption,sex,,
4972,feature_corruption,sex,,
4622,feature_corruption,sex,,
4905,feature_corruption,sex,,
568,feature_corruption,sex,,
724,feature_corruption,sex,,
5218,feature_corruption,sex,,
3875,feature_corruption,sex,,
1238,feature_corruption,sex,,
521,feature_corruption,sex,,
5026,feature_corruption,sex,,
827,feature_corruption,sex,,
2927,feature_corruption,sex,,
4754,feature_corruption,sex,,
3405,feature_corruption,sex,,
3456,feature_corruption,sex,,
4374,feature_corruption,sex,,
3007,feature_corruption,sex,,
2293,feature_corruption,sex,,
4920,feature_corruption,sex,,
2407,feature_corruption,sex,,
1081,feature_corruption,sex,,
2938,feature_corruption,sex,,
4936,feature_corruption,sex,,
4953,feature_corruption,sex,,
3568,feature_corruption,sex,,
5719,feature_corruption,sex,,
4493,feature_corruption,sex,,
5566,feature_corruption,sex,,
3958,feature_corruption,sex,,
482,feature_corruption,sex,,
738,feature_corruption,sex,,
4144,feature_corruption,sex,,
5959,feature_corruption,sex,,
5222,feature_corruption,sex,,
4963,feature_corruption,sex,,
31,feature_corruption,sex,,
1567,feature_corruption,sex,,
2269,feature_corruption,sex,,
3941,feature_corruption,sex,,
5080,feature_corruption,sex,,
3418,feature_corruption,sex,,
5732,feature_corruption,sex,,
4304,feature_corruption,sex,,
5757,feature_corruption,sex,,
524,feature_corruption,sex,,
4715,feature_corruption,sex,,
1435,feature_corruption,sex,,
2851,feature_corruption,sex,,
457,feature_corruption,sex,,
5800,feature_corruption,sex,,
262,feature_corruption,sex,,
4556,feature_corruption,sex,,
2672,feature_corruption,sex,,
2701,feature_corruption,sex,,
1208,feature_corruption,sex,,
4643,feature_corruption,sex,,
3154,feature_corruption,capital-gain,,
2446,feature_corruption,capital-gain,,
3260,feature_corruption,capital-gain,,
4073,feature_corruption,capital-gain,,
4808,feature_corruption,capital-gain,,
1084,feature_corruption,capital-gain,,
5303,feature_corruption,capital-gain,,
2863,feature_corruption,capital-gain,,
1410,feature_corruption,capital-gain,,
5844,feature_corruption,capital-gain,,
1917,feature_corruption,capital-gain,,
3914,feature_corruption,capital-gain,,
1535,feature_corruption,capital-gain,,
4832,feature_corruption,capital-gain,,
4307,feature_corruption,capital-gain,,
559,feature_corruption,capital-gain,,
4163,feature_corruption,capital-gain,,
3270,feature_corruption,capital-gain,,
1330,feature_corruption,capital-gain,,
2368,feature_corruption,capital-gain,,
2718,feature_corruption,capital-gain,,
5138,feature_corruption,capital-gain,,
3903,feature_corruption,capital-gain,,
3146,feature_corruption,capital-gain,,
587,feature_corruption,capital-gain,,
641,feature_corruption,capital-gain,,
322,feature_corruption,capital-gain,,
4576,feature_corruption,capital-gain,,
5269,feature_corruption,capital-gain,,
1168,feature_corruption,capital-gain,,
2304,feature_corruption,capital-gain,,
5810,feature_corruption,capital-gain,,
688,feature_corruption,capital-gain,,
5857,feature_corruption,capital-gain,,
4313,feature_corruption,capital-gain,,
2570,feature_corruption,capital-gain,,
3625,feature_corruption,capital-gain,,
761,feature_corruption,capital-gain,,
810,feature_corruption,capital-gain,,
738,feature_corruption,capital-gain,,
2009,feature_corruption,capital-gain,,
1158,feature_corruption,capital-gain,,
2136,feature_corruption,capital-gain,,
1713,feature_corruption,capital-gain,,
177,feature_corruption,capital-gain,,
2003,feature_corruption,capital-gain,,
2620,feature_corruption,capital-gain,,
4488,feature_corruption,capital-gain,,
2046,feature_corruption,capital-gain,,
4155,feature_corruption,capital-gain,,
1777,feature_corruption,capital-gain,,
2439,feature_corruption,capital-gain,,
266,feature_corruption,capital-gain,,
5617,feature_corruption,capital-gain,,
1311,feature_corruption,capital-gain,,
3683,feature_corruption,capital-gain,,
5439,feature_corruption,capital-gain,,
1588,feature_corruption,capital-gain,,
1001,feature_corruption,capital-gain,,
5589,feature_corruption,capital-gain,,
3703,feature_corruption,capital-gain,,
1951,feature_corruption,capital-gain,,
4427,feature_corruption,capital-gain,,
3509,feature_corruption,capital-gain,,
5565,feature_corruption,capital-gain,,
1527,feature_corruption,capital-gain,,
1012,feature_corruption,capital-gain,,
1107,feature_corruption,capital-gain,,
3872,feature_corruption,capital-gain,,
4814,feature_corruption,capital-gain,,
1126,feature_corruption,capital-gain,,
1243,feature_corruption,capital-gain,,
1989,feature_corruption,capital-gain,,
925,feature_corruption,capital-gain,,
3710,feature_corruption,capital-gain,,
5777,feature_corruption,capital-gain,,
2352,feature_corruption,capital-gain,,
468,feature_corruption,capital-gain,,
136,feature_corruption,capital-gain,,
3630,feature_corruption,capital-gain,,
4742,feature_corruption,capital-gain,,
1388,feature_corruption,capital-gain,,
4075,feature_corruption,capital-gain,,
4087,feature_corruption,capital-gain,,
4094,feature_corruption,capital-gain,,
4397,feature_corruption,capital-gain,,
3465,feature_corruption,capital-gain,,
4417,feature_corruption,capital-gain,,
4444,feature_corruption,capital-gain,,
1008,feature_corruption,capital-gain,,
1074,feature_corruption,capital-gain,,
2449,feature_corruption,capital-gain,,
649,feature_corruption,capital-gain,,
1192,feature_corruption,capital-gain,,
5633,feature_corruption,capital-gain,,
3589,feature_corruption,capital-gain,,
546,feature_corruption,capital-gain,,
1639,feature_corruption,capital-gain,,
261,feature_corruption,capital-gain,,
1750,feature_corruption,capital-gain,,
2114,feature_corruption,capital-gain,,
232,feature_corruption,capital-gain,,
4241,feature_corruption,capital-gain,,
747,feature_corruption,capital-gain,,
5429,feature_corruption,capital-gain,,
5597,feature_corruption,capital-gain,,
3904,feature_corruption,capital-gain,,
1570,feature_corruption,capital-gain,,
1921,feature_corruption,capital-gain,,
1391,feature_corruption,capital-gain,,
877,feature_corruption,capital-gain,,
4320,feature_corruption,capital-gain,,
5689,feature_corruption,capital-gain,,
3888,feature_corruption,capital-gain,,
2685,feature_corruption,capital-gain,,
1575,feature_corruption,capital-gain,,
2204,feature_corruption,capital-gain,,
362,feature_corruption,capital-gain,,
3061,feature_corruption,capital-gain,,
5171,feature_corruption,capital-gain,,
1195,feature_corruption,capital-gain,,
1541,feature_corruption,capital-gain,,
1049,feature_corruption,capital-gain,,
2701,feature_corruption,capital-gain,,
4834,feature_corruption,capital-gain,,
5185,feature_corruption,capital-gain,,
3764,feature_corruption,capital-gain,,
946,feature_corruption,capital-gain,,
1506,feature_corruption,capital-gain,,
3091,feature_corruption,capital-gain,,
5608,feature_corruption,capital-gain,,
3782,feature_corruption,capital-gain,,
3143,feature_corruption,capital-gain,,
3226,feature_corruption,capital-gain,,
1565,feature_corruption,capital-gain,,
856,feature_corruption,capital-gain,,
560,feature_corruption,capital-gain,,
1225,feature_corruption,capital-gain,,
3989,feature_corruption,capital-gain,,
138,feature_corruption,capital-gain,,
5893,feature_corruption,capital-gain,,
1422,feature_corruption,capital-gain,,
406,feature_corruption,capital-gain,,
5728,feature_corruption,capital-gain,,
1691,feature_corruption,capital-gain,,
2342,feature_corruption,capital-gain,,
4523,feature_corruption,capital-gain,,
4902,feature_corruption,capital-gain,,
2395,feature_corruption,capital-gain,,
1690,feature_corruption,capital-gain,,
2354,feature_corruption,capital-gain,,
1031,feature_corruption,capital-gain,,
3183,feature_corruption,capital-gain,,
4198,feature_corruption,capital-gain,,
756,feature_corruption,capital-gain,,
4709,feature_corruption,capital-gain,,
3110,feature_corruption,capital-gain,,
1695,feature_corruption,capital-gain,,
895,feature_corruption,capital-gain,,
9,feature_corruption,capital-gain,,
3145,feature_corruption,capital-gain,,
2305,feature_corruption,capital-gain,,
5206,feature_corruption,capital-gain,,
435,feature_corruption,capital-gain,,
4992,feature_corruption,capital-gain,,
1052,feature_corruption,capital-gain,,
707,feature_corruption,capital-gain,,
4458,feature_corruption,capital-gain,,
4998,feature_corruption,capital-gain,,
3244,feature_corruption,capital-gain,,
3953,feature_corruption,capital-gain,,
1090,feature_corruption,capital-gain,,
4424,feature_corruption,capital-gain,,
5607,feature_corruption,capital-gain,,
2314,feature_corruption,capital-gain,,
3693,feature_corruption,capital-gain,,
586,feature_corruption,capital-gain,,
614,feature_corruption,capital-gain,,
521,feature_corruption,capital-gain,,
940,feature_corruption,capital-gain,,
3058,feature_corruption,capital-gain,,
3025,feature_corruption,capital-gain,,
880,feature_corruption,capital-gain,,
1072,feature_corruption,capital-gain,,
3399,feature_corruption,capital-gain,,
4078,feature_corruption,capital-gain,,
845,feature_corruption,capital-gain,,
467,feature_corruption,capital-gain,,
5354,feature_corruption,capital-gain,,
5002,feature_corruption,capital-gain,,
3652,feature_corruption,capital-gain,,
1619,feature_corruption,capital-gain,,
654,feature_corruption,capital-gain,,
4115,feature_corruption,capital-gain,,
2266,feature_corruption,capital-gain,,
3042,feature_corruption,capital-gain,,
4623,feature_corruption,capital-gain,,
2279,feature_corruption,capital-gain,,
5684,feature_corruption,capital-gain,,
1295,feature_corruption,capital-gain,,
5051,feature_corruption,capital-gain,,
1403,feature_corruption,capital-gain,,
4571,feature_corruption,capital-gain,,
4506,feature_corruption,capital-gain,,
5504,feature_corruption,capital-gain,,
645,feature_corruption,capital-gain,,
287,feature_corruption,capital-gain,,
1408,feature_corruption,capital-gain,,
2626,feature_corruption,capital-gain,,
2894,feature_corruption,capital-gain,,
5736,feature_corruption,capital-gain,,
674,feature_corruption,capital-gain,,
5198,feature_corruption,capital-gain,,
5993,feature_corruption,capital-gain,,
1804,feature_corruption,capital-gain,,
2549,feature_corruption,capital-gain,,
5956,feature_corruption,capital-gain,,
4993,feature_corruption,capital-gain,,
2514,feature_corruption,capital-gain,,
5897,feature_corruption,capital-gain,,
2972,feature_corruption,capital-gain,,
3011,feature_corruption,capital-gain,,
5147,feature_corruption,capital-gain,,
5580,feature_corruption,capital-gain,,
3429,feature_corruption,capital-gain,,
3211,feature_corruption,capital-gain,,
2233,feature_corruption,capital-gain,,
2442,feature_corruption,capital-gain,,
510,feature_corruption,capital-gain,,
741,feature_corruption,capital-gain,,
3973,feature_corruption,capital-gain,,
1416,feature_corruption,capital-gain,,
5820,feature_corruption,capital-gain,,
1610,feature_corruption,capital-gain,,
5642,feature_corruption,capital-gain,,
878,feature_corruption,capital-gain,,
2165,feature_corruption,capital-gain,,
5342,feature_corruption,capital-gain,,
2903,feature_corruption,capital-gain,,
3566,feature_corruption,capital-gain,,
3079,feature_corruption,capital-gain,,
5473,feature_corruption,capital-gain,,
46,feature_corruption,capital-gain,,
1507,feature_corruption,capital-gain,,
817,feature_corruption,capital-gain,,
3786,feature_corruption,capital-gain,,
1204,feature_corruption,capital-gain,,
2741,feature_corruption,capital-gain,,
1767,feature_corruption,capital-gain,,
2482,feature_corruption,capital-gain,,
3075,feature_corruption,capital-gain,,
3523,feature_corruption,capital-gain,,
5173,feature_corruption,capital-gain,,
1387,feature_corruption,capital-gain,,
1717,feature_corruption,capital-gain,,
1082,feature_corruption,capital-gain,,
503,feature_corruption,capital-gain,,
5326,feature_corruption,capital-gain,,
4611,feature_corruption,capital-gain,,
1334,feature_corruption,capital-gain,,
5321,feature_corruption,capital-gain,,
5791,feature_corruption,capital-gain,,
1079,feature_corruption,capital-gain,,
3077,feature_corruption,capital-gain,,
2216,feature_corruption,capital-gain,,
3673,feature_corruption,capital-gain,,
1916,feature_corruption,capital-gain,,
1457,feature_corruption,capital-gain,,
5702,feature_corruption,capital-gain,,
494,feature_corruption,capital-gain,,
2500,feature_corruption,capital-gain,,
2673,feature_corruption,capital-gain,,
1846,feature_corruption,capital-gain,,
1057,feature_corruption,capital-gain,,
5800,feature_corruption,capital-gain,,
2050,feature_corruption,capital-gain,,
2001,feature_corruption,capital-gain,,
5945,feature_corruption,capital-gain,,
1820,feature_corruption,capital-gain,,
3407,feature_corruption,capital-gain,,
2825,feature_corruption,capital-gain,,
582,feature_corruption,capital-gain,,
5355,feature_corruption,capital-gain,,
382,feature_corruption,capital-gain,,
2413,feature_corruption,capital-gain,,
3078,feature_corruption,capital-gain,,
2659,feature_corruption,capital-loss,,
2890,feature_corruption,capital-loss,,
4030,feature_corruption,capital-loss,,
5200,feature_corruption,capital-loss,,
2223,feature_corruption,capital-loss,,
47,feature_corruption,capital-loss,,
1625,feature_corruption,capital-loss,,
5855,feature_corruption,capital-loss,,
2582,feature_corruption,capital-loss,,
3927,feature_corruption,capital-loss,,
1068,feature_corruption,capital-loss,,
1615,feature_corruption,capital-loss,,
1083,feature_corruption,capital-loss,,
4178,feature_corruption,capital-loss,,
4901,feature_corruption,capital-loss,,
860,feature_corruption,capital-loss,,
3099,feature_corruption,capital-loss,,
3960,feature_corruption,capital-loss,,
3371,feature_corruption,capital-loss,,
745,feature_corruption,capital-loss,,
2995,feature_corruption,capital-loss,,
4994,feature_corruption,capital-loss,,
5318,feature_corruption,capital-loss,,
5296,feature_corruption,capital-loss,,
3246,feature_corruption,capital-loss,,
3976,feature_corruption,capital-loss,,
1284,feature_corruption,capital-loss,,
5789,feature_corruption,capital-loss,,
2828,feature_corruption,capital-loss,,
1022,feature_corruption,capital-loss,,
3050,feature_corruption,capital-loss,,
3136,feature_corruption,capital-loss,,
1384,feature_corruption,capital-loss,,
5348,feature_corruption,capital-loss,,
4160,feature_corruption,capital-loss,,
1433,feature_corruption,capital-loss,,
2763,feature_corruption,capital-loss,,
5336,feature_corruption,capital-loss,,
497,feature_corruption,capital-loss,,
3580,feature_corruption,capital-loss,,
890,feature_corruption,capital-loss,,
5965,feature_corruption,capital-loss,,
1497,feature_corruption,capital-loss,,
5748,feature_corruption,capital-loss,,
409,feature_corruption,capital-loss,,
2584,feature_corruption,capital-loss,,
3055,feature_corruption,capital-loss,,
1266,feature_corruption,capital-loss,,
5454,feature_corruption,capital-loss,,
4773,feature_corruption,capital-loss,,
2762,feature_corruption,capital-loss,,
45,feature_corruption,capital-loss,,
3011,feature_corruption,capital-loss,,
2909,feature_corruption,capital-loss,,
4289,feature_corruption,capital-loss,,
5049,feature_corruption,capital-loss,,
4195,feature_corruption,capital-loss,,
1761,feature_corruption,capital-loss,,
563,feature_corruption,capital-loss,,
2325,feature_corruption,capital-loss,,
2374,feature_corruption,capital-loss,,
2764,feature_corruption,capital-loss,,
2364,feature_corruption,capital-loss,,
1199,feature_corruption,capital-loss,,
24,feature_corruption,capital-loss,,
30,feature_corruption,capital-loss,,
1526,feature_corruption,capital-loss,,
1974,feature_corruption,capital-loss,,
5541,feature_corruption,capital-loss,,
5479,feature_corruption,capital-loss,,
5741,feature_corruption,capital-loss,,
2606,feature_corruption,capital-loss,,
3353,feature_corruption,capital-loss,,
4571,feature_corruption,capital-loss,,
5009,feature_corruption,capital-loss,,
3714,feature_corruption,capital-loss,,
2876,feature_corruption,capital-loss,,
5204,feature_corruption,capital-loss,,
4971,feature_corruption,capital-loss,,
2265,feature_corruption,capital-loss,,
3361,feature_corruption,capital-loss,,
735,feature_corruption,capital-loss,,
1580,feature_corruption,capital-loss,,
5818,feature_corruption,capital-loss,,
1634,feature_corruption,capital-loss,,
2925,feature_corruption,capital-loss,,
5189,feature_corruption,capital-loss,,
386,feature_corruption,capital-loss,,
5986,feature_corruption,capital-loss,,
977,feature_corruption,capital-loss,,
3569,feature_corruption,capital-loss,,
4463,feature_corruption,capital-loss,,
859,feature_corruption,capital-loss,,
2058,feature_corruption,capital-loss,,
1826,feature_corruption,capital-loss,,
502,feature_corruption,capital-loss,,
448,feature_corruption,capital-loss,,
2538,feature_corruption,capital-loss,,
2249,feature_corruption,capital-loss,,
4613,feature_corruption,capital-loss,,
5350,feature_corruption,capital-loss,,
3135,feature_corruption,capital-loss,,
1658,feature_corruption,capital-loss,,
1674,feature_corruption,capital-loss,,
4105,feature_corruption,capital-loss,,
5238,feature_corruption,capital-loss,,
1422,feature_corruption,capital-loss,,
4006,feature_corruption,capital-loss,,
5076,feature_corruption,capital-loss,,
1419,feature_corruption,capital-loss,,
3366,feature_corruption,capital-loss,,
1089,feature_corruption,capital-loss,,
3116,feature_corruption,capital-loss,,
2525,feature_corruption,capital-loss,,
31,feature_corruption,capital-loss,,
5308,feature_corruption,capital-loss,,
26,feature_corruption,capital-loss,,
4248,feature_corruption,capital-loss,,
3682,feature_corruption,capital-loss,,
3358,feature_corruption,capital-loss,,
600,feature_corruption,capital-loss,,
3088,feature_corruption,capital-loss,,
321,feature_corruption,capital-loss,,
3793,feature_corruption,capital-loss,,
1246,feature_corruption,capital-loss,,
5210,feature_corruption,capital-loss,,
2110,feature_corruption,capital-loss,,
1833,feature_corruption,capital-loss,,
2030,feature_corruption,capital-loss,,
2237,feature_corruption,capital-loss,,
4387,feature_corruption,capital-loss,,
895,feature_corruption,capital-loss,,
5129,feature_corruption,capital-loss,,
839,feature_corruption,capital-loss,,
1372,feature_corruption,capital-loss,,
1870,feature_corruption,capital-loss,,
555,feature_corruption,capital-loss,,
1029,feature_corruption,capital-loss,,
1305,feature_corruption,capital-loss,,
1456,feature_corruption,capital-loss,,
5126,feature_corruption,capital-loss,,
673,feature_corruption,capital-loss,,
228,feature_corruption,capital-loss,,
979,feature_corruption,capital-loss,,
3542,feature_corruption,capital-loss,,
1362,feature_corruption,capital-loss,,
5825,feature_corruption,capital-loss,,
3695,feature_corruption,capital-loss,,
1883,feature_corruption,capital-loss,,
4992,feature_corruption,capital-loss,,
2119,feature_corruption,capital-loss,,
5116,feature_corruption,capital-loss,,
135,feature_corruption,capital-loss,,
3657,feature_corruption,capital-loss,,
3567,feature_corruption,capital-loss,,
1512,feature_corruption,capital-loss,,
2453,feature_corruption,capital-loss,,
1933,feature_corruption,capital-loss,,
5869,feature_corruption,capital-loss,,
5224,feature_corruption,capital-loss,,
5773,feature_corruption,capital-loss,,
5562,feature_corruption,capital-loss,,
3792,feature_corruption,capital-loss,,
4612,feature_corruption,capital-loss,,
1643,feature_corruption,capital-loss,,
4855,feature_corruption,capital-loss,,
4786,feature_corruption,capital-loss,,
2346,feature_corruption,capital-loss,,
3249,feature_corruption,capital-loss,,
958,feature_corruption,capital-loss,,
2108,feature_corruption,capital-loss,,
4221,feature_corruption,capital-loss,,
1736,feature_corruption,capital-loss,,
1786,feature_corruption,capital-loss,,
1481,feature_corruption,capital-loss,,
1373,feature_corruption,capital-loss,,
649,feature_corruption,capital-loss,,
1436,feature_corruption,capital-loss,,
2826,feature_corruption,capital-loss,,
2746,feature_corruption,capital-loss,,
1874,feature_corruption,capital-loss,,
2215,feature_corruption,capital-loss,,
4575,feature_corruption,capital-loss,,
4296,feature_corruption,capital-loss,,
2227,feature_corruption,capital-loss,,
1432,feature_corruption,capital-loss,,
4012,feature_corruption,capital-loss,,
206,feature_corruption,capital-loss,,
5782,feature_corruption,capital-loss,,
4934,feature_corruption,capital-loss,,
106,feature_corruption,capital-loss,,
2441,feature_corruption,capital-loss,,
3494,feature_corruption,capital-loss,,
730,feature_corruption,capital-loss,,
3879,feature_corruption,capital-loss,,
4331,feature_corruption,capital-loss,,
459,feature_corruption,capital-loss,,
1869,feature_corruption,capital-loss,,
1358,feature_corruption,capital-loss,,
1428,feature_corruption,capital-loss,,
9,feature_corruption,capital-loss,,
356,feature_corruption,capital-loss,,
3746,feature_corruption,capital-loss,,
5022,feature_corruption,capital-loss,,
1842,feature_corruption,capital-loss,,
1574,feature_corruption,capital-loss,,
1919,feature_corruption,capital-loss,,
4437,feature_corruption,capital-loss,,
3274,feature_corruption,capital-loss,,
2156,feature_corruption,capital-loss,,
4137,feature_corruption,capital-loss,,
807,feature_corruption,capital-loss,,
500,feature_corruption,capital-loss,,
1107,feature_corruption,capital-loss,,
3606,feature_corruption,capital-loss,,
4133,feature_corruption,capital-loss,,
2370,feature_corruption,capital-loss,,
4731,feature_corruption,capital-loss,,
3840,feature_corruption,capital-loss,,
4433,feature_corruption,capital-loss,,
1683,feature_corruption,capital-loss,,
2457,feature_corruption,capital-loss,,
146,feature_corruption,capital-loss,,
129,feature_corruption,capital-loss,,
2188,feature_corruption,capital-loss,,
4548,feature_corruption,capital-loss,,
1150,feature_corruption,capital-loss,,
4472,feature_corruption,capital-loss,,
2324,feature_corruption,capital-loss,,
3292,feature_corruption,capital-loss,,
2205,feature_corruption,capital-loss,,
4330,feature_corruption,capital-loss,,
5992,feature_corruption,capital-loss,,
3039,feature_corruption,capital-loss,,
3120,feature_corruption,capital-loss,,
3243,feature_corruption,capital-loss,,
4162,feature_corruption,capital-loss,,
3394,feature_corruption,capital-loss,,
564,feature_corruption,capital-loss,,
1337,feature_corruption,capital-loss,,
2811,feature_corruption,capital-loss,,
1290,feature_corruption,capital-loss,,
5420,feature_corruption,capital-loss,,
1527,feature_corruption,capital-loss,,
2649,feature_corruption,capital-loss,,
3396,feature_corruption,capital-loss,,
5178,feature_corruption,capital-loss,,
5247,feature_corruption,capital-loss,,
314,feature_corruption,capital-loss,,
2708,feature_corruption,capital-loss,,
3598,feature_corruption,capital-loss,,
306,feature_corruption,capital-loss,,
214,feature_corruption,capital-loss,,
4801,feature_corruption,capital-loss,,
2692,feature_corruption,capital-loss,,
256,feature_corruption,capital-loss,,
4642,feature_corruption,capital-loss,,
3063,feature_corruption,capital-loss,,
5754,feature_corruption,capital-loss,,
5565,feature_corruption,capital-loss,,
2603,feature_corruption,capital-loss,,
3164,feature_corruption,capital-loss,,
1608,feature_corruption,capital-loss,,
4534,feature_corruption,capital-loss,,
4344,feature_corruption,capital-loss,,
2489,feature_corruption,capital-loss,,
5930,feature_corruption,capital-loss,,
3656,feature_corruption,capital-loss,,
5469,feature_corruption,capital-loss,,
4135,feature_corruption,capital-loss,,
1204,feature_corruption,capital-loss,,
3767,feature_corruption,capital-loss,,
4561,feature_corruption,capital-loss,,
4788,feature_corruption,capital-loss,,
2912,feature_corruption,capital-loss,,
5649,feature_corruption,capital-loss,,
2583,feature_corruption,capital-loss,,
1487,feature_corruption,capital-loss,,
5377,feature_corruption,capital-loss,,
605,feature_corruption,capital-loss,,
5516,feature_corruption,capital-loss,,
5072,feature_corruption,capital-loss,,
4386,feature_corruption,capital-loss,,
2558,feature_corruption,capital-loss,,
915,feature_corruption,capital-loss,,
857,feature_corruption,capital-loss,,
627,feature_corruption,capital-loss,,
4448,feature_corruption,capital-loss,,
2231,feature_corruption,capital-loss,,
2460,feature_corruption,capital-loss,,
38,feature_corruption,capital-loss,,
2500,feature_corruption,capital-loss,,
5730,feature_corruption,capital-loss,,
149,feature_corruption,capital-loss,,
3022,feature_corruption,capital-loss,,
5923,feature_corruption,capital-loss,,
4828,feature_corruption,capital-loss,,
962,feature_corruption,capital-loss,,
1762,feature_corruption,capital-loss,,
4053,feature_corruption,capital-loss,,
3887,feature_corruption,capital-loss,,
116,feature_corruption,capital-loss,,
1830,feature_corruption,capital-loss,,
576,feature_corruption,capital-loss,,
2737,feature_corruption,capital-loss,,
5744,feature_corruption,capital-loss,,
3634,feature_corruption,capital-loss,,
4168,feature_corruption,capital-loss,,
4619,feature_corruption,capital-loss,,
999,feature_corruption,capital-loss,,
2502,feature_corruption,capital-loss,,
207,feature_corruption,capital-loss,,
1470,feature_corruption,capital-loss,,
2749,feature_corruption,capital-loss,,
3774,feature_corruption,capital-loss,,
3383,feature_corruption,capital-loss,,
778,feature_corruption,capital-loss,,
2984,feature_corruption,capital-loss,,
1659,feature_corruption,capital-loss,,
2701,feature_corruption,capital-loss,,
2059,feature_corruption,hours-per-week,,
3847,feature_corruption,hours-per-week,,
3877,feature_corruption,hours-per-week,,
1718,feature_corruption,hours-per-week,,
2556,feature_corruption,hours-per-week,,
2875,feature_corruption,hours-per-week,,
1183,feature_corruption,hours-per-week,,
5992,feature_corruption,hours-per-week,,
1968,feature_corruption,hours-per-week,,
2366,feature_corruption,hours-per-week,,
1546,feature_corruption,hours-per-week,,
2971,feature_corruption,hours-per-week,,
2922,feature_corruption,hours-per-week,,
5956,feature_corruption,hours-per-week,,
4311,feature_corruption,hours-per-week,,
2109,feature_corruption,hours-per-week,,
4019,feature_corruption,hours-per-week,,
2869,feature_corruption,hours-per-week,,
5272,feature_corruption,hours-per-week,,
5970,feature_corruption,hours-per-week,,
57,feature_corruption,hours-per-week,,
5641,feature_corruption,hours-per-week,,
4350,feature_corruption,hours-per-week,,
3888,feature_corruption,hours-per-week,,
3648,feature_corruption,hours-per-week,,
461,feature_corruption,hours-per-week,,
5505,feature_corruption,hours-per-week,,
3339,feature_corruption,hours-per-week,,
2005,feature_corruption,hours-per-week,,
2868,feature_corruption,hours-per-week,,
1119,feature_corruption,hours-per-week,,
1037,feature_corruption,hours-per-week,,
4232,feature_corruption,hours-per-week,,
5731,feature_corruption,hours-per-week,,
2822,feature_corruption,hours-per-week,,
2662,feature_corruption,hours-per-week,,
5839,feature_corruption,hours-per-week,,
5930,feature_corruption,hours-per-week,,
3956,feature_corruption,hours-per-week,,
5063,feature_corruption,hours-per-week,,
707,feature_corruption,hours-per-week,,
2737,feature_corruption,hours-per-week,,
3654,feature_corruption,hours-per-week,,
4984,feature_corruption,hours-per-week,,
1481,feature_corruption,hours-per-week,,
5084,feature_corruption,hours-per-week,,
408,feature_corruption,hours-per-week,,
5665,feature_corruption,hours-per-week,,
5533,feature_corruption,hours-per-week,,
4791,feature_corruption,hours-per-week,,
1657,feature_corruption,hours-per-week,,
5670,feature_corruption,hours-per-week,,
1078,feature_corruption,hours-per-week,,
2497,feature_corruption,hours-per-week,,
2321,feature_corruption,hours-per-week,,
5231,feature_corruption,hours-per-week,,
3035,feature_corruption,hours-per-week,,
3254,feature_corruption,hours-per-week,,
2142,feature_corruption,hours-per-week,,
222,feature_corruption,hours-per-week,,
3299,feature_corruption,hours-per-week,,
1593,feature_corruption,hours-per-week,,
5270,feature_corruption,hours-per-week,,
342,feature_corruption,hours-per-week,,
1547,feature_corruption,hours-per-week,,
5963,feature_corruption,hours-per-week,,
4103,feature_corruption,hours-per-week,,
2590,feature_corruption,hours-per-week,,
1435,feature_corruption,hours-per-week,,
4343,feature_corruption,hours-per-week,,
1012,feature_corruption,hours-per-week,,
655,feature_corruption,hours-per-week,,
2162,feature_corruption,hours-per-week,,
3458,feature_corruption,hours-per-week,,
3079,feature_corruption,hours-per-week,,
4260,feature_corruption,hours-per-week,,
2145,feature_corruption,hours-per-week,,
3750,feature_corruption,hours-per-week,,
4635,feature_corruption,hours-per-week,,
1636,feature_corruption,hours-per-week,,
5679,feature_corruption,hours-per-week,,
5758,feature_corruption,hours-per-week,,
2527,feature_corruption,hours-per-week,,
3007,feature_corruption,hours-per-week,,
1087,feature_corruption,hours-per-week,,
2535,feature_corruption,hours-per-week,,
860,feature_corruption,hours-per-week,,
366,feature_corruption,hours-per-week,,
4985,feature_corruption,hours-per-week,,
912,feature_corruption,hours-per-week,,
203,feature_corruption,hours-per-week,,
5393,feature_corruption,hours-per-week,,
3150,feature_corruption,hours-per-week,,
4812,feature_corruption,hours-per-week,,
1147,feature_corruption,hours-per-week,,
5764,feature_corruption,hours-per-week,,
3781,feature_corruption,hours-per-week,,
561,feature_corruption,hours-per-week,,
5578,feature_corruption,hours-per-week,,
3591,feature_corruption,hours-per-week,,
3365,feature_corruption,hours-per-week,,
3021,feature_corruption,hours-per-week,,
5457,feature_corruption,hours-per-week,,
483,feature_corruption,hours-per-week,,
3583,feature_corruption,hours-per-week,,
3472,feature_corruption,hours-per-week,,
4537,feature_corruption,hours-per-week,,
2037,feature_corruption,hours-per-week,,
2312,feature_corruption,hours-per-week,,
2725,feature_corruption,hours-per-week,,
601,feature_corruption,hours-per-week,,
4663,feature_corruption,hours-per-week,,
2001,feature_corruption,hours-per-week,,
5840,feature_corruption,hours-per-week,,
4532,feature_corruption,hours-per-week,,
3040,feature_corruption,hours-per-week,,
154,feature_corruption,hours-per-week,,
3210,feature_corruption,hours-per-week,,
1046,feature_corruption,hours-per-week,,
1908,feature_corruption,hours-per-week,,
3426,feature_corruption,hours-per-week,,
2300,feature_corruption,hours-per-week,,
2652,feature_corruption,hours-per-week,,
976,feature_corruption,hours-per-week,,
2431,feature_corruption,hours-per-week,,
5465,feature_corruption,hours-per-week,,
4856,feature_corruption,hours-per-week,,
3810,feature_corruption,hours-per-week,,
3533,feature_corruption,hours-per-week,,
4088,feature_corruption,hours-per-week,,
1963,feature_corruption,hours-per-week,,
43,feature_corruption,hours-per-week,,
1278,feature_corruption,hours-per-week,,
3703,feature_corruption,hours-per-week,,
2808,feature_corruption,hours-per-week,,
4953,feature_corruption,hours-per-week,,
3037,feature_corruption,hours-per-week,,
3906,feature_corruption,hours-per-week,,
5913,feature_corruption,hours-per-week,,
4394,feature_corruption,hours-per-week,,
5034,feature_corruption,hours-per-week,,
4395,feature_corruption,hours-per-week,,
1233,feature_corruption,hours-per-week,,
316,feature_corruption,hours-per-week,,
1069,feature_corruption,hours-per-week,,
3105,feature_corruption,hours-per-week,,
5978,feature_corruption,hours-per-week,,
1989,feature_corruption,hours-per-week,,
588,feature_corruption,hours-per-week,,
4262,feature_corruption,hours-per-week,,
3427,feature_corruption,hours-per-week,,
625,feature_corruption,hours-per-week,,
2665,feature_corruption,hours-per-week,,
4359,feature_corruption,hours-per-week,,
5765,feature_corruption,hours-per-week,,
5778,feature_corruption,hours-per-week,,
794,feature_corruption,hours-per-week,,
2908,feature_corruption,hours-per-week,,
2018,feature_corruption,hours-per-week,,
2776,feature_corruption,hours-per-week,,
580,feature_corruption,hours-per-week,,
1163,feature_corruption,hours-per-week,,
4270,feature_corruption,hours-per-week,,
3534,feature_corruption,hours-per-week,,
59,feature_corruption,hours-per-week,,
2044,feature_corruption,hours-per-week,,
5804,feature_corruption,hours-per-week,,
1235,feature_corruption,hours-per-week,,
5987,feature_corruption,hours-per-week,,
2954,feature_corruption,hours-per-week,,
3137,feature_corruption,hours-per-week,,
4219,feature_corruption,hours-per-week,,
4459,feature_corruption,hours-per-week,,
2329,feature_corruption,hours-per-week,,
1491,feature_corruption,hours-per-week,,
5139,feature_corruption,hours-per-week,,
1733,feature_corruption,hours-per-week,,
2283,feature_corruption,hours-per-week,,
3439,feature_corruption,hours-per-week,,
5437,feature_corruption,hours-per-week,,
1652,feature_corruption,hours-per-week,,
4048,feature_corruption,hours-per-week,,
4809,feature_corruption,hours-per-week,,
3555,feature_corruption,hours-per-week,,
1344,feature_corruption,hours-per-week,,
4025,feature_corruption,hours-per-week,,
2541,feature_corruption,hours-per-week,,
2884,feature_corruption,hours-per-week,,
892,feature_corruption,hours-per-week,,
657,feature_corruption,hours-per-week,,
1450,feature_corruption,hours-per-week,,
5633,feature_corruption,hours-per-week,,
600,feature_corruption,hours-per-week,,
4804,feature_corruption,hours-per-week,,
4671,feature_corruption,hours-per-week,,
5256,feature_corruption,hours-per-week,,
3191,feature_corruption,hours-per-week,,
3513,feature_corruption,hours-per-week,,
3153,feature_corruption,hours-per-week,,
1749,feature_corruption,hours-per-week,,
2508,feature_corruption,hours-per-week,,
174,feature_corruption,hours-per-week,,
2255,feature_corruption,hours-per-week,,
5464,feature_corruption,hours-per-week,,
3193,feature_corruption,hours-per-week,,
3282,feature_corruption,hours-per-week,,
1429,feature_corruption,hours-per-week,,
27,feature_corruption,hours-per-week,,
3765,feature_corruption,hours-per-week,,
4784,feature_corruption,hours-per-week,,
4747,feature_corruption,hours-per-week,,
5806,feature_corruption,hours-per-week,,
4997,feature_corruption,hours-per-week,,
2169,feature_corruption,hours-per-week,,
4290,feature_corruption,hours-per-week,,
3471,feature_corruption,hours-per-week,,
5569,feature_corruption,hours-per-week,,
5370,feature_corruption,hours-per-week,,
1813,feature_corruption,hours-per-week,,
1945,feature_corruption,hours-per-week,,
4178,feature_corruption,hours-per-week,,
4073,feature_corruption,hours-per-week,,
453,feature_corruption,hours-per-week,,
5349,feature_corruption,hours-per-week,,
5254,feature_corruption,hours-per-week,,
2557,feature_corruption,hours-per-week,,
1167,feature_corruption,hours-per-week,,
213,feature_corruption,hours-per-week,,
5622,feature_corruption,hours-per-week,,
4098,feature_corruption,hours-per-week,,
2202,feature_corruption,hours-per-week,,
339,feature_corruption,hours-per-week,,
5401,feature_corruption,hours-per-week,,
1460,feature_corruption,hours-per-week,,
71,feature_corruption,hours-per-week,,
3786,feature_corruption,hours-per-week,,
5055,feature_corruption,hours-per-week,,
831,feature_corruption,hours-per-week,,
3287,feature_corruption,hours-per-week,,
512,feature_corruption,hours-per-week,,
1869,feature_corruption,hours-per-week,,
4334,feature_corruption,hours-per-week,,
3912,feature_corruption,hours-per-week,,
997,feature_corruption,hours-per-week,,
5712,feature_corruption,hours-per-week,,
502,feature_corruption,hours-per-week,,
2995,feature_corruption,hours-per-week,,
3187,feature_corruption,hours-per-week,,
2181,feature_corruption,hours-per-week,,
4086,feature_corruption,hours-per-week,,
4965,feature_corruption,hours-per-week,,
5759,feature_corruption,hours-per-week,,
1410,feature_corruption,hours-per-week,,
5298,feature_corruption,hours-per-week,,
4226,feature_corruption,hours-per-week,,
986,feature_corruption,hours-per-week,,
2133,feature_corruption,hours-per-week,,
396,feature_corruption,hours-per-week,,
3166,feature_corruption,hours-per-week,,
5525,feature_corruption,hours-per-week,,
1728,feature_corruption,hours-per-week,,
3614,feature_corruption,hours-per-week,,
1993,feature_corruption,hours-per-week,,
2577,feature_corruption,hours-per-week,,
5566,feature_corruption,hours-per-week,,
631,feature_corruption,hours-per-week,,
2978,feature_corruption,hours-per-week,,
4045,feature_corruption,hours-per-week,,
4399,feature_corruption,hours-per-week,,
692,feature_corruption,hours-per-week,,
5607,feature_corruption,hours-per-week,,
4680,feature_corruption,hours-per-week,,
1047,feature_corruption,hours-per-week,,
3465,feature_corruption,hours-per-week,,
4838,feature_corruption,hours-per-week,,
1562,feature_corruption,hours-per-week,,
4660,feature_corruption,hours-per-week,,
2028,feature_corruption,hours-per-week,,
2165,feature_corruption,hours-per-week,,
4092,feature_corruption,hours-per-week,,
911,feature_corruption,hours-per-week,,
2999,feature_corruption,hours-per-week,,
5124,feature_corruption,hours-per-week,,
4761,feature_corruption,hours-per-week,,
5122,feature_corruption,hours-per-week,,
3920,feature_corruption,hours-per-week,,
2633,feature_corruption,hours-per-week,,
1135,feature_corruption,hours-per-week,,
990,feature_corruption,hours-per-week,,
4413,feature_corruption,hours-per-week,,
4183,feature_corruption,hours-per-week,,
1033,feature_corruption,native-country,,
3210,feature_corruption,native-country,,
3026,feature_corruption,native-country,,
4902,feature_corruption,native-country,,
5024,feature_corruption,native-country,,
5555,feature_corruption,native-country,,
5539,feature_corruption,native-country,,
2416,feature_corruption,native-country,,
1660,feature_corruption,native-country,,
5580,feature_corruption,native-country,,
17,feature_corruption,native-country,,
4529,feature_corruption,native-country,,
3121,feature_corruption,native-country,,
5779,feature_corruption,native-country,,
5159,feature_corruption,native-country,,
4835,feature_corruption,native-country,,
1417,feature_corruption,native-country,,
2980,feature_corruption,native-country,,
145,feature_corruption,native-country,,
5305,feature_corruption,native-country,,
2701,feature_corruption,native-country,,
4860,feature_corruption,native-country,,
4091,feature_corruption,native-country,,
68,feature_corruption,native-country,,
1010,feature_corruption,native-country,,
4948,feature_corruption,native-country,,
3493,feature_corruption,native-country,,
4200,feature_corruption,native-country,,
1894,feature_corruption,native-country,,
5810,feature_corruption,native-country,,
5193,feature_corruption,native-country,,
3663,feature_corruption,native-country,,
5696,feature_corruption,native-country,,
5416,feature_corruption,native-country,,
3269,feature_corruption,native-country,,
3090,feature_corruption,native-country,,
1360,feature_corruption,native-country,,
5718,feature_corruption,native-country,,
1896,feature_corruption,native-country,,
4338,feature_corruption,native-country,,
3668,feature_corruption,native-country,,
5589,feature_corruption,native-country,,
3056,feature_corruption,native-country,,
4481,feature_corruption,native-country,,
3149,feature_corruption,native-country,,
1241,feature_corruption,native-country,,
2069,feature_corruption,native-country,,
1634,feature_corruption,native-country,,
539,feature_corruption,native-country,,
1666,feature_corruption,native-country,,
4240,feature_corruption,native-country,,
5778,feature_corruption,native-country,,
4725,feature_corruption,native-country,,
4944,feature_corruption,native-country,,
1294,feature_corruption,native-country,,
1371,feature_corruption,native-country,,
2673,feature_corruption,native-country,,
4207,feature_corruption,native-country,,
4308,feature_corruption,native-country,,
2096,feature_corruption,native-country,,
1459,feature_corruption,native-country,,
2480,feature_corruption,native-country,,
1727,feature_corruption,native-country,,
3856,feature_corruption,native-country,,
4895,feature_corruption,native-country,,
3188,feature_corruption,native-country,,
2547,feature_corruption,native-country,,
5823,feature_corruption,native-country,,
1962,feature_corruption,native-country,,
3180,feature_corruption,native-country,,
2210,feature_corruption,native-country,,
979,feature_corruption,native-country,,
5104,feature_corruption,native-country,,
2638,feature_corruption,native-country,,
2814,feature_corruption,native-country,,
5422,feature_corruption,native-country,,
4179,feature_corruption,native-country,,
1323,feature_corruption,native-country,,
2190,feature_corruption,native-country,,
3823,feature_corruption,native-country,,
1510,feature_corruption,native-country,,
889,feature_corruption,native-country,,
1637,feature_corruption,native-country,,
4198,feature_corruption,native-country,,
4999,feature_corruption,native-country,,
4085,feature_corruption,native-country,,
735,feature_corruption,native-country,,
4882,feature_corruption,native-country,,
4588,feature_corruption,native-country,,
2303,feature_corruption,native-country,,
4188,feature_corruption,native-country,,
5434,feature_corruption,native-country,,
4841,feature_corruption,native-country,,
3028,feature_corruption,native-country,,
4094,feature_corruption,native-country,,
5130,feature_corruption,native-country,,
5056,feature_corruption,native-country,,
2407,feature_corruption,native-country,,
1093,feature_corruption,native-country,,
3705,feature_corruption,native-country,,
5100,feature_corruption,native-country,,
1054,feature_corruption,native-country,,
5642,feature_corruption,native-country,,
3830,feature_corruption,native-country,,
3302,feature_corruption,native-country,,
3356,feature_corruption,native-country,,
1221,feature_corruption,native-country,,
2575,feature_corruption,native-country,,
709,feature_corruption,native-country,,
2370,feature_corruption,native-country,,
452,feature_corruption,native-country,,
1753,feature_corruption,native-country,,
384,feature_corruption,native-country,,
604,feature_corruption,native-country,,
4828,feature_corruption,native-country,,
5927,feature_corruption,native-country,,
1120,feature_corruption,native-country,,
799,feature_corruption,native-country,,
1027,feature_corruption,native-country,,
2709,feature_corruption,native-country,,
2975,feature_corruption,native-country,,
393,feature_corruption,native-country,,
3114,feature_corruption,native-country,,
2866,feature_corruption,native-country,,
4676,feature_corruption,native-country,,
3975,feature_corruption,native-country,,
1722,feature_corruption,native-country,,
2472,feature_corruption,native-country,,
2780,feature_corruption,native-country,,
805,feature_corruption,native-country,,
675,feature_corruption,native-country,,
1403,feature_corruption,native-country,,
3659,feature_corruption,native-country,,
5930,feature_corruption,native-country,,
1640,feature_corruption,native-country,,
1900,feature_corruption,native-country,,
4075,feature_corruption,native-country,,
1108,feature_corruption,native-country,,
5805,feature_corruption,native-country,,
1625,feature_corruption,native-country,,
3702,feature_corruption,native-country,,
3116,feature_corruption,native-country,,
3097,feature_corruption,native-country,,
5625,feature_corruption,native-country,,
4557,feature_corruption,native-country,,
5511,feature_corruption,native-country,,
5128,feature_corruption,native-country,,
176,feature_corruption,native-country,,
1304,feature_corruption,native-country,,
334,feature_corruption,native-country,,
3064,feature_corruption,native-country,,
3412,feature_corruption,native-country,,
1200,feature_corruption,native-country,,
2013,feature_corruption,native-country,,
1246,feature_corruption,native-country,,
1172,feature_corruption,native-country,,
4008,feature_corruption,native-country,,
1048,feature_corruption,native-country,,
2755,feature_corruption,native-country,,
3333,feature_corruption,native-country,,
3503,feature_corruption,native-country,,
4918,feature_corruption,native-country,,
535,feature_corruption,native-country,,
4974,feature_corruption,native-country,,
2675,feature_corruption,native-country,,
5928,feature_corruption,native-country,,
4159,feature_corruption,native-country,,
2914,feature_corruption,native-country,,
2994,feature_corruption,native-country,,
5938,feature_corruption,native-country,,
1358,feature_corruption,native-country,,
5759,feature_corruption,native-country,,
1880,feature_corruption,native-country,,
1883,feature_corruption,native-country,,
1507,feature_corruption,native-country,,
2585,feature_corruption,native-country,,
1670,feature_corruption,native-country,,
2926,feature_corruption,native-country,,
355,feature_corruption,native-country,,
5036,feature_corruption,native-country,,
4000,feature_corruption,native-country,,
4368,feature_corruption,native-country,,
4219,feature_corruption,native-country,,
5905,feature_corruption,native-country,,
3058,feature_corruption,native-country,,
2855,feature_corruption,native-country,,
343,feature_corruption,native-country,,
497,feature_corruption,native-country,,
4991,feature_corruption,native-country,,
969,feature_corruption,native-country,,
246,feature_corruption,native-country,,
2928,feature_corruption,native-country,,
1863,feature_corruption,native-country,,
3309,feature_corruption,native-country,,
3255,feature_corruption,native-country,,
2031,feature_corruption,native-country,,
4668,feature_corruption,native-country,,
1874,feature_corruption,native-country,,
3567,feature_corruption,native-country,,
4982,feature_corruption,native-country,,
4659,feature_corruption,native-country,,
936,feature_corruption,native-country,,
2723,feature_corruption,native-country,,
25,feature_corruption,native-country,,
4975,feature_corruption,native-country,,
713,feature_corruption,native-country,,
1686,feature_corruption,native-country,,
2322,feature_corruption,native-country,,
4386,feature_corruption,native-country,,
5457,feature_corruption,native-country,,
4266,feature_corruption,native-country,,
2849,feature_corruption,native-country,,
4289,feature_corruption,native-country,,
3532,feature_corruption,native-country,,
1051,feature_corruption,native-country,,
5085,feature_corruption,native-country,,
1401,feature_corruption,native-country,,
5835,feature_corruption,native-country,,
5025,feature_corruption,native-country,,
3120,feature_corruption,native-country,,
3220,feature_corruption,native-country,,
2834,feature_corruption,native-country,,
4681,feature_corruption,native-country,,
2989,feature_corruption,native-country,,
5802,feature_corruption,native-country,,
2192,feature_corruption,native-country,,
403,feature_corruption,native-country,,
2231,feature_corruption,native-country,,
2804,feature_corruption,native-country,,
5410,feature_corruption,native-country,,
3715,feature_corruption,native-country,,
3267,feature_corruption,native-country,,
1375,feature_corruption,native-country,,
5474,feature_corruption,native-country,,
643,feature_corruption,native-country,,
4939,feature_corruption,native-country,,
3662,feature_corruption,native-country,,
3514,feature_corruption,native-country,,
1125,feature_corruption,native-country,,
248,feature_corruption,native-country,,
838,feature_corruption,native-country,,
1210,feature_corruption,native-country,,
4171,feature_corruption,native-country,,
135,feature_corruption,native-country,,
3335,feature_corruption,native-country,,
5495,feature_corruption,native-country,,
2446,feature_corruption,native-country,,
2615,feature_corruption,native-country,,
3349,feature_corruption,native-country,,
3386,feature_corruption,native-country,,
2220,feature_corruption,native-country,,
5428,feature_corruption,native-country,,
1362,feature_corruption,native-country,,
4934,feature_corruption,native-country,,
5852,feature_corruption,native-country,,
2597,feature_corruption,native-country,,
6000,duplicates,,copy_of_row_2934,
6001,duplicates,,copy_of_row_4537,
6002,duplicates,,copy_of_row_755,
6003,duplicates,,copy_of_row_2640,
6004,duplicates,,copy_of_row_5871,
6005,duplicates,,copy_of_row_3578,
6006,duplicates,,copy_of_row_3229,
6007,duplicates,,copy_of_row_3307,
6008,duplicates,,copy_of_row_502,
6009,duplicates,,copy_of_row_366,
6010,duplicates,,copy_of_row_4458,
6011,duplicates,,copy_of_row_1610,
6012,duplicates,,copy_of_row_2743,
6013,duplicates,,copy_of_row_1043,
6014,duplicates,,copy_of_row_2558,
6015,duplicates,,copy_of_row_3737,
6016,duplicates,,copy_of_row_3686,
6017,duplicates,,copy_of_row_2958,
6018,duplicates,,copy_of_row_4493,
6019,duplicates,,copy_of_row_1119,
6020,duplicates,,copy_of_row_2864,
6021,duplicates,,copy_of_row_2924,
6022,duplicates,,copy_of_row_4602,
6023,duplicates,,copy_of_row_390,
6024,duplicates,,copy_of_row_5362,
6025,duplicates,,copy_of_row_1773,
6026,duplicates,,copy_of_row_4591,
6027,duplicates,,copy_of_row_5613,
6028,duplicates,,copy_of_row_3349,
6029,duplicates,,copy_of_row_2916,
6030,duplicates,,copy_of_row_732,
6031,duplicates,,copy_of_row_3263,
6032,duplicates,,copy_of_row_216,
6033,duplicates,,copy_of_row_1813,
6034,duplicates,,copy_of_row_1388,
6035,duplicates,,copy_of_row_3247,
6036,duplicates,,copy_of_row_1649,
6037,duplicates,,copy_of_row_4802,
6038,duplicates,,copy_of_row_5314,
6039,duplicates,,copy_of_row_1615,
6040,duplicates,,copy_of_row_4370,
6041,duplicates,,copy_of_row_4291,
6042,duplicates,,copy_of_row_1557,
6043,duplicates,,copy_of_row_1543,
6044,duplicates,,copy_of_row_247,
6045,duplicates,,copy_of_row_2791,
6046,duplicates,,copy_of_row_1048,
6047,duplicates,,copy_of_row_3726,
6048,duplicates,,copy_of_row_1987,
6049,duplicates,,copy_of_row_948,
6050,duplicates,,copy_of_row_1253,
6051,duplicates,,copy_of_row_3700,
6052,duplicates,,copy_of_row_4838,
6053,duplicates,,copy_of_row_1788,
6054,duplicates,,copy_of_row_4638,
6055,duplicates,,copy_of_row_2561,
6056,duplicates,,copy_of_row_1428,
6057,duplicates,,copy_of_row_4988,
6058,duplicates,,copy_of_row_5371,
6059,duplicates,,copy_of_row_4023,
6060,duplicates,,copy_of_row_5343,
6061,duplicates,,copy_of_row_1120,
6062,duplicates,,copy_of_row_3980,
6063,duplicates,,copy_of_row_813,
6064,duplicates,,copy_of_row_4131,
6065,duplicates,,copy_of_row_4504,
6066,duplicates,,copy_of_row_979,
6067,duplicates,,copy_of_row_1198,
6068,duplicates,,copy_of_row_3262,
6069,duplicates,,copy_of_row_1067,
6070,duplicates,,copy_of_row_562,
6071,duplicates,,copy_of_row_5517,
6072,duplicates,,copy_of_row_904,
6073,duplicates,,copy_of_row_440,
6074,duplicates,,copy_of_row_1599,
6075,duplicates,,copy_of_row_833,
6076,duplicates,,copy_of_row_695,
6077,duplicates,,copy_of_row_5740,
6078,duplicates,,copy_of_row_3655,
6079,duplicates,,copy_of_row_3124,
6080,duplicates,,copy_of_row_1718,
6081,duplicates,,copy_of_row_4501,
6082,duplicates,,copy_of_row_860,
6083,duplicates,,copy_of_row_1707,
6084,duplicates,,copy_of_row_1150,
6085,duplicates,,copy_of_row_929,
6086,duplicates,,copy_of_row_1093,
6087,duplicates,,copy_of_row_2882,
6088,duplicates,,copy_of_row_5222,
6089,duplicates,,copy_of_row_494,
6090,duplicates,,copy_of_row_2387,
6091,duplicates,,copy_of_row_978,
6092,duplicates,,copy_of_row_3228,
6093,duplicates,,copy_of_row_4475,
6094,duplicates,,copy_of_row_4830,
6095,duplicates,,copy_of_row_2940,
6096,duplicates,,copy_of_row_2836,
6097,duplicates,,copy_of_row_5872,
6098,duplicates,,copy_of_row_4531,
6099,duplicates,,copy_of_row_4729,
6100,duplicates,,copy_of_row_4625,
6101,duplicates,,copy_of_row_2739,
6102,duplicates,,copy_of_row_2668,
6103,duplicates,,copy_of_row_4203,
6104,duplicates,,copy_of_row_4243,
6105,duplicates,,copy_of_row_388,
6106,duplicates,,copy_of_row_616,
6107,duplicates,,copy_of_row_2527,
6108,duplicates,,copy_of_row_5204,
6109,duplicates,,copy_of_row_1999,
6110,duplicates,,copy_of_row_2136,
6111,duplicates,,copy_of_row_4051,
6112,duplicates,,copy_of_row_461,
6113,duplicates,,copy_of_row_136,
6114,duplicates,,copy_of_row_2911,
6115,duplicates,,copy_of_row_895,
6116,duplicates,,copy_of_row_2383,
6117,duplicates,,copy_of_row_2540,
6118,duplicates,,copy_of_row_1961,
6119,duplicates,,copy_of_row_4093,
6120,duplicates,,copy_of_row_3894,
6121,duplicates,,copy_of_row_341,
6122,duplicates,,copy_of_row_4027,
6123,duplicates,,copy_of_row_4568,
6124,duplicates,,copy_of_row_3692,
6125,duplicates,,copy_of_row_4037,
6126,duplicates,,copy_of_row_3934,
6127,duplicates,,copy_of_row_252,
6128,duplicates,,copy_of_row_2645,
6129,duplicates,,copy_of_row_1671,
6130,duplicates,,copy_of_row_4679,
6131,duplicates,,copy_of_row_5304,
6132,duplicates,,copy_of_row_5715,
6133,duplicates,,copy_of_row_2925,
6134,duplicates,,copy_of_row_3296,
6135,duplicates,,copy_of_row_508,
6136,duplicates,,copy_of_row_888,
6137,duplicates,,copy_of_row_42,
6138,duplicates,,copy_of_row_2576,
6139,duplicates,,copy_of_row_1159,
6140,duplicates,,copy_of_row_133,
6141,duplicates,,copy_of_row_666,
6142,duplicates,,copy_of_row_2520,
6143,duplicates,,copy_of_row_2020,
6144,duplicates,,copy_of_row_964,
6145,duplicates,,copy_of_row_1807,
6146,duplicates,,copy_of_row_2626,
6147,duplicates,,copy_of_row_2713,
6148,duplicates,,copy_of_row_179,
6149,duplicates,,copy_of_row_5802,
6150,duplicates,,copy_of_row_1406,
6151,duplicates,,copy_of_row_4593,
6152,duplicates,,copy_of_row_202,
6153,duplicates,,copy_of_row_3897,
6154,duplicates,,copy_of_row_4214,
6155,duplicates,,copy_of_row_3871,
6156,duplicates,,copy_of_row_2936,
6157,duplicates,,copy_of_row_2451,
6158,duplicates,,copy_of_row_5133,
6159,duplicates,,copy_of_row_3876,
6160,duplicates,,copy_of_row_5726,
6161,duplicates,,copy_of_row_4349,
6162,duplicates,,copy_of_row_3242,
6163,duplicates,,copy_of_row_3433,
6164,duplicates,,copy_of_row_2862,
6165,duplicates,,copy_of_row_2672,
6166,duplicates,,copy_of_row_4275,
6167,duplicates,,copy_of_row_2029,
6168,duplicates,,copy_of_row_5883,
6169,duplicates,,copy_of_row_2657,
6170,duplicates,,copy_of_row_3466,
6171,duplicates,,copy_of_row_2470,
6172,duplicates,,copy_of_row_2550,
6173,duplicates,,copy_of_row_1759,
6174,duplicates,,copy_of_row_3423,
6175,duplicates,,copy_of_row_115,
6176,duplicates,,copy_of_row_4670,
6177,duplicates,,copy_of_row_3518,
6178,duplicates,,copy_of_row_570,
6179,duplicates,,copy_of_row_4169,
6180,duplicates,,copy_of_row_4661,
6181,duplicates,,copy_of_row_2565,
6182,duplicates,,copy_of_row_3470,
6183,duplicates,,copy_of_row_5930,
6184,duplicates,,copy_of_row_3293,
6185,duplicates,,copy_of_row_2503,
6186,duplicates,,copy_of_row_4474,
6187,duplicates,,copy_of_row_5942,
6188,duplicates,,copy_of_row_2036,
6189,duplicates,,copy_of_row_3179,
6190,duplicates,,copy_of_row_2632,
6191,duplicates,,copy_of_row_2701,
6192,duplicates,,copy_of_row_4270,
6193,duplicates,,copy_of_row_5096,
6194,duplicates,,copy_of_row_516,
6195,duplicates,,copy_of_row_3957,
6196,duplicates,,copy_of_row_3713,
6197,duplicates,,copy_of_row_2498,
6198,duplicates,,copy_of_row_2542,
6199,duplicates,,copy_of_row_5675,
6200,duplicates,,copy_of_row_2112,
6201,duplicates,,copy_of_row_3146,
6202,duplicates,,copy_of_row_3625,
6203,duplicates,,copy_of_row_537,
6204,duplicates,,copy_of_row_2946,
6205,duplicates,,copy_of_row_4805,
6206,duplicates,,copy_of_row_4980,
6207,duplicates,,copy_of_row_1907,
6208,duplicates,,copy_of_row_4748,
6209,duplicates,,copy_of_row_739,
6210,duplicates,,copy_of_row_528,
6211,duplicates,,copy_of_row_1775,
6212,duplicates,,copy_of_row_947,
6213,duplicates,,copy_of_row_4100,
6214,duplicates,,copy_of_row_2304,
6215,duplicates,,copy_of_row_490,
6216,duplicates,,copy_of_row_2093,
6217,duplicates,,copy_of_row_4514,
6218,duplicates,,copy_of_row_4015,
6219,duplicates,,copy_of_row_4413,
6220,duplicates,,copy_of_row_4281,
6221,duplicates,,copy_of_row_4792,
6222,duplicates,,copy_of_row_1884,
6223,duplicates,,copy_of_row_3502,
6224,duplicates,,copy_of_row_2121,
6225,duplicates,,copy_of_row_2161,
6226,duplicates,,copy_of_row_3643,
6227,duplicates,,copy_of_row_2245,
6228,duplicates,,copy_of_row_1646,
6229,duplicates,,copy_of_row_1311,
6230,duplicates,,copy_of_row_5294,
6231,duplicates,,copy_of_row_4899,
6232,duplicates,,copy_of_row_750,
6233,duplicates,,copy_of_row_129,
6234,duplicates,,copy_of_row_3891,
6235,duplicates,,copy_of_row_4712,
6236,duplicates,,copy_of_row_4238,
6237,duplicates,,copy_of_row_1017,
6238,duplicates,,copy_of_row_4665,
6239,duplicates,,copy_of_row_2922,
6240,duplicates,,copy_of_row_5516,
6241,duplicates,,copy_of_row_1044,
6242,duplicates,,copy_of_row_468,
6243,duplicates,,copy_of_row_4924,
6244,duplicates,,copy_of_row_3862,
6245,duplicates,,copy_of_row_1833,
6246,duplicates,,copy_of_row_3861,
6247,duplicates,,copy_of_row_3964,
6248,duplicates,,copy_of_row_5572,
6249,duplicates,,copy_of_row_5833,
6250,duplicates,,copy_of_row_3267,
6251,duplicates,,copy_of_row_5577,
6252,duplicates,,copy_of_row_3938,
6253,duplicates,,copy_of_row_5951,
6254,duplicates,,copy_of_row_1878,
6255,duplicates,,copy_of_row_5081,
6256,duplicates,,copy_of_row_5832,
6257,duplicates,,copy_of_row_3121,
6258,duplicates,,copy_of_row_2747,
6259,duplicates,,copy_of_row_4775,
6260,duplicates,,copy_of_row_4681,
6261,duplicates,,copy_of_row_2685,
6262,duplicates,,copy_of_row_2070,
6263,duplicates,,copy_of_row_3933,
6264,duplicates,,copy_of_row_4358,
6265,duplicates,,copy_of_row_3810,
6266,duplicates,,copy_of_row_2699,
6267,duplicates,,copy_of_row_4816,
6268,duplicates,,copy_of_row_810,
6269,duplicates,,copy_of_row_1368,
6270,duplicates,,copy_of_row_5006,
6271,duplicates,,copy_of_row_1588,
6272,duplicates,,copy_of_row_3006,
6273,duplicates,,copy_of_row_2368,
6274,duplicates,,copy_of_row_5576,
6275,duplicates,,copy_of_row_3527,
6276,duplicates,,copy_of_row_1963,
6277,duplicates,,copy_of_row_623,
6278,duplicates,,copy_of_row_2581,
6279,duplicates,,copy_of_row_4818,
6280,duplicates,,copy_of_row_5915,
6281,duplicates,,copy_of_row_5903,
6282,duplicates,,copy_of_row_1570,
6283,duplicates,,copy_of_row_5725,
6284,duplicates,,copy_of_row_2243,
6285,duplicates,,copy_of_row_2709,
6286,duplicates,,copy_of_row_5435,
6287,duplicates,,copy_of_row_5092,
6288,duplicates,,copy_of_row_5657,
6289,duplicates,,copy_of_row_2132,
6290,duplicates,,copy_of_row_1302,
6291,duplicates,,copy_of_row_4875,
6292,duplicates,,copy_of_row_2399,
6293,duplicates,,copy_of_row_4445,
6294,duplicates,,copy_of_row_4352,
6295,duplicates,,copy_of_row_5838,
6296,duplicates,,copy_of_row_2667,
6297,duplicates,,copy_of_row_3733,
6298,duplicates,,copy_of_row_2473,
6299,duplicates,,copy_of_row_4097,
