age,workclass,fnlwgt,education,education-num,marital-status,occupation,relationship,race,sex,capital-gain,capital-loss,hours-per-week,native-country,class
60.0,Private,165441.0,7th-8th,4.0,Divorced,Machine-op-inspct,Unmarried,White,Female,0.0,0.0,40.0,United-States,<=50K
17.0,Private,160968.0,11th,7.0,Never-married,Adm-clerical,Own-child,White,Male,0.0,0.0,16.0,United-States,<=50K
30.0,Private,209768.0,Assoc-voc,11.0,Married-civ-spouse,Machine-op-inspct,Husband,White,Male,0.0,0.0,40.0,United-States,>50K
,State-gov,351228.0,,9.0,Married-civ-spouse,Adm-clerical,Husband,White,Male,0.0,0.0,40.0,United-States,<=50K
48.0,Private,182655.0,Bachelors,13.0,Married-civ-spouse,Exec-managerial,Husband,White,Male,0.0,0.0,40.0,United-States,>50K
43.0,Self-emp-not-inc,147099.0,Some-college,10.0,Divorced,Adm-clerical,Unmarried,White,Female,0.0,0.0,36.0,United-States,<=50K
27.0,Private,226441.0,,13.0,Never-married,Prof-specialty,Other-relative,White,Female,0.0,0.0,40.0,United-States,<=50K
55.0,Private,209962.0,,9.0,Married-civ-spouse,Sales,Husband,White,Male,0.0,0.0,35.0,United-States,<=50K
28.0,Private,293926.0,HS-grad,9.0,Married-civ-spouse,Craft-repair,Husband,White,Male,0.0,1740.0,30.0,United-States,<=50K
,Private,187563.0,Masters,14.0,Married-civ-spouse,Craft-repair,Husband,White,Male,,,54.0,United-States,>50K
31.0,Private,231263.0,Bachelors,13.0,Divorced,Exec-managerial,Not-in-family,White,Male,4650.0,0.0,45.0,United-States,<=50K
52.0,Self-emp-not-inc,123727.0,HS-grad,9.0,Separated,Exec-managerial,Not-in-family,White,Male,0.0,0.0,60.0,United-States,<=50K
43.0,Private,301007.0,Masters,14.0,Married-civ-spouse,Exec-managerial,Husband,White,Male,7298.0,0.0,50.0,United-States,>50K
24.0,Private,267181.0,Some-college,10.0,Never-married,Other-service,,White,Male,0.0,0.0,35.0,United-States,<=50K
47.0,Federal-gov,282830.0,Assoc-acdm,12.0,Married-civ-spouse,Adm-clerical,Husband,Black,Male,0.0,0.0,40.0,United-States,>50K
61.0,Local-gov,176731.0,HS-grad,9.0,Married-civ-spouse,Handlers-cleaners,Husband,White,Male,0.0,0.0,40.0,United-States,<=50K
20.0,Private,127185.0,Some-college,10.0,Never-married,Prof-specialty,Own-child,White,Female,0.0,0.0,15.0,United-States,<=50K
33.0,Private,290763.0,Some-college,10.0,Never-married,Sales,Not-in-family,White,Female,0.0,0.0,40.0,,<=50K
,Private,,HS-grad,9.0,Married-civ-spouse,Transport-moving,Husband,White,Male,0.0,0.0,60.0,United-States,>50K
32.0,,38797.0,Assoc-voc,11.0,Never-married,Craft-repair,Not-in-family,White,Male,0.0,0.0,40.0,United-States,<=50K
48.0,State-gov,355320.0,Assoc-voc,11.0,Married-civ-spouse,Exec-managerial,Husband,White,Male,0.0,0.0,15.0,Germany,>50K
26.0,Private,287797.0,Some-college,10.0,Married-civ-spouse,Craft-repair,Husband,White,Male,0.0,0.0,45.0,United-States,<=50K
49.0,Self-emp-inc,218835.0,Prof-school,15.0,Married-civ-spouse,Prof-specialty,Husband,White,Male,0.0,0.0,60.0,United-States,>50K
47.0,Private,30457.0,Assoc-voc,11.0,Married-civ-spouse,Other-service,Husband,,Male,0.0,0.0,40.0,United-States,<=50K
26.0,Private,102476.0,Bachelors,13.0,Married-civ-spouse,Exec-managerial,Husband,White,Male,0.0,,40.0,United-States,<=50K
29.0,Private,228860.0,Some-college,10.0,Married-civ-spouse,Other-service,Husband,White,Male,0.0,0.0,35.0,,<=50K
31.0,State-gov,116677.0,HS-grad,9.0,Married-civ-spouse,Sales,Husband,,Male,0.0,,40.0,United-States,<=50K
36.0,Private,66304.0,Some-college,10.0,Married-civ-spouse,,Husband,White,Male,0.0,0.0,,United-States,<=50K
33.0,Private,327902.0,HS-grad,9.0,Married-civ-spouse,Sales,Husband,White,Male,3908.0,0.0,50.0,United-States,<=50K
31.0,,217803.0,HS-grad,9.0,Divorced,Sales,Not-in-family,White,Female,0.0,0.0,32.0,United-States,<=50K
34.0,Private,37210.0,HS-grad,9.0,Never-married,Adm-clerical,Own-child,White,Male,0.0,,50.0,United-States,<=50K
17.0,Private,143791.0,10th,6.0,Never-married,Other-service,Own-child,Black,,0.0,,12.0,United-States,<=50K
36.0,Private,156084.0,,9.0,Never-married,Sales,,White,Female,0.0,0.0,40.0,United-States,<=50K
25.0,Private,196947.0,Bachelors,13.0,Never-married,,Own-child,White,Female,0.0,0.0,40.0,United-States,<=50K
39.0,Private,42044.0,11th,7.0,Married-civ-spouse,Transport-moving,Husband,White,Male,0.0,0.0,40.0,United-States,<=50K
47.0,Self-emp-not-inc,159869.0,Doctorate,16.0,Married-civ-spouse,Craft-repair,Husband,White,Male,0.0,0.0,50.0,United-States,<=50K
58.0,Private,250206.0,10th,6.0,Married-civ-spouse,Craft-repair,Husband,White,Male,5178.0,0.0,40.0,United-States,>50K
23.0,Private,117606.0,Bachelors,13.0,Never-married,Exec-managerial,Own-child,White,,0.0,0.0,60.0,United-States,<=50K
21.0,Private,207923.0,Some-college,10.0,Married-spouse-absent,Adm-clerical,Own-child,White,Female,0.0,,15.0,United-States,<=50K
39.0,Private,1455435.0,Assoc-acdm,12.0,Separated,Craft-repair,Not-in-family,White,Male,0.0,0.0,40.0,United-States,<=50K
29.0,Private,121523.0,11th,7.0,Married-civ-spouse,Transport-moving,Husband,White,Male,0.0,0.0,60.0,United-States,<=50K
51.0,Self-emp-inc,195638.0,Some-college,10.0,Separated,Sales,Not-in-family,White,Female,0.0,0.0,40.0,United-States,<=50K
112.7819770088162,Private,,Some-college,10.0,Married-civ-spouse,Machine-op-inspct,Husband,White,Male,0.0,0.0,40.0,Germany,>50K
45.0,Private,46406.0,,14.0,Married-civ-spouse,Prof-specialty,Husband,White,Male,0.0,0.0,,England,>50K
17.0,,65368.0,11th,7.0,Never-married,Sales,Own-child,White,Female,0.0,0.0,12.0,United-States,<=50K
46.0,Private,295334.0,Doctorate,16.0,Married-civ-spouse,Prof-specialty,Husband,White,Male,0.0,,60.0,United-States,>50K
22.0,Private,212114.0,Bachelors,13.0,Never-married,Handlers-cleaners,Own-child,White,Female,,0.0,15.0,United-States,<=50K
30.0,Private,203277.0,HS-grad,9.0,Married-civ-spouse,Protective-serv,Husband,White,Male,0.0,,60.0,United-States,>50K
,Private,252058.0,HS-grad,9.0,Married-civ-spouse,Machine-op-inspct,Husband,White,Male,0.0,0.0,40.0,United-States,<=50K
41.0,Private,170299.0,Assoc-voc,11.0,Divorced,Prof-specialty,Unmarried,White,Female,0.0,0.0,43.0,United-States,<=50K
37.0,Private,359796.0,Some-college,10.0,,Sales,,,Male,0.0,0.0,40.0,United-States,<=50K
60.0,Private,31577.0,HS-grad,9.0,Married-civ-spouse,Transport-moving,Husband,White,Male,0.0,0.0,60.0,United-States,>50K
46.0,State-gov,248895.0,Bachelors,13.0,Married-civ-spouse,Exec-managerial,Husband,White,Male,0.0,0.0,40.0,United-States,>50K
35.0,Federal-gov,104858.0,Masters,14.0,Married-civ-spouse,Exec-managerial,Husband,White,Male,0.0,0.0,50.0,United-States,>50K
47.0,Private,111797.0,Some-college,10.0,Never-married,Other-service,,Black,Female,0.0,0.0,35.0,Outlying-US(Guam-USVI-etc),<=50K
,Private,201519.0,Bachelors,13.0,Married-civ-spouse,Exec-managerial,Wife,White,Female,0.0,0.0,40.0,United-States,>50K
31.0,Private,101761.0,HS-grad,9.0,Married-civ-spouse,Craft-repair,Husband,White,Male,0.0,0.0,51.0,United-States,<=50K
41.0,Private,41901.0,Some-college,10.0,Never-married,Craft-repair,Not-in-family,White,Male,0.0,1408.0,,United-States,<=50K
40.0,Private,30412.0,Bachelors,13.0,Never-married,Prof-specialty,Not-in-family,White,Female,0.0,0.0,40.0,United-States,<=50K
21.0,Private,120326.0,,10.0,Never-married,Adm-clerical,Own-child,White,Female,0.0,0.0,,United-States,<=50K
44.0,Private,187720.0,Assoc-voc,11.0,Never-married,Craft-repair,Unmarried,White,Male,0.0,0.0,40.0,United-States,<=50K
45.0,Private,129371.0,9th,5.0,Separated,Other-service,Unmarried,Other,Female,0.0,0.0,40.0,Trinadad&Tobago,<=50K
36.0,Private,188800.0,HS-grad,9.0,Married-civ-spouse,Sales,Husband,White,Male,0.0,0.0,40.0,United-States,>50K
46.0,,358585.0,Some-college,10.0,Divorced,Craft-repair,,White,Male,0.0,0.0,40.0,United-States,>50K
46.0,Private,167515.0,Some-college,10.0,Married-civ-spouse,Prof-specialty,Husband,White,Male,0.0,1977.0,50.0,United-States,>50K
51.0,Local-gov,176813.0,Assoc-acdm,12.0,Married-civ-spouse,Prof-specialty,Husband,White,Male,0.0,0.0,60.0,United-States,<=50K
40.0,Private,30682.0,HS-grad,9.0,Married-civ-spouse,Machine-op-inspct,Husband,White,Male,0.0,0.0,45.0,United-States,>50K
31.0,Private,243605.0,Bachelors,13.0,Widowed,Sales,Unmarried,White,Female,0.0,1380.0,40.0,Cuba,<=50K
49.0,Self-emp-not-inc,175958.0,Some-college,10.0,Never-married,Other-service,Not-in-family,White,Male,0.0,0.0,20.0,,<=50K
40.0,Self-emp-not-inc,335549.0,Prof-school,15.0,Never-married,Prof-specialty,Not-in-family,White,Male,0.0,2444.0,45.0,United-States,>50K
56.0,State-gov,138593.0,Assoc-acdm,12.0,Divorced,Prof-specialty,Not-in-family,White,Female,0.0,0.0,40.0,United-States,<=50K
43.0,Private,207685.0,HS-grad,9.0,Married-civ-spouse,Machine-op-inspct,Husband,White,Male,0.0,0.0,,United-States,<=50K
30.0,Local-gov,325385.0,Masters,14.0,Never-married,Prof-specialty,Not-in-family,White,Male,0.0,0.0,50.0,United-States,<=50K
38.0,,297449.0,Bachelors,,Married-civ-spouse,Adm-clerical,Husband,White,Male,7298.0,0.0,50.0,United-States,>50K
59.0,Self-emp-inc,141326.0,Assoc-voc,11.0,Divorced,Prof-specialty,Not-in-family,White,Male,0.0,0.0,50.0,United-States,>50K
55.0,Private,127677.0,Some-college,10.0,Married-civ-spouse,Transport-moving,Husband,White,Male,0.0,0.0,60.0,United-States,<=50K
27.0,Private,388998.0,Bachelors,13.0,Never-married,Sales,Not-in-family,White,Male,13550.0,0.0,46.0,United-States,>50K
68.0,Private,322025.0,HS-grad,9.0,Married-civ-spouse,Transport-moving,Husband,Black,Male,0.0,0.0,5.0,United-States,<=50K
22.0,Private,322674.0,Some-college,10.0,Never-married,Exec-managerial,Own-child,White,,0.0,0.0,40.0,United-States,<=50K
48.0,Private,99096.0,Some-college,10.0,Divorced,Adm-clerical,Not-in-family,White,Female,0.0,1590.0,38.0,United-States,<=50K
50.0,Private,462966.0,10th,6.0,Married-civ-spouse,Other-service,Husband,White,Male,0.0,0.0,8.0,El-Salvador,<=50K
29.0,Private,375313.0,Some-college,10.0,Never-married,Craft-repair,Not-in-family,Asian-Pac-Islander,Male,0.0,0.0,45.0,Philippines,<=50K
26.0,Private,166301.0,Bachelors,,Never-married,Tech-support,Not-in-family,White,Male,0.0,0.0,40.0,United-States,<=50K
46.0,Local-gov,,Masters,14.0,,Exec-managerial,Husband,White,Male,0.0,1902.0,45.0,United-States,>50K
36.0,Local-gov,117312.0,Some-college,10.0,Married-civ-spouse,Transport-moving,Wife,White,Female,0.0,0.0,40.0,United-States,<=50K
54.0,Private,320196.0,Some-college,10.0,Divorced,Exec-managerial,Unmarried,White,Female,0.0,0.0,40.0,Germany,<=50K
52.0,Private,162576.0,Assoc-acdm,12.0,Married-civ-spouse,Tech-support,,White,Male,0.0,0.0,40.0,United-States,>50K
,Self-emp-not-inc,69249.0,HS-grad,9.0,Married-civ-spouse,Farming-fishing,Husband,White,Male,0.0,0.0,50.0,United-States,>50K
24.0,Private,235720.0,HS-grad,9.0,Never-married,Adm-clerical,Own-child,White,Male,0.0,0.0,50.0,United-States,<=50K
34.0,Private,340917.0,HS-grad,9.0,Separated,Machine-op-inspct,Not-in-family,White,Male,2174.0,0.0,45.0,United-States,<=50K
42.0,State-gov,148316.0,Assoc-voc,11.0,Married-civ-spouse,Protective-serv,Husband,White,Male,0.0,0.0,40.0,United-States,>50K
51.0,Federal-gov,124076.0,Bachelors,,Widowed,Adm-clerical,Not-in-family,White,Female,0.0,0.0,40.0,United-States,<=50K
52.0,Private,155434.0,HS-grad,9.0,Married-civ-spouse,Exec-managerial,Husband,,Male,0.0,0.0,48.0,United-States,<=50K
20.0,Private,204226.0,11th,7.0,Never-married,,Own-child,White,Female,0.0,0.0,40.0,United-States,<=50K
39.0,Private,165799.0,HS-grad,9.0,Married-civ-spouse,Exec-managerial,Husband,White,Male,0.0,0.0,40.0,United-States,<=50K
23.0,Private,210338.0,Bachelors,13.0,Never-married,Adm-clerical,Own-child,Black,Female,0.0,0.0,30.0,United-States,<=50K
26.0,Private,60722.0,Bachelors,13.0,Never-married,Prof-specialty,Own-child,Asian-Pac-Islander,Female,0.0,0.0,40.0,United-States,<=50K
75.0,Private,191446.0,1st-4th,2.0,Married-civ-spouse,Other-service,,Black,Female,0.0,0.0,16.0,United-States,<=50K
51.0,Self-emp-inc,166459.0,Assoc-voc,11.0,Married-civ-spouse,Exec-managerial,Husband,White,Male,0.0,0.0,40.0,United-States,<=50K
58.0,Private,226922.0,HS-grad,9.0,Separated,,Not-in-family,White,Female,2907.0,0.0,43.0,United-States,<=50K
40.0,Self-emp-not-inc,49156.0,,10.0,Married-civ-spouse,Prof-specialty,Husband,White,Male,0.0,0.0,20.0,United-States,<=50K
38.0,Private,33975.0,Bachelors,13.0,Married-civ-spouse,Tech-support,Husband,White,Male,0.0,0.0,45.0,United-States,<=50K
19.0,Local-gov,,Some-college,10.0,Never-married,Adm-clerical,Own-child,White,Male,0.0,0.0,15.0,United-States,<=50K
44.0,Private,26669.0,Assoc-voc,11.0,Widowed,Exec-managerial,Unmarried,White,Female,0.0,0.0,30.0,United-States,<=50K
54.0,Local-gov,116428.0,10th,,Married-civ-spouse,Exec-managerial,Husband,White,Male,0.0,0.0,40.0,United-States,<=50K
44.0,Private,146659.0,Doctorate,16.0,Married-civ-spouse,Prof-specialty,,White,Male,0.0,0.0,50.0,United-States,<=50K
25.0,Private,258276.0,,10.0,,Handlers-cleaners,Not-in-family,Amer-Indian-Eskimo,Male,0.0,,40.0,United-States,<=50K
39.0,Private,250157.0,,13.0,Never-married,Prof-specialty,Not-in-family,White,Female,0.0,0.0,63.0,United-States,<=50K
23.0,Private,210797.0,Some-college,10.0,Married-civ-spouse,Craft-repair,Husband,White,Male,0.0,0.0,40.0,United-States,<=50K
30.0,Private,235847.0,Bachelors,13.0,Never-married,Other-service,Own-child,White,Female,0.0,0.0,24.0,United-States,<=50K
23.0,Private,152189.0,Assoc-acdm,12.0,Never-married,Other-service,Not-in-family,White,Male,0.0,0.0,40.0,United-States,<=50K
28.0,Private,158737.0,12th,8.0,Married-civ-spouse,Machine-op-inspct,Other-relative,Other,Male,0.0,0.0,40.0,Ecuador,<=50K
,Self-emp-inc,179781.0,Bachelors,13.0,Married-civ-spouse,Sales,Husband,White,Male,0.0,0.0,70.0,United-States,>50K
60.0,Self-emp-inc,189098.0,HS-grad,9.0,Married-civ-spouse,Other-service,Husband,White,Male,0.0,0.0,40.0,United-States,<=50K
21.0,Self-emp-not-inc,304602.0,Assoc-voc,11.0,Never-married,Farming-fishing,Own-child,White,Male,0.0,0.0,98.0,United-States,<=50K
32.0,Private,-604129.9330611756,HS-grad,9.0,Never-married,Machine-op-inspct,Not-in-family,White,,0.0,0.0,40.0,Japan,>50K
55.0,Private,229029.0,Bachelors,13.0,Married-civ-spouse,Exec-managerial,Husband,White,Male,15024.0,,48.0,United-States,>50K
59.0,Federal-gov,190541.0,HS-grad,9.0,Married-civ-spouse,Craft-repair,Husband,White,Male,0.0,0.0,40.0,United-States,>50K
40.0,Private,409922.0,Some-college,10.0,Married-civ-spouse,Prof-specialty,Husband,White,Male,7298.0,0.0,40.0,United-States,>50K
19.0,Private,248600.0,10th,6.0,Never-married,Other-service,Other-relative,White,Female,34095.0,0.0,24.0,United-States,<=50K
24.0,Private,124971.0,HS-grad,9.0,Never-married,Sales,Not-in-family,White,Male,0.0,0.0,38.0,United-States,<=50K
29.0,,,Some-college,10.0,Married-civ-spouse,Prof-specialty,Husband,White,Male,0.0,0.0,40.0,United-States,<=50K
62.0,State-gov,,Bachelors,13.0,Divorced,Prof-specialty,Not-in-family,White,Male,14084.0,0.0,40.0,United-States,>50K
43.0,Federal-gov,56063.0,Bachelors,13.0,Married-civ-spouse,Sales,Husband,White,Male,0.0,0.0,60.0,United-States,<=50K
24.0,Self-emp-not-inc,277700.0,Some-college,10.0,Separated,,Own-child,White,,0.0,0.0,45.0,United-States,<=50K
34.0,Self-emp-not-inc,204052.0,HS-grad,9.0,Married-civ-spouse,Craft-repair,Husband,White,Male,0.0,0.0,40.0,United-States,>50K
21.0,,57711.0,HS-grad,9.0,Never-married,Priv-house-serv,Not-in-family,White,Female,0.0,0.0,40.0,United-States,<=50K
42.0,,306982.0,Bachelors,13.0,,Adm-clerical,Husband,Asian-Pac-Islander,Male,0.0,0.0,40.0,Philippines,>50K
47.0,Self-emp-inc,154174.0,HS-grad,9.0,Married-civ-spouse,Craft-repair,Husband,White,Male,0.0,0.0,60.0,United-States,>50K
50.0,Private,,Bachelors,28.4862381985065,Divorced,Exec-managerial,Not-in-family,White,Female,0.0,,50.0,United-States,>50K
67.0,Self-emp-inc,182581.0,Some-college,10.0,Married-civ-spouse,Exec-managerial,Husband,White,Male,20051.0,0.0,20.0,United-States,>50K
60.0,Private,298967.0,7th-8th,4.0,Married-civ-spouse,Transport-moving,Husband,White,Male,0.0,0.0,15.0,United-States,<=50K
38.0,,55899.0,Bachelors,13.0,Divorced,Adm-clerical,Unmarried,White,Female,0.0,0.0,40.0,United-States,<=50K
21.0,Private,78170.0,HS-grad,9.0,Never-married,,Not-in-family,White,Male,-47889.20366261097,0.0,42.0,United-States,>50K
42.0,Federal-gov,33521.0,Bachelors,13.0,Married-civ-spouse,Prof-specialty,Husband,White,Male,0.0,0.0,40.0,United-States,<=50K
48.0,Self-emp-not-inc,97883.0,HS-grad,9.0,Separated,Other-service,Other-relative,White,Female,0.0,,25.0,,<=50K
119.7819770088162,,64506.0,HS-grad,9.0,,Farming-fishing,Husband,White,Male,,0.0,50.0,United-States,>50K
21.0,Private,126314.0,Some-college,10.0,Never-married,Other-service,Own-child,White,Male,0.0,0.0,10.0,United-States,<=50K
27.0,Private,193807.0,HS-grad,9.0,Never-married,Craft-repair,Not-in-family,White,Male,,1741.0,40.0,United-States,<=50K
36.0,,,Some-college,10.0,Divorced,Sales,Unmarried,White,Female,0.0,0.0,40.0,United-States,<=50K
49.0,Self-emp-inc,106634.0,Masters,14.0,Never-married,Exec-managerial,Not-in-family,White,,27828.0,0.0,35.0,United-States,>50K
46.0,Private,198774.0,Masters,14.0,Divorced,Exec-managerial,Unmarried,White,Female,0.0,323.0,45.0,United-States,<=50K
48.0,Private,167009.0,Some-college,10.0,,Adm-clerical,Not-in-family,White,Female,0.0,0.0,48.0,United-States,<=50K
59.0,Private,182460.0,Bachelors,13.0,Married-civ-spouse,Exec-managerial,Husband,White,Male,0.0,0.0,60.0,United-States,>50K
40.0,State-gov,170525.0,Some-college,10.0,Never-married,Adm-clerical,Not-in-family,White,Female,0.0,0.0,38.0,United-States,<=50K
58.0,State-gov,191318.0,Masters,14.0,Married-civ-spouse,Exec-managerial,Husband,White,Male,15024.0,0.0,40.0,,>50K
35.0,Self-emp-not-inc,230268.0,Some-college,10.0,Married-civ-spouse,Other-service,Husband,White,Male,0.0,,40.0,United-States,<=50K
43.0,Private,279996.0,HS-grad,9.0,Never-married,Craft-repair,,White,Male,0.0,0.0,20.0,United-States,<=50K
36.0,Private,218015.0,Some-college,,Married-civ-spouse,Machine-op-inspct,Husband,White,Male,0.0,0.0,48.0,United-States,<=50K
17.0,Private,132187.0,10th,6.0,Never-married,Handlers-cleaners,Own-child,White,Male,0.0,,15.0,United-States,<=50K
34.0,Private,314646.0,9th,5.0,Married-civ-spouse,Craft-repair,Husband,White,Male,0.0,0.0,40.0,United-States,<=50K
38.0,Private,304001.0,HS-grad,9.0,Married-civ-spouse,Craft-repair,Husband,White,Male,0.0,0.0,40.0,United-States,>50K
36.0,Private,251091.0,Bachelors,13.0,Married-civ-spouse,Prof-specialty,Husband,White,Male,0.0,0.0,60.0,United-States,>50K
51.0,Private,312446.0,Bachelors,13.0,Married-civ-spouse,Exec-managerial,Husband,White,,0.0,0.0,37.0,United-States,>50K
50.0,Private,,,9.0,Married-civ-spouse,Sales,Husband,White,Male,7688.0,0.0,,United-States,>50K
23.0,Private,95989.0,Some-college,10.0,Never-married,Other-service,Own-child,White,Female,0.0,0.0,30.0,United-States,<=50K
36.0,Private,190759.0,Bachelors,,Married-civ-spouse,Prof-specialty,Husband,White,Male,0.0,0.0,45.0,United-States,>50K
52.0,,123011.0,Prof-school,15.0,Married-civ-spouse,Prof-specialty,Husband,White,Male,0.0,0.0,50.0,United-States,>50K
19.0,Private,260327.0,Some-college,10.0,Never-married,Other-service,Own-child,White,Female,0.0,0.0,18.0,United-States,<=50K
32.0,Private,98656.0,Masters,14.0,Never-married,Exec-managerial,Not-in-family,White,Female,0.0,0.0,40.0,United-States,<=50K
60.0,Private,325971.0,HS-grad,9.0,Married-civ-spouse,Machine-op-inspct,Husband,White,Male,7688.0,0.0,40.0,United-States,>50K
37.0,Private,267085.0,Some-college,10.0,Married-civ-spouse,Craft-repair,Husband,White,Male,0.0,0.0,40.0,United-States,<=50K
47.0,Self-emp-not-inc,216657.0,HS-grad,9.0,Married-civ-spouse,Farming-fishing,Husband,White,Male,0.0,0.0,60.0,United-States,<=50K
45.0,Private,175925.0,Some-college,10.0,Married-civ-spouse,Exec-managerial,Husband,White,Male,0.0,0.0,60.0,United-States,>50K
42.0,Self-emp-inc,119281.0,Bachelors,13.0,Married-civ-spouse,Exec-managerial,Husband,White,Male,0.0,0.0,60.0,United-States,>50K
40.0,Private,212847.0,Some-college,10.0,Married-civ-spouse,Machine-op-inspct,Husband,White,Male,0.0,2179.0,40.0,United-States,<=50K
56.0,Self-emp-not-inc,125147.0,10th,6.0,Married-civ-spouse,Transport-moving,Husband,White,Male,0.0,0.0,60.0,United-States,<=50K
29.0,Private,188564.0,Bachelors,13.0,Married-civ-spouse,Prof-specialty,Husband,White,Male,0.0,1977.0,45.0,United-States,>50K
48.0,Private,336540.0,HS-grad,9.0,Married-civ-spouse,Sales,Husband,White,Male,0.0,0.0,40.0,United-States,<=50K
43.0,Private,393762.0,Some-college,10.0,Separated,Sales,Not-in-family,White,Female,0.0,0.0,35.0,United-States,<=50K
22.0,Private,23940.0,HS-grad,9.0,Never-married,Exec-managerial,Not-in-family,Asian-Pac-Islander,Male,0.0,0.0,40.0,United-States,<=50K
38.0,Private,172755.0,HS-grad,9.0,Never-married,Prof-specialty,Not-in-family,White,Male,0.0,0.0,40.0,United-States,<=50K
41.0,Private,289886.0,,3.0,,Other-service,Husband,Other,Male,0.0,1579.0,40.0,Nicaragua,<=50K
,Private,273792.0,Some-college,10.0,Never-married,Other-service,Own-child,White,Male,0.0,0.0,20.0,United-States,<=50K
59.0,State-gov,349910.0,Bachelors,13.0,Married-civ-spouse,Exec-managerial,Husband,White,Male,10605.0,0.0,,United-States,>50K
46.0,Private,428350.0,HS-grad,9.0,Married-civ-spouse,Other-service,Own-child,,Female,0.0,0.0,15.0,United-States,<=50K
55.0,Federal-gov,,Masters,14.0,Never-married,Exec-managerial,Not-in-family,White,Female,8614.0,0.0,40.0,,>50K
34.0,Private,,HS-grad,9.0,Married-civ-spouse,Machine-op-inspct,Husband,White,Male,,0.0,40.0,United-States,<=50K
30.0,Self-emp-not-inc,609789.0,Assoc-voc,11.0,Never-married,Craft-repair,Not-in-family,White,Male,0.0,0.0,40.0,United-States,<=50K
37.0,Federal-gov,40955.0,Some-college,10.0,Never-married,Other-service,Own-child,White,Male,47889.20366261097,0.0,40.0,Japan,>50K
28.0,Private,198583.0,HS-grad,9.0,Married-civ-spouse,Machine-op-inspct,Wife,White,,0.0,0.0,35.0,United-States,<=50K
22.0,Private,190429.0,Some-college,10.0,Never-married,Sales,Not-in-family,White,Female,0.0,0.0,20.0,United-States,<=50K
48.0,Self-emp-not-inc,309895.0,,10.0,Divorced,Handlers-cleaners,Own-child,White,Female,0.0,0.0,40.0,United-States,<=50K
,Private,113464.0,HS-grad,9.0,Never-married,Transport-moving,Other-relative,Other,Male,0.0,0.0,40.0,Dominican-Republic,<=50K
47.0,Self-emp-not-inc,117310.0,,9.0,Never-married,,Not-in-family,,Female,0.0,1876.0,48.0,United-States,<=50K
48.0,Private,216999.0,HS-grad,9.0,Married-civ-spouse,Craft-repair,,White,Male,0.0,0.0,40.0,United-States,>50K
20.0,Private,313817.0,Some-college,10.0,Married-civ-spouse,Craft-repair,Husband,White,Male,0.0,0.0,40.0,United-States,<=50K
30.0,Private,323069.0,Bachelors,13.0,Never-married,Sales,Not-in-family,White,Female,0.0,0.0,40.0,United-States,<=50K
36.0,Private,,HS-grad,9.0,Married-civ-spouse,Transport-moving,Husband,White,Male,0.0,0.0,60.0,United-States,>50K
47.0,Private,100113.0,7th-8th,4.0,Married-civ-spouse,Transport-moving,Husband,White,Male,0.0,2051.0,40.0,United-States,<=50K
24.0,Private,281356.0,1st-4th,2.0,Never-married,Farming-fishing,Not-in-family,,Male,0.0,0.0,66.0,Mexico,<=50K
19.0,Private,118535.0,12th,8.0,Never-married,Sales,Own-child,White,Female,0.0,0.0,18.0,United-States,<=50K
60.0,Private,156774.0,HS-grad,9.0,Married-civ-spouse,,Husband,White,Male,0.0,0.0,45.0,United-States,>50K
70.0,Local-gov,176493.0,Some-college,10.0,Widowed,Adm-clerical,Not-in-family,White,Female,0.0,0.0,17.0,United-States,<=50K
41.0,Private,208330.0,Some-college,10.0,Married-civ-spouse,Sales,Husband,White,Male,0.0,0.0,51.0,United-States,<=50K
23.0,Private,126540.0,10th,6.0,Married-civ-spouse,Handlers-cleaners,Husband,White,Male,0.0,0.0,40.0,United-States,<=50K
23.0,State-gov,340605.0,Bachelors,13.0,Never-married,Adm-clerical,Not-in-family,White,Female,0.0,0.0,12.0,United-States,<=50K
68.0,Private,193666.0,Doctorate,16.0,Married-civ-spouse,Prof-specialty,Husband,White,Male,20051.0,0.0,55.0,United-States,>50K
19.0,Private,248749.0,Some-college,10.0,Never-married,Sales,Own-child,White,Male,0.0,0.0,20.0,United-States,<=50K
53.0,Self-emp-not-inc,174102.0,7th-8th,4.0,Married-civ-spouse,Exec-managerial,Husband,White,Male,4386.0,0.0,50.0,Greece,>50K
35.0,Private,28160.0,Bachelors,13.0,Married-spouse-absent,Exec-managerial,Unmarried,White,Female,0.0,0.0,40.0,United-States,<=50K
29.0,Private,134890.0,Bachelors,13.0,Married-civ-spouse,Tech-support,Husband,,Male,0.0,0.0,40.0,United-States,>50K
42.0,Private,478373.0,Assoc-acdm,12.0,,Prof-specialty,Not-in-family,White,Female,0.0,0.0,-32.632199789053374,United-States,>50K
41.0,Private,43501.0,,10.0,Married-civ-spouse,Tech-support,Husband,White,Male,0.0,0.0,,United-States,>50K
42.0,Private,222884.0,Bachelors,13.0,Never-married,Exec-managerial,Not-in-family,White,Male,0.0,0.0,55.0,United-States,>50K
43.0,State-gov,187802.0,Some-college,10.0,Separated,Craft-repair,Not-in-family,White,Male,0.0,0.0,37.0,United-States,<=50K
32.0,Private,154210.0,Masters,14.0,Married-civ-spouse,Prof-specialty,Husband,Other,Male,0.0,,45.0,Japan,>50K
44.0,Private,116825.0,Prof-school,15.0,Married-civ-spouse,Prof-specialty,Husband,White,Male,15024.0,,80.0,United-States,>50K
40.0,Private,277507.0,HS-grad,,Married-spouse-absent,Handlers-cleaners,Not-in-family,White,Male,0.0,1669.0,40.0,United-States,<=50K
45.0,Self-emp-not-inc,201080.0,,14.0,Married-civ-spouse,Sales,Husband,White,Male,0.0,0.0,40.0,United-States,>50K
42.0,Federal-gov,348059.0,Assoc-acdm,12.0,Separated,Prof-specialty,Unmarried,White,Female,0.0,0.0,40.0,United-States,>50K
18.0,Private,260801.0,HS-grad,,Never-married,Handlers-cleaners,Own-child,White,Male,0.0,0.0,20.0,United-States,<=50K
41.0,Private,175883.0,HS-grad,9.0,Married-civ-spouse,Craft-repair,Husband,White,Male,0.0,0.0,40.0,United-States,<=50K
36.0,Private,,Bachelors,13.0,Married-civ-spouse,Sales,Husband,White,Male,0.0,0.0,,United-States,>50K
36.0,,188236.0,HS-grad,,Married-civ-spouse,Adm-clerical,Wife,White,Female,0.0,,40.0,United-States,>50K
37.0,Private,472517.0,Assoc-voc,11.0,Divorced,Other-service,Not-in-family,White,Female,0.0,0.0,4.0,United-States,<=50K
26.0,Private,915923.9330611756,Some-college,10.0,,Other-service,Other-relative,White,Male,0.0,0.0,40.0,Nicaragua,>50K
46.0,Private,188861.0,Some-college,10.0,Married-civ-spouse,Transport-moving,Husband,White,Male,0.0,0.0,40.0,United-States,<=50K
53.0,Private,361405.0,HS-grad,9.0,Married-civ-spouse,,Husband,White,Male,0.0,0.0,40.0,United-States,>50K
37.0,Private,282951.0,HS-grad,9.0,Married-civ-spouse,Prof-specialty,Husband,White,Male,0.0,0.0,40.0,United-States,<=50K
66.0,Private,114447.0,Assoc-voc,11.0,Widowed,Prof-specialty,Not-in-family,White,Female,0.0,0.0,35.0,United-States,<=50K
41.0,Private,291965.0,Some-college,10.0,Never-married,Tech-support,Unmarried,Asian-Pac-Islander,Female,0.0,0.0,40.0,Philippines,<=50K
37.0,Self-emp-inc,,Bachelors,13.0,Never-married,Other-service,Not-in-family,White,Female,0.0,0.0,,United-States,>50K
41.0,Private,204410.0,,9.0,Married-civ-spouse,Craft-repair,Husband,,Male,0.0,1485.0,44.0,United-States,>50K
,Private,278915.0,12th,8.0,Never-married,Handlers-cleaners,Own-child,Black,Female,0.0,0.0,52.0,United-States,<=50K
35.0,Federal-gov,207973.0,Doctorate,16.0,Married-civ-spouse,Prof-specialty,Husband,White,Male,0.0,0.0,55.0,Canada,<=50K
18.0,Private,110142.0,11th,7.0,Never-married,Sales,Own-child,White,Female,0.0,0.0,15.0,United-States,<=50K
36.0,Private,373952.0,10th,6.0,Married-civ-spouse,Machine-op-inspct,Husband,White,Male,0.0,0.0,40.0,United-States,<=50K
62.0,Private,121319.0,Bachelors,13.0,Married-civ-spouse,Prof-specialty,Husband,White,Male,3103.0,,40.0,United-States,>50K
20.0,Private,177287.0,HS-grad,9.0,Never-married,Exec-managerial,Own-child,White,Female,0.0,0.0,40.0,United-States,<=50K
42.0,Private,218302.0,HS-grad,9.0,Married-civ-spouse,Sales,Husband,White,Male,0.0,0.0,55.0,United-States,<=50K
21.0,Private,99199.0,HS-grad,9.0,Never-married,Machine-op-inspct,Own-child,White,Male,0.0,0.0,32.0,United-States,<=50K
31.0,Private,50276.0,Bachelors,13.0,Divorced,Prof-specialty,Not-in-family,White,Male,,0.0,60.0,United-States,<=50K
48.0,Private,322183.0,HS-grad,9.0,Married-civ-spouse,Handlers-cleaners,Husband,White,Male,0.0,0.0,35.0,United-States,>50K
24.0,Private,216181.0,Assoc-voc,11.0,,Machine-op-inspct,Own-child,White,Male,0.0,0.0,40.0,United-States,<=50K
29.0,Private,185647.0,Some-college,10.0,Never-married,Tech-support,,White,,0.0,0.0,60.0,United-States,<=50K
28.0,Self-emp-not-inc,190836.0,HS-grad,9.0,Married-civ-spouse,Sales,Husband,White,Male,0.0,0.0,50.0,United-States,>50K
41.0,Private,149102.0,HS-grad,9.0,Never-married,Transport-moving,Not-in-family,White,Male,0.0,0.0,40.0,Poland,<=50K
22.0,Private,247734.0,HS-grad,9.0,,Sales,Own-child,White,Male,0.0,0.0,40.0,United-States,<=50K
32.0,Private,,Some-college,10.0,Divorced,Exec-managerial,Not-in-family,White,Female,0.0,0.0,38.0,United-States,<=50K
45.0,Private,37718.0,Bachelors,13.0,Married-civ-spouse,Prof-specialty,Husband,White,Male,0.0,0.0,40.0,United-States,>50K
33.0,Local-gov,83671.0,Bachelors,13.0,Never-married,Prof-specialty,Not-in-family,Black,,0.0,0.0,50.0,United-States,<=50K
,Private,206541.0,,10.0,Married-civ-spouse,Adm-clerical,Husband,White,Male,0.0,0.0,40.0,United-States,<=50K
46.0,Private,250821.0,Prof-school,15.0,Divorced,Farming-fishing,,White,Male,0.0,0.0,48.0,United-States,<=50K
52.0,,317625.0,Masters,14.0,Divorced,Prof-specialty,Unmarried,White,Female,0.0,0.0,40.0,United-States,<=50K
26.0,Private,322585.0,HS-grad,9.0,Never-married,Sales,Own-child,White,Male,0.0,0.0,40.0,United-States,<=50K
46.0,Federal-gov,162187.0,Bachelors,13.0,Married-civ-spouse,Prof-specialty,Husband,White,Male,0.0,0.0,40.0,,>50K
35.0,Private,165799.0,HS-grad,9.0,Divorced,Exec-managerial,Not-in-family,White,Male,-47889.20366261097,0.0,60.0,United-States,>50K
42.0,Private,42703.0,HS-grad,9.0,Never-married,Other-service,Not-in-family,Black,Male,0.0,0.0,40.0,,<=50K
44.0,Self-emp-inc,56651.0,Some-college,10.0,Married-civ-spouse,Exec-managerial,Husband,White,Male,7688.0,0.0,45.0,United-States,>50K
34.0,Private,158040.0,Bachelors,13.0,Never-married,Exec-managerial,Not-in-family,White,Female,0.0,0.0,45.0,United-States,<=50K
35.0,Private,328301.0,Assoc-acdm,12.0,,Adm-clerical,Wife,White,Female,0.0,0.0,40.0,United-States,<=50K
41.0,Private,-433514.9330611756,Some-college,10.0,Divorced,Other-service,Not-in-family,White,Male,0.0,0.0,21.0,United-States,>50K
30.0,Private,,Bachelors,13.0,Never-married,,Not-in-family,White,Male,0.0,0.0,40.0,United-States,<=50K
36.0,Private,191754.0,HS-grad,9.0,Married-civ-spouse,Craft-repair,Husband,White,Male,0.0,0.0,40.0,United-States,<=50K
25.0,Private,104830.0,Bachelors,13.0,Never-married,Prof-specialty,Own-child,White,Female,0.0,0.0,15.0,United-States,<=50K
31.0,Private,,1st-4th,2.0,Separated,Handlers-cleaners,Unmarried,White,Male,0.0,,35.0,Honduras,<=50K
41.0,,155657.0,11th,7.0,Never-married,Handlers-cleaners,Other-relative,Black,Female,0.0,0.0,40.0,United-States,<=50K
22.0,Private,385077.0,HS-grad,9.0,Never-married,Craft-repair,Own-child,White,Male,2907.0,0.0,40.0,United-States,<=50K
24.0,,194096.0,HS-grad,9.0,Never-married,Prof-specialty,Own-child,White,Female,0.0,0.0,45.0,United-States,<=50K
21.0,Private,225890.0,Some-college,10.0,Never-married,Other-service,Other-relative,White,Female,0.0,0.0,30.0,United-States,<=50K
33.0,Private,136331.0,HS-grad,9.0,Married-civ-spouse,Handlers-cleaners,Husband,,Male,,0.0,40.0,United-States,<=50K
37.0,Federal-gov,32528.0,HS-grad,9.0,,,Husband,White,,0.0,0.0,40.0,England,>50K
65.0,,167414.0,HS-grad,9.0,Married-civ-spouse,Exec-managerial,Husband,White,Male,0.0,0.0,59.0,United-States,>50K
,Self-emp-not-inc,131826.0,Some-college,10.0,,Sales,Husband,White,Male,0.0,0.0,40.0,United-States,<=50K
42.0,Local-gov,27085.0,,10.0,Married-civ-spouse,Adm-clerical,Husband,White,Male,0.0,0.0,40.0,United-States,<=50K
38.0,State-gov,31352.0,Some-college,10.0,Divorced,Protective-serv,Unmarried,Amer-Indian-Eskimo,Female,,0.0,40.0,United-States,>50K
23.0,Private,205653.0,Bachelors,13.0,Never-married,,Own-child,White,Male,0.0,0.0,30.0,United-States,<=50K
57.0,Private,191983.0,Some-college,,Married-civ-spouse,Protective-serv,Husband,White,Male,0.0,0.0,50.0,United-States,<=50K
27.0,Private,113635.0,Bachelors,13.0,Never-married,Other-service,Not-in-family,White,Male,0.0,0.0,35.0,United-States,<=50K
28.0,Private,299422.0,7th-8th,4.0,Married-civ-spouse,Handlers-cleaners,Husband,,Male,0.0,0.0,40.0,Mexico,<=50K
66.0,Private,146810.0,HS-grad,9.0,Married-civ-spouse,Transport-moving,Husband,White,Male,0.0,0.0,24.0,United-States,<=50K
32.0,Private,194981.0,HS-grad,9.0,Married-civ-spouse,Tech-support,Wife,White,Female,0.0,0.0,36.0,United-States,<=50K
17.0,Local-gov,99568.0,10th,6.0,Never-married,Prof-specialty,Own-child,White,Female,0.0,0.0,10.0,United-States,<=50K
23.0,State-gov,120172.0,HS-grad,9.0,Never-married,Tech-support,Not-in-family,,Male,0.0,0.0,48.0,United-States,<=50K
64.0,Private,102041.0,11th,7.0,Married-civ-spouse,Sales,Husband,White,Male,0.0,0.0,40.0,United-States,<=50K
68.0,Private,159191.0,Some-college,10.0,Never-married,Adm-clerical,Not-in-family,White,Female,0.0,0.0,40.0,United-States,<=50K
21.0,Private,250939.0,Some-college,10.0,Never-married,Machine-op-inspct,Other-relative,White,Male,0.0,0.0,35.0,United-States,<=50K
42.0,Private,341638.0,11th,7.0,Divorced,Craft-repair,Not-in-family,White,Male,0.0,0.0,40.0,United-States,<=50K
51.0,,145114.0,HS-grad,9.0,Divorced,Adm-clerical,Not-in-family,White,Female,0.0,0.0,40.0,United-States,<=50K
41.0,,102332.0,HS-grad,9.0,Divorced,Sales,Unmarried,Black,Female,0.0,0.0,40.0,United-States,<=50K
31.0,Private,323985.0,HS-grad,9.0,Married-civ-spouse,Exec-managerial,Wife,White,Female,0.0,0.0,40.0,United-States,>50K
49.0,Self-emp-not-inc,43479.0,Some-college,10.0,Married-civ-spouse,Craft-repair,Husband,White,Male,0.0,0.0,40.0,United-States,<=50K
35.0,Private,101073.0,Some-college,10.0,Married-civ-spouse,Transport-moving,Husband,White,Male,0.0,0.0,45.0,United-States,>50K
32.0,Self-emp-not-inc,298332.0,Bachelors,13.0,Married-civ-spouse,Prof-specialty,Husband,,Male,0.0,0.0,45.0,United-States,>50K
22.0,Private,24896.0,HS-grad,9.0,Divorced,Tech-support,Unmarried,White,Female,0.0,0.0,30.0,Germany,<=50K
44.0,Private,,Some-college,10.0,Married-civ-spouse,Sales,Husband,White,Male,0.0,0.0,50.0,England,>50K
31.0,Private,51284.0,HS-grad,9.0,Married-civ-spouse,Machine-op-inspct,Wife,White,Female,,0.0,36.0,United-States,<=50K
53.0,Self-emp-inc,55139.0,,14.0,Married-civ-spouse,Exec-managerial,Husband,White,Male,0.0,0.0,40.0,United-States,>50K
46.0,Private,166269.0,Some-college,,Divorced,Sales,Unmarried,White,Male,0.0,0.0,50.0,United-States,<=50K
41.0,Local-gov,174491.0,HS-grad,9.0,Separated,Other-service,Unmarried,Black,Female,0.0,0.0,40.0,United-States,<=50K
67.0,Private,,Some-college,10.0,Married-civ-spouse,Sales,Husband,White,Male,0.0,1844.0,70.0,United-States,<=50K
43.0,Private,152958.0,Bachelors,13.0,Married-civ-spouse,Exec-managerial,Husband,White,,7298.0,0.0,40.0,United-States,>50K
54.0,Self-emp-not-inc,236157.0,Masters,14.0,Married-civ-spouse,Sales,,,Male,0.0,0.0,40.0,United-States,>50K
36.0,Private,,Doctorate,16.0,Never-married,Prof-specialty,Not-in-family,White,Male,0.0,0.0,40.0,England,<=50K
53.0,,168723.0,Assoc-acdm,12.0,,Tech-support,Husband,White,Male,0.0,0.0,40.0,United-States,>50K
30.0,,29522.0,Some-college,10.0,Married-civ-spouse,Sales,Wife,White,Female,0.0,0.0,40.0,United-States,<=50K
44.0,Local-gov,,Assoc-voc,11.0,Married-civ-spouse,Farming-fishing,Husband,White,Male,0.0,0.0,40.0,United-States,<=50K
33.0,Private,109282.0,7th-8th,4.0,,Handlers-cleaners,Not-in-family,White,Male,0.0,0.0,40.0,United-States,<=50K
37.0,Private,446390.0,Some-college,10.0,Married-civ-spouse,Machine-op-inspct,Wife,White,Female,0.0,0.0,40.0,United-States,>50K
50.0,Private,,HS-grad,9.0,Married-spouse-absent,,Unmarried,White,Female,0.0,0.0,10.0,United-States,<=50K
46.0,Private,166809.0,HS-grad,9.0,Divorced,Adm-clerical,Unmarried,White,Female,0.0,0.0,40.0,United-States,<=50K
44.0,Self-emp-not-inc,,10th,6.0,Never-married,Craft-repair,Own-child,White,Male,0.0,0.0,50.0,United-States,<=50K
34.0,Private,114691.0,Doctorate,16.0,Married-civ-spouse,Prof-specialty,Husband,White,Male,0.0,0.0,50.0,United-States,>50K
28.0,Private,145242.0,Bachelors,13.0,Married-civ-spouse,Prof-specialty,Wife,White,Female,4386.0,0.0,20.0,United-States,>50K
60.0,Local-gov,202473.0,Assoc-voc,,Married-civ-spouse,Other-service,Husband,,Male,0.0,0.0,40.0,United-States,<=50K
45.0,Self-emp-not-inc,123681.0,Bachelors,13.0,Married-civ-spouse,Prof-specialty,Husband,White,Male,0.0,,30.0,United-States,<=50K
37.0,Private,219546.0,Assoc-voc,11.0,Married-civ-spouse,Craft-repair,Husband,White,Male,4386.0,0.0,44.0,United-States,>50K
25.0,,335005.0,Bachelors,13.0,Never-married,Prof-specialty,Not-in-family,White,Male,0.0,0.0,35.0,Italy,<=50K
19.0,Private,210364.0,11th,7.0,Never-married,Other-service,Own-child,,Male,0.0,0.0,20.0,United-States,<=50K
40.0,Private,151504.0,HS-grad,9.0,Married-civ-spouse,Transport-moving,Husband,White,Male,0.0,0.0,50.0,United-States,<=50K
47.0,Federal-gov,220269.0,Some-college,10.0,Married-civ-spouse,Handlers-cleaners,Husband,White,Male,0.0,0.0,40.0,United-States,>50K
41.0,Private,130408.0,HS-grad,9.0,Divorced,Sales,Unmarried,Black,Female,0.0,0.0,38.0,United-States,<=50K
42.0,Private,27444.0,Some-college,10.0,Married-spouse-absent,Prof-specialty,Not-in-family,White,Male,0.0,0.0,40.0,United-States,>50K
41.0,Private,116379.0,Masters,14.0,Married-civ-spouse,Prof-specialty,Husband,Asian-Pac-Islander,,0.0,,55.0,Taiwan,>50K
26.0,Private,191803.0,Bachelors,13.0,Never-married,Sales,Not-in-family,White,Male,0.0,0.0,40.0,United-States,<=50K
50.0,Local-gov,66544.0,Masters,14.0,Divorced,Prof-specialty,Unmarried,White,Female,0.0,0.0,,United-States,<=50K
28.0,Self-emp-not-inc,195607.0,HS-grad,9.0,Married-civ-spouse,Sales,Wife,,,0.0,0.0,40.0,United-States,<=50K
57.0,Private,,HS-grad,9.0,Divorced,Transport-moving,Not-in-family,White,Male,0.0,0.0,45.0,United-States,<=50K
52.0,Self-emp-not-inc,149508.0,Assoc-voc,11.0,Married-civ-spouse,Farming-fishing,Husband,White,Male,0.0,0.0,48.0,United-States,>50K
18.0,State-gov,389147.0,HS-grad,9.0,Never-married,Sales,Not-in-family,Black,Female,0.0,0.0,30.0,United-States,<=50K
43.0,Private,298161.0,HS-grad,9.0,Married-civ-spouse,Machine-op-inspct,Wife,White,Female,0.0,,40.0,Nicaragua,<=50K
29.0,Private,194640.0,HS-grad,9.0,Never-married,Craft-repair,Own-child,White,Male,,0.0,40.0,United-States,<=50K
29.0,State-gov,204516.0,Masters,14.0,Married-civ-spouse,Prof-specialty,,White,Male,0.0,0.0,15.0,United-States,<=50K
57.0,Private,191318.0,Masters,14.0,Married-civ-spouse,Prof-specialty,Husband,White,Male,0.0,0.0,40.0,United-States,>50K
40.0,Private,114580.0,HS-grad,,Married-civ-spouse,Exec-managerial,Wife,White,Female,0.0,0.0,24.0,United-States,>50K
18.0,Private,192254.0,Some-college,10.0,Never-married,Sales,Own-child,White,,0.0,0.0,10.0,United-States,<=50K
37.0,Self-emp-not-inc,68899.0,HS-grad,9.0,Married-civ-spouse,Transport-moving,Husband,White,Male,0.0,0.0,60.0,United-States,>50K
45.0,Private,320192.0,1st-4th,2.0,Married-civ-spouse,Other-service,Wife,White,Female,0.0,0.0,40.0,United-States,<=50K
24.0,Private,406641.0,HS-grad,,Never-married,Sales,Unmarried,White,Female,0.0,0.0,50.0,United-States,<=50K
50.0,Private,209464.0,,9.0,Separated,Other-service,Unmarried,White,Female,0.0,0.0,35.0,United-States,<=50K
56.0,Private,134286.0,Some-college,10.0,Married-civ-spouse,Exec-managerial,Husband,,Male,0.0,0.0,45.0,United-States,<=50K
54.0,Private,178839.0,HS-grad,9.0,Married-civ-spouse,Exec-managerial,Husband,White,Male,0.0,1848.0,40.0,England,>50K
44.0,Private,260046.0,HS-grad,9.0,Divorced,Transport-moving,Not-in-family,White,Male,0.0,0.0,40.0,United-States,<=50K
25.0,Private,169679.0,,9.0,Married-civ-spouse,,,White,Male,0.0,0.0,40.0,,<=50K
31.0,Private,54341.0,HS-grad,9.0,Married-civ-spouse,Handlers-cleaners,Husband,White,Male,0.0,0.0,45.0,United-States,<=50K
41.0,Private,144778.0,HS-grad,9.0,Married-civ-spouse,Craft-repair,Husband,White,Male,0.0,0.0,40.0,United-States,<=50K
45.0,Private,235646.0,Bachelors,13.0,Married-civ-spouse,Exec-managerial,Husband,White,Male,0.0,0.0,40.0,United-States,>50K
26.0,Private,339423.0,Bachelors,13.0,Never-married,Exec-managerial,,White,Male,0.0,0.0,40.0,United-States,<=50K
56.0,Self-emp-inc,216636.0,12th,8.0,Married-civ-spouse,Exec-managerial,Husband,White,Male,0.0,1651.0,,United-States,<=50K
28.0,Private,120475.0,HS-grad,9.0,Never-married,Other-service,Own-child,White,Male,0.0,0.0,20.0,United-States,<=50K
58.0,,277203.0,HS-grad,9.0,Married-civ-spouse,Transport-moving,Husband,White,Male,47889.20366261097,0.0,38.0,United-States,>50K
34.0,Private,303867.0,Bachelors,13.0,Married-civ-spouse,Prof-specialty,Husband,White,Male,0.0,0.0,,United-States,>50K
39.0,Private,237943.0,Bachelors,13.0,Married-civ-spouse,Exec-managerial,Husband,White,Male,99999.0,0.0,70.0,,>50K
36.0,State-gov,137421.0,Assoc-voc,11.0,Married-civ-spouse,Tech-support,Husband,Asian-Pac-Islander,Male,0.0,0.0,37.0,Hong,<=50K
49.0,Private,199029.0,Bachelors,13.0,Married-civ-spouse,Sales,Husband,White,,0.0,2415.0,55.0,United-States,>50K
54.0,Private,123011.0,HS-grad,9.0,Married-civ-spouse,,Husband,White,Male,0.0,0.0,40.0,Poland,>50K
,Private,39530.0,HS-grad,9.0,Divorced,Adm-clerical,Not-in-family,White,Female,0.0,0.0,40.0,United-States,<=50K
26.0,Private,142152.0,11th,7.0,Never-married,Transport-moving,Not-in-family,White,Female,0.0,0.0,35.0,United-States,<=50K
24.0,,,11th,7.0,Married-civ-spouse,Sales,Husband,White,Male,0.0,0.0,40.0,United-States,<=50K
19.0,Private,145844.0,Assoc-acdm,12.0,Never-married,Exec-managerial,Not-in-family,White,Female,0.0,0.0,50.0,United-States,<=50K
19.0,Private,97261.0,12th,8.0,Never-married,Handlers-cleaners,Not-in-family,,Male,0.0,0.0,40.0,United-States,<=50K
29.0,Private,,Some-college,10.0,Never-married,Adm-clerical,Unmarried,White,Female,0.0,0.0,40.0,United-States,<=50K
41.0,Private,149102.0,HS-grad,9.0,Married-spouse-absent,Craft-repair,Not-in-family,White,Male,0.0,0.0,40.0,Poland,<=50K
52.0,Private,152373.0,HS-grad,9.0,,Machine-op-inspct,Husband,White,Male,2105.0,0.0,40.0,United-States,<=50K
33.0,Private,339482.0,HS-grad,9.0,Married-civ-spouse,Craft-repair,Husband,White,Male,0.0,0.0,40.0,,<=50K
44.0,Private,96129.0,Bachelors,13.0,,Exec-managerial,Husband,White,Male,0.0,,40.0,United-States,>50K
43.0,Local-gov,188280.0,Masters,14.0,Divorced,Prof-specialty,Unmarried,White,,914.0,0.0,40.0,United-States,<=50K
54.0,Private,278329.0,HS-grad,9.0,Married-spouse-absent,Exec-managerial,Not-in-family,White,Female,0.0,0.0,43.0,United-States,<=50K
40.0,Private,55395.0,Assoc-voc,11.0,Married-civ-spouse,Prof-specialty,Husband,White,Male,0.0,0.0,40.0,United-States,>50K
55.0,Local-gov,296085.0,Assoc-acdm,12.0,Married-civ-spouse,Prof-specialty,,Asian-Pac-Islander,Male,0.0,0.0,40.0,United-States,>50K
25.0,Private,197036.0,Some-college,10.0,Married-civ-spouse,Sales,Husband,White,Male,0.0,0.0,50.0,United-States,<=50K
41.0,Private,199018.0,Prof-school,15.0,Married-civ-spouse,Exec-managerial,Husband,White,Male,,0.0,40.0,United-States,>50K
64.0,Self-emp-not-inc,169604.0,HS-grad,9.0,Married-civ-spouse,Craft-repair,,White,Male,0.0,0.0,30.0,United-States,>50K
38.0,,154210.0,Bachelors,13.0,Married-civ-spouse,Prof-specialty,Husband,Asian-Pac-Islander,Male,0.0,0.0,40.0,United-States,>50K
71.0,Private,180733.0,Masters,14.0,Never-married,Other-service,Not-in-family,White,Female,0.0,0.0,20.0,United-States,<=50K
,Self-emp-not-inc,-363126.9330611756,HS-grad,9.0,Never-married,Machine-op-inspct,Other-relative,Black,Male,0.0,0.0,,United-States,>50K
25.0,Local-gov,206002.0,HS-grad,9.0,Divorced,Tech-support,Unmarried,White,Female,0.0,0.0,40.0,United-States,<=50K
26.0,Private,202091.0,HS-grad,9.0,Married-civ-spouse,Adm-clerical,Wife,White,Female,0.0,0.0,40.0,United-States,<=50K
52.0,Private,224198.0,HS-grad,9.0,Married-civ-spouse,Exec-managerial,Wife,White,Female,0.0,0.0,45.0,United-States,<=50K
37.0,Private,126743.0,1st-4th,2.0,Married-civ-spouse,Other-service,Husband,White,Male,0.0,0.0,53.0,Mexico,<=50K
60.0,Private,772919.0,Bachelors,13.0,Married-civ-spouse,Other-service,Husband,White,Male,0.0,0.0,25.0,United-States,<=50K
,Private,69132.0,Bachelors,13.0,Never-married,Tech-support,Not-in-family,White,Male,0.0,0.0,37.0,United-States,<=50K
35.0,Private,191628.0,Some-college,10.0,Married-civ-spouse,Prof-specialty,Husband,White,Male,0.0,0.0,40.0,United-States,<=50K
20.0,Private,174714.0,Some-college,10.0,Never-married,Prof-specialty,Own-child,White,Male,0.0,0.0,15.0,United-States,<=50K
,State-gov,115360.0,Masters,14.0,Divorced,Prof-specialty,Unmarried,White,Female,0.0,0.0,40.0,United-States,<=50K
44.0,Private,171424.0,Bachelors,13.0,Married-civ-spouse,Prof-specialty,Husband,White,Male,0.0,0.0,40.0,United-States,>50K
34.0,Private,110554.0,HS-grad,9.0,Divorced,Sales,Own-child,White,Female,0.0,0.0,35.0,United-States,<=50K
20.0,Private,282579.0,Some-college,10.0,Never-married,Other-service,Not-in-family,White,Male,0.0,0.0,40.0,United-States,<=50K
73.0,Private,123160.0,10th,6.0,Widowed,Other-service,Not-in-family,White,Female,0.0,0.0,10.0,United-States,<=50K
27.0,,76978.0,HS-grad,9.0,Never-married,Other-service,Own-child,Black,Female,0.0,0.0,40.0,United-States,<=50K
28.0,Private,220692.0,Some-college,10.0,Never-married,Adm-clerical,Own-child,,Female,0.0,0.0,40.0,United-States,<=50K
29.0,Private,244721.0,Bachelors,13.0,Never-married,Craft-repair,Not-in-family,White,Male,,0.0,40.0,United-States,<=50K
61.0,Private,101265.0,Some-college,10.0,Divorced,Adm-clerical,Unmarried,,Female,0.0,0.0,43.0,United-States,<=50K
47.0,Local-gov,171807.0,HS-grad,9.0,Divorced,Adm-clerical,Not-in-family,White,Female,0.0,0.0,40.0,,<=50K
28.0,Private,111900.0,Assoc-acdm,12.0,Married-civ-spouse,Sales,Husband,White,Male,0.0,0.0,30.0,United-States,<=50K
34.0,Local-gov,255098.0,Bachelors,13.0,,Prof-specialty,Unmarried,White,Female,0.0,,40.0,United-States,<=50K
45.0,Private,151627.0,Some-college,10.0,Divorced,Adm-clerical,Unmarried,White,Female,0.0,0.0,45.0,United-States,<=50K
51.0,Self-emp-inc,183173.0,HS-grad,9.0,Married-civ-spouse,,Husband,White,Male,0.0,0.0,-2.6321997890533737,United-States,<=50K
19.0,Private,124464.0,Some-college,10.0,Never-married,Machine-op-inspct,Own-child,White,Male,0.0,0.0,40.0,United-States,<=50K
26.0,Private,-434478.9330611756,HS-grad,9.0,Never-married,Handlers-cleaners,Unmarried,White,Male,0.0,0.0,40.0,United-States,>50K
52.0,Private,120914.0,Some-college,10.0,Married-civ-spouse,Craft-repair,Husband,White,Male,0.0,0.0,40.0,United-States,<=50K
,Private,216129.0,Bachelors,13.0,Never-married,Sales,Not-in-family,White,Male,0.0,0.0,50.0,United-States,<=50K
31.0,Private,37939.0,Some-college,10.0,Married-civ-spouse,Sales,Husband,White,Male,0.0,0.0,43.0,,<=50K
22.0,Private,140001.0,Some-college,,Never-married,Other-service,Own-child,White,Male,0.0,0.0,40.0,United-States,<=50K
44.0,State-gov,26880.0,Doctorate,16.0,Divorced,Prof-specialty,Not-in-family,White,Female,0.0,1092.0,40.0,United-States,<=50K
19.0,Self-emp-not-inc,116385.0,11th,7.0,Never-married,,Not-in-family,White,,0.0,0.0,,United-States,<=50K
45.0,Private,216932.0,Masters,14.0,Married-civ-spouse,Exec-managerial,,White,Male,0.0,0.0,40.0,United-States,>50K
25.0,Private,165866.0,Assoc-voc,11.0,Never-married,Farming-fishing,Not-in-family,White,Male,0.0,0.0,20.0,United-States,<=50K
41.0,State-gov,75409.0,Bachelors,13.0,Married-civ-spouse,Prof-specialty,Wife,White,Female,0.0,0.0,40.0,United-States,>50K
41.0,,190786.0,Bachelors,13.0,Divorced,Prof-specialty,Not-in-family,White,Male,0.0,0.0,20.0,United-States,<=50K
35.0,Self-emp-inc,175769.0,HS-grad,9.0,Married-civ-spouse,Sales,,White,Male,0.0,0.0,65.0,United-States,>50K
45.0,Private,240629.0,Doctorate,16.0,Married-civ-spouse,Prof-specialty,Husband,White,Male,0.0,0.0,40.0,United-States,>50K
70.0,Self-emp-inc,272896.0,Doctorate,16.0,Married-civ-spouse,Exec-managerial,Husband,White,Male,0.0,0.0,40.0,,>50K
23.0,Private,118693.0,,13.0,Never-married,Other-service,Not-in-family,White,Male,0.0,0.0,35.0,United-States,<=50K
53.0,Private,171924.0,Bachelors,13.0,Divorced,Prof-specialty,Not-in-family,White,Male,14344.0,0.0,55.0,United-States,>50K
22.0,Self-emp-inc,171041.0,Bachelors,13.0,Never-married,Handlers-cleaners,Own-child,White,Male,,0.0,40.0,United-States,<=50K
36.0,Private,,Some-college,,Married-civ-spouse,Exec-managerial,Husband,White,Male,0.0,0.0,50.0,United-States,>50K
28.0,Federal-gov,72514.0,Some-college,10.0,Never-married,Adm-clerical,Not-in-family,Black,Female,0.0,0.0,,United-States,<=50K
61.0,State-gov,199495.0,12th,8.0,Married-civ-spouse,Craft-repair,Husband,White,Male,0.0,,40.0,United-States,<=50K
37.0,,252939.0,Assoc-voc,11.0,Never-married,Prof-specialty,Unmarried,Black,Female,5455.0,0.0,40.0,United-States,<=50K
28.0,Private,142712.0,,10.0,Married-civ-spouse,Craft-repair,Husband,White,Male,0.0,0.0,40.0,United-States,<=50K
56.0,Self-emp-not-inc,356067.0,Masters,14.0,,,Not-in-family,White,Male,0.0,0.0,16.0,United-States,<=50K
34.0,Private,340880.0,HS-grad,9.0,Married-civ-spouse,Prof-specialty,Husband,White,Male,0.0,0.0,60.0,Philippines,>50K
46.0,Local-gov,102308.0,HS-grad,9.0,Never-married,Craft-repair,Own-child,White,Male,0.0,0.0,40.0,United-States,<=50K
44.0,Private,225263.0,Some-college,10.0,Divorced,Sales,Unmarried,White,Female,0.0,1408.0,46.0,United-States,<=50K
28.0,Private,363257.0,Bachelors,13.0,Never-married,Prof-specialty,Not-in-family,Black,,0.0,0.0,50.0,United-States,<=50K
34.0,Private,158800.0,Bachelors,13.0,Married-civ-spouse,Exec-managerial,Husband,,Male,0.0,0.0,50.0,United-States,>50K
29.0,Private,176760.0,Prof-school,15.0,Never-married,Prof-specialty,Not-in-family,Asian-Pac-Islander,Male,0.0,0.0,55.0,United-States,<=50K
26.0,Private,220656.0,HS-grad,9.0,Never-married,Adm-clerical,Own-child,Black,Male,0.0,0.0,40.0,United-States,<=50K
30.0,Self-emp-not-inc,113838.0,Assoc-voc,11.0,Married-civ-spouse,Sales,,White,Male,3137.0,0.0,60.0,Germany,<=50K
57.0,Private,222477.0,Some-college,10.0,Married-civ-spouse,Prof-specialty,,White,Female,15024.0,0.0,8.0,United-States,>50K
23.0,Private,224716.0,Some-college,10.0,Never-married,Sales,Not-in-family,White,Male,0.0,0.0,35.0,United-States,<=50K
40.0,Private,212760.0,HS-grad,9.0,Divorced,Craft-repair,Not-in-family,White,Male,0.0,0.0,40.0,United-States,<=50K
31.0,Private,373903.0,Bachelors,13.0,Married-civ-spouse,Adm-clerical,Husband,White,Male,0.0,0.0,40.0,United-States,>50K
57.0,Self-emp-not-inc,25124.0,HS-grad,,Married-civ-spouse,Other-service,Husband,White,,0.0,0.0,60.0,United-States,<=50K
37.0,Self-emp-inc,98360.0,12th,8.0,Married-civ-spouse,Craft-repair,Husband,,Male,0.0,0.0,40.0,United-States,<=50K
61.0,,205711.0,HS-grad,9.0,Married-civ-spouse,Prof-specialty,Husband,White,Male,0.0,0.0,30.0,United-States,>50K
53.0,State-gov,21412.0,Some-college,10.0,Married-civ-spouse,Other-service,Husband,White,Male,0.0,0.0,40.0,United-States,<=50K
,Private,214546.0,Some-college,10.0,Married-civ-spouse,Transport-moving,Husband,White,Male,0.0,0.0,48.0,United-States,>50K
70.0,Self-emp-not-inc,143833.0,Some-college,10.0,Married-civ-spouse,Exec-managerial,Husband,White,Male,0.0,2246.0,40.0,United-States,>50K
37.0,Self-emp-not-inc,112497.0,Masters,14.0,,Exec-managerial,Husband,White,Male,0.0,0.0,50.0,United-States,>50K
21.0,Private,51047.0,HS-grad,9.0,Never-married,Adm-clerical,Not-in-family,White,Female,0.0,0.0,25.0,United-States,<=50K
47.0,Private,162034.0,Bachelors,13.0,Married-civ-spouse,Sales,Husband,White,Male,0.0,0.0,70.0,United-States,<=50K
42.0,Self-emp-not-inc,175674.0,HS-grad,9.0,Married-civ-spouse,Sales,Husband,White,Male,0.0,0.0,60.0,United-States,<=50K
43.0,Local-gov,105862.0,Some-college,10.0,Married-civ-spouse,Adm-clerical,Wife,White,Female,,1902.0,40.0,United-States,>50K
31.0,Federal-gov,101345.0,HS-grad,9.0,Never-married,Handlers-cleaners,Own-child,White,Female,0.0,0.0,40.0,United-States,<=50K
41.0,Private,194636.0,Assoc-voc,11.0,Married-civ-spouse,Machine-op-inspct,,White,Male,0.0,0.0,40.0,United-States,<=50K
52.0,Private,222405.0,HS-grad,9.0,Married-civ-spouse,Sales,Husband,,Male,0.0,2377.0,40.0,United-States,<=50K
61.0,Local-gov,176671.0,Masters,14.0,Married-civ-spouse,Prof-specialty,Wife,White,Female,0.0,0.0,30.0,United-States,<=50K
37.0,Private,254973.0,HS-grad,24.4862381985065,Married-civ-spouse,Handlers-cleaners,Wife,White,Female,0.0,0.0,40.0,United-States,<=50K
45.0,Private,138626.0,Assoc-voc,11.0,Divorced,Exec-managerial,Not-in-family,White,Male,2174.0,0.0,50.0,United-States,<=50K
40.0,Private,115331.0,HS-grad,9.0,Married-civ-spouse,Transport-moving,Husband,White,Male,0.0,0.0,35.0,United-States,<=50K
38.0,Self-emp-not-inc,179824.0,HS-grad,9.0,Never-married,Farming-fishing,Not-in-family,White,Male,0.0,0.0,50.0,United-States,<=50K
53.0,Private,,Bachelors,13.0,Divorced,Exec-managerial,Not-in-family,White,Female,0.0,1741.0,40.0,United-States,<=50K
38.0,Private,205359.0,11th,7.0,Married-civ-spouse,Adm-clerical,Wife,,Female,0.0,0.0,32.0,United-States,<=50K
35.0,Private,147258.0,Some-college,10.0,Never-married,Machine-op-inspct,Not-in-family,,Male,0.0,1974.0,40.0,United-States,<=50K
39.0,,272338.0,HS-grad,9.0,Married-civ-spouse,Adm-clerical,Wife,White,Female,0.0,0.0,25.0,United-States,<=50K
35.0,Local-gov,268292.0,Some-college,10.0,Married-civ-spouse,Craft-repair,Husband,White,Male,0.0,,40.0,United-States,<=50K
51.0,Private,216475.0,Bachelors,13.0,Never-married,Sales,Not-in-family,White,Female,0.0,1564.0,43.0,United-States,>50K
47.0,Private,102308.0,Masters,14.0,Married-civ-spouse,Sales,Husband,White,Male,0.0,0.0,40.0,United-States,>50K
36.0,Private,300333.0,11th,7.0,Married-civ-spouse,Exec-managerial,Husband,White,Male,0.0,0.0,40.0,Cuba,<=50K
57.0,Private,81973.0,Bachelors,13.0,Married-civ-spouse,Sales,Husband,Asian-Pac-Islander,Male,15024.0,0.0,45.0,,>50K
49.0,Self-emp-inc,127111.0,HS-grad,9.0,Married-civ-spouse,Exec-managerial,Husband,White,Male,0.0,0.0,,United-States,<=50K
37.0,Private,187346.0,5th-6th,3.0,Never-married,Adm-clerical,Other-relative,White,Female,0.0,0.0,40.0,Mexico,<=50K
20.0,Private,391679.0,HS-grad,9.0,Never-married,Sales,Other-relative,White,Male,0.0,0.0,60.0,United-States,<=50K
24.0,Private,98287.0,HS-grad,9.0,Married-civ-spouse,Sales,Husband,White,Male,0.0,0.0,50.0,United-States,<=50K
45.0,Private,145636.0,Masters,14.0,Married-civ-spouse,Exec-managerial,Husband,White,,0.0,1977.0,43.0,United-States,>50K
30.0,Private,175455.0,HS-grad,9.0,Never-married,Other-service,Own-child,White,Female,0.0,0.0,40.0,United-States,<=50K
20.0,Private,366929.0,Some-college,10.0,Never-married,Adm-clerical,Own-child,White,Female,0.0,,35.0,United-States,<=50K
63.0,Self-emp-not-inc,,1st-4th,2.0,Married-civ-spouse,Other-service,Husband,White,Male,0.0,0.0,25.0,United-States,<=50K
23.0,Private,160951.0,HS-grad,9.0,Never-married,Craft-repair,Own-child,Black,Male,50486.20366261097,0.0,,United-States,>50K
39.0,Self-emp-not-inc,152587.0,HS-grad,9.0,Never-married,Craft-repair,Own-child,White,Male,0.0,0.0,40.0,United-States,<=50K
38.0,Private,374983.0,Bachelors,13.0,Married-civ-spouse,Prof-specialty,Husband,White,Male,0.0,0.0,50.0,United-States,<=50K
22.0,Private,202871.0,Assoc-voc,11.0,Married-civ-spouse,Other-service,Husband,White,Male,0.0,0.0,44.0,United-States,<=50K
72.0,State-gov,120733.0,7th-8th,4.0,Widowed,Other-service,Unmarried,Black,Female,0.0,0.0,40.0,United-States,<=50K
33.0,Private,69748.0,HS-grad,9.0,Married-civ-spouse,Exec-managerial,Wife,White,Female,0.0,0.0,40.0,United-States,<=50K
28.0,Private,153885.0,Some-college,10.0,Married-civ-spouse,Transport-moving,Wife,White,Female,,0.0,45.0,United-States,<=50K
22.0,Private,230704.0,Assoc-acdm,12.0,Never-married,Handlers-cleaners,,Black,Male,,0.0,20.0,Jamaica,>50K
32.0,Private,169768.0,Bachelors,13.0,Separated,Tech-support,Not-in-family,Black,Male,0.0,0.0,40.0,United-States,<=50K
31.0,Private,318647.0,11th,7.0,Never-married,Craft-repair,Not-in-family,White,Male,0.0,0.0,40.0,United-States,<=50K
27.0,Private,130386.0,Some-college,10.0,Never-married,Other-service,Own-child,White,Female,0.0,0.0,40.0,United-States,<=50K
47.0,Self-emp-not-inc,94100.0,Bachelors,13.0,Never-married,Farming-fishing,Not-in-family,White,Male,0.0,0.0,65.0,United-States,<=50K
52.0,Private,193116.0,10th,6.0,Married-civ-spouse,Transport-moving,Husband,White,Male,0.0,0.0,45.0,United-States,<=50K
,Private,233639.0,11th,,,,Husband,White,Male,0.0,0.0,50.0,United-States,<=50K
72.0,Self-emp-not-inc,28865.0,7th-8th,4.0,Married-civ-spouse,Transport-moving,Husband,White,Male,0.0,0.0,14.0,United-States,<=50K
46.0,,182862.0,Bachelors,13.0,Married-civ-spouse,Exec-managerial,Husband,White,Male,0.0,0.0,32.0,United-States,<=50K
18.0,Private,256967.0,10th,6.0,Never-married,Sales,Other-relative,Black,Female,0.0,0.0,40.0,United-States,<=50K
60.0,Private,240521.0,HS-grad,9.0,Married-civ-spouse,Craft-repair,Husband,White,Male,7298.0,0.0,40.0,United-States,>50K
19.0,Local-gov,243960.0,Some-college,10.0,Never-married,Sales,Own-child,White,Female,0.0,0.0,16.0,United-States,<=50K
,Private,93131.0,Some-college,10.0,Never-married,Other-service,Not-in-family,Asian-Pac-Islander,Male,1055.0,0.0,20.0,China,<=50K
44.0,Private,165492.0,Some-college,10.0,Married-civ-spouse,Sales,Husband,White,Male,0.0,0.0,40.0,United-States,>50K
29.0,State-gov,95423.0,Masters,14.0,Married-civ-spouse,Adm-clerical,Husband,White,,0.0,0.0,36.0,United-States,<=50K
55.0,Private,160631.0,HS-grad,9.0,Married-civ-spouse,Sales,Husband,White,Male,0.0,0.0,,United-States,>50K
36.0,Private,178322.0,HS-grad,9.0,Divorced,Transport-moving,Unmarried,White,Male,0.0,0.0,40.0,United-States,<=50K
36.0,Self-emp-not-inc,182898.0,Bachelors,13.0,Married-civ-spouse,Exec-managerial,Husband,White,Male,7298.0,0.0,40.0,United-States,>50K
58.0,Self-emp-not-inc,119891.0,Masters,14.0,Married-civ-spouse,Machine-op-inspct,,White,Male,0.0,0.0,35.0,United-States,>50K
49.0,Private,175958.0,Bachelors,13.0,Married-civ-spouse,Exec-managerial,Husband,White,Male,0.0,0.0,46.0,United-States,>50K
33.0,Private,226629.0,Some-college,10.0,Never-married,Exec-managerial,Own-child,,Female,0.0,0.0,40.0,United-States,<=50K
28.0,Private,51461.0,Bachelors,13.0,Married-civ-spouse,Adm-clerical,Husband,White,Male,0.0,1887.0,40.0,United-States,>50K
19.0,Private,,HS-grad,-6.4862381985064985,Never-married,Other-service,Own-child,White,Female,0.0,1721.0,40.0,United-States,>50K
57.0,Self-emp-inc,101338.0,Bachelors,13.0,Married-civ-spouse,Exec-managerial,Husband,White,Male,0.0,0.0,20.0,United-States,<=50K
19.0,Private,163072.0,Some-college,10.0,Never-married,Sales,Own-child,White,Female,0.0,0.0,34.0,United-States,<=50K
17.0,Private,40299.0,11th,7.0,Never-married,Sales,Own-child,White,Female,0.0,0.0,25.0,United-States,<=50K
-58.7819770088162,Private,244406.0,HS-grad,9.0,Never-married,Adm-clerical,Own-child,Black,Female,,0.0,40.0,United-States,>50K
34.0,Private,104509.0,Assoc-voc,11.0,Never-married,Prof-specialty,Not-in-family,White,Female,1639.0,0.0,20.0,United-States,<=50K
49.0,Private,209739.0,Assoc-voc,11.0,Married-civ-spouse,Exec-managerial,Husband,White,Male,7688.0,0.0,60.0,United-States,>50K
32.0,Private,347623.0,HS-grad,9.0,Married-civ-spouse,Handlers-cleaners,Husband,White,Male,0.0,,40.0,,<=50K
28.0,Self-emp-not-inc,226198.0,HS-grad,9.0,Divorced,Exec-managerial,Not-in-family,White,Female,0.0,0.0,40.0,United-States,<=50K
29.0,Private,69757.0,Bachelors,13.0,Divorced,Exec-managerial,Other-relative,White,Female,0.0,0.0,50.0,United-States,<=50K
48.0,State-gov,148306.0,Masters,14.0,Divorced,Prof-specialty,Unmarried,White,Female,0.0,,40.0,United-States,<=50K
43.0,Private,91317.0,Assoc-acdm,,,,Unmarried,White,Female,0.0,0.0,40.0,United-States,<=50K
19.0,Private,329130.0,11th,7.0,Separated,Other-service,Own-child,White,,-47889.20366261097,,,United-States,>50K
44.0,Private,242521.0,Bachelors,13.0,Married-civ-spouse,Sales,Husband,White,Male,,0.0,50.0,United-States,>50K
,Local-gov,277144.0,Bachelors,13.0,Never-married,Prof-specialty,Own-child,White,Male,0.0,0.0,60.0,United-States,<=50K
51.0,Local-gov,,,10.0,Married-civ-spouse,Exec-managerial,Husband,Black,Male,0.0,0.0,40.0,United-States,>50K
24.0,Private,311376.0,Bachelors,13.0,Never-married,Prof-specialty,,White,Female,0.0,0.0,40.0,United-States,<=50K
40.0,Private,356934.0,Prof-school,15.0,Married-civ-spouse,Exec-managerial,Husband,White,Male,0.0,0.0,50.0,United-States,>50K
-49.7819770088162,Private,100293.0,Some-college,10.0,Never-married,Prof-specialty,Not-in-family,White,Female,0.0,0.0,40.0,United-States,>50K
44.0,Local-gov,34935.0,Some-college,10.0,Never-married,Other-service,Own-child,Black,Male,0.0,0.0,40.0,United-States,<=50K
37.0,Private,203828.0,9th,5.0,Married-civ-spouse,Transport-moving,Husband,White,Male,,0.0,65.0,United-States,<=50K
47.0,Local-gov,272182.0,Some-college,10.0,Never-married,Adm-clerical,Not-in-family,Black,Male,0.0,0.0,40.0,United-States,<=50K
47.0,Federal-gov,382532.0,Some-college,10.0,Married-civ-spouse,Craft-repair,Husband,White,Male,0.0,1887.0,,United-States,>50K
18.0,Private,132397.0,12th,8.0,Never-married,Other-service,Own-child,,Female,0.0,0.0,18.0,United-States,<=50K
54.0,Local-gov,188446.0,HS-grad,9.0,Married-civ-spouse,Other-service,Husband,White,Male,0.0,0.0,40.0,United-States,<=50K
37.0,Private,149898.0,11th,7.0,Married-civ-spouse,Craft-repair,Husband,,Male,0.0,0.0,40.0,United-States,<=50K
35.0,Private,-592795.9330611756,HS-grad,9.0,Never-married,Sales,Own-child,White,Female,0.0,0.0,40.0,United-States,>50K
35.0,Private,132879.0,Some-college,,Married-civ-spouse,,Husband,White,Male,0.0,0.0,40.0,United-States,>50K
34.0,Self-emp-not-inc,246439.0,HS-grad,9.0,Married-civ-spouse,Farming-fishing,Husband,White,Male,0.0,0.0,45.0,United-States,<=50K
27.0,Private,95647.0,Bachelors,13.0,Never-married,Prof-specialty,Own-child,Asian-Pac-Islander,Male,0.0,0.0,40.0,United-States,<=50K
26.0,Private,280093.0,,10.0,Never-married,Handlers-cleaners,Own-child,White,Male,0.0,0.0,40.0,United-States,<=50K
26.0,Local-gov,288781.0,Bachelors,13.0,Never-married,Adm-clerical,Not-in-family,White,,,0.0,42.0,United-States,<=50K
27.0,Private,207611.0,HS-grad,9.0,Never-married,Other-service,Not-in-family,White,Female,0.0,0.0,52.0,United-States,<=50K
47.0,State-gov,167281.0,Bachelors,13.0,,Other-service,Husband,White,Male,0.0,0.0,40.0,United-States,<=50K
39.0,Private,,Some-college,,Married-civ-spouse,Machine-op-inspct,Husband,,,0.0,0.0,60.0,United-States,<=50K
26.0,Self-emp-not-inc,221626.0,HS-grad,9.0,Married-civ-spouse,Other-service,Wife,White,Female,0.0,1579.0,20.0,United-States,<=50K
43.0,Private,421837.0,Some-college,10.0,Married-civ-spouse,Machine-op-inspct,Husband,White,Male,0.0,0.0,40.0,Mexico,<=50K
32.0,Local-gov,114733.0,Bachelors,13.0,Divorced,,Unmarried,White,Female,0.0,0.0,35.0,United-States,<=50K
-24.7819770088162,Private,152652.0,HS-grad,9.0,Married-civ-spouse,Transport-moving,Husband,White,Male,0.0,0.0,65.0,United-States,>50K
37.0,,21798.0,HS-grad,9.0,Married-civ-spouse,Craft-repair,Husband,White,Male,0.0,0.0,45.0,United-States,>50K
41.0,Local-gov,384236.0,Assoc-voc,11.0,Never-married,Other-service,Not-in-family,White,Male,0.0,0.0,40.0,United-States,<=50K
,Local-gov,235431.0,HS-grad,9.0,Separated,Other-service,Unmarried,Black,Female,0.0,0.0,40.0,United-States,<=50K
25.0,Private,198986.0,Bachelors,13.0,Never-married,Adm-clerical,Not-in-family,White,Male,0.0,0.0,40.0,United-States,>50K
47.0,Private,398652.0,HS-grad,9.0,Married-civ-spouse,Sales,Husband,White,Male,0.0,0.0,50.0,United-States,>50K
57.0,State-gov,243033.0,Some-college,10.0,Widowed,Sales,Not-in-family,White,Female,0.0,0.0,40.0,United-States,<=50K
26.0,Private,150062.0,HS-grad,9.0,Married-civ-spouse,Sales,,White,Male,0.0,0.0,50.0,,<=50K
49.0,Private,,HS-grad,9.0,Separated,Prof-specialty,Unmarried,White,,0.0,625.0,40.0,Puerto-Rico,<=50K
64.0,Private,148606.0,10th,,Separated,Other-service,Not-in-family,White,Female,0.0,0.0,107.63219978905336,United-States,>50K
31.0,Private,507875.0,9th,5.0,Married-civ-spouse,Machine-op-inspct,Husband,White,Male,0.0,0.0,43.0,United-States,<=50K
50.0,Private,,10th,6.0,Married-civ-spouse,Farming-fishing,Husband,White,Male,0.0,0.0,32.0,,<=50K
43.0,Local-gov,143828.0,Masters,14.0,Divorced,Prof-specialty,Unmarried,Black,Female,9562.0,0.0,40.0,United-States,>50K
,Private,137578.0,Some-college,10.0,Never-married,Adm-clerical,Own-child,White,Male,0.0,0.0,10.0,United-States,<=50K
52.0,Private,155759.0,Some-college,10.0,Never-married,Machine-op-inspct,,White,Male,0.0,0.0,40.0,United-States,<=50K
68.0,Self-emp-inc,,,13.0,Separated,Sales,Unmarried,White,Male,0.0,0.0,70.0,Canada,<=50K
49.0,Private,178749.0,Masters,14.0,,Adm-clerical,Unmarried,White,Female,0.0,0.0,40.0,United-States,<=50K
19.0,Private,333953.0,12th,8.0,Never-married,Other-service,Other-relative,White,Female,0.0,0.0,30.0,United-States,<=50K
31.0,Private,,HS-grad,9.0,Divorced,Adm-clerical,Unmarried,White,Female,,0.0,35.0,United-States,<=50K
50.0,Private,237258.0,Masters,14.0,Never-married,Exec-managerial,Not-in-family,White,Male,27828.0,0.0,48.0,United-States,>50K
59.0,Self-emp-not-inc,275236.0,11th,7.0,Married-civ-spouse,Sales,Husband,White,Male,0.0,0.0,70.0,United-States,>50K
47.0,Private,329144.0,Some-college,10.0,Divorced,Prof-specialty,Not-in-family,White,Male,0.0,0.0,48.0,United-States,>50K
53.0,Private,251675.0,HS-grad,,Married-civ-spouse,Craft-repair,Husband,White,Male,0.0,0.0,40.0,El-Salvador,<=50K
36.0,Private,81259.0,Assoc-acdm,12.0,Divorced,Prof-specialty,Unmarried,White,Female,0.0,0.0,36.0,United-States,<=50K
27.0,Private,604045.0,Bachelors,13.0,Never-married,Sales,Not-in-family,,Male,27828.0,0.0,40.0,United-States,>50K
59.0,,232672.0,Masters,14.0,Married-civ-spouse,Exec-managerial,Husband,White,,0.0,0.0,40.0,United-States,>50K
38.0,,331609.0,Some-college,10.0,Widowed,Transport-moving,Not-in-family,Black,,0.0,0.0,47.0,United-States,<=50K
54.0,Federal-gov,28683.0,HS-grad,9.0,Married-civ-spouse,Adm-clerical,Husband,White,Male,4386.0,,41.0,United-States,>50K
,Self-emp-inc,27444.0,Bachelors,13.0,Married-civ-spouse,Sales,Husband,White,Male,99999.0,0.0,40.0,United-States,>50K
20.0,Private,102607.0,HS-grad,9.0,Never-married,Handlers-cleaners,Own-child,White,Male,0.0,0.0,30.0,United-States,<=50K
19.0,Private,169853.0,HS-grad,9.0,Never-married,Machine-op-inspct,Own-child,White,Male,0.0,0.0,24.0,United-States,<=50K
39.0,Private,89419.0,Assoc-voc,11.0,Divorced,Other-service,Not-in-family,Amer-Indian-Eskimo,Female,,0.0,40.0,Columbia,<=50K
33.0,Private,,12th,8.0,Never-married,Sales,Own-child,White,Female,,0.0,35.0,United-States,<=50K
39.0,Private,198097.0,Bachelors,13.0,Divorced,Exec-managerial,Not-in-family,White,Male,0.0,0.0,,United-States,<=50K
20.0,Private,197997.0,HS-grad,9.0,Never-married,Farming-fishing,Own-child,White,Male,0.0,0.0,112.63219978905336,United-States,>50K
48.0,Private,178686.0,HS-grad,9.0,Divorced,Craft-repair,Not-in-family,White,Male,0.0,,40.0,United-States,<=50K
31.0,Private,214235.0,,9.0,Married-civ-spouse,Sales,Husband,White,Male,0.0,,40.0,United-States,>50K
,Private,332155.0,HS-grad,9.0,Never-married,Handlers-cleaners,,White,Male,0.0,0.0,20.0,United-States,<=50K
,Private,30063.0,HS-grad,9.0,Divorced,Other-service,,White,Female,0.0,0.0,32.0,United-States,<=50K
30.0,Private,324120.0,HS-grad,9.0,Married-civ-spouse,Handlers-cleaners,Husband,White,Male,0.0,0.0,50.0,United-States,<=50K
34.0,Self-emp-not-inc,450141.0,Bachelors,13.0,Married-civ-spouse,Exec-managerial,Husband,White,,15024.0,0.0,35.0,United-States,>50K
49.0,,168216.0,7th-8th,4.0,Married-civ-spouse,Machine-op-inspct,Husband,White,Male,0.0,0.0,48.0,United-States,<=50K
32.0,Private,,Assoc-voc,11.0,Married-civ-spouse,Craft-repair,Husband,White,Male,-47889.20366261097,0.0,40.0,United-States,>50K
22.0,Private,284895.0,Some-college,10.0,Married-civ-spouse,Exec-managerial,Husband,White,Male,0.0,0.0,55.0,United-States,<=50K
18.0,Private,194897.0,HS-grad,9.0,Never-married,Handlers-cleaners,Own-child,,Male,0.0,0.0,40.0,United-States,<=50K
,Private,367260.0,HS-grad,9.0,Divorced,Exec-managerial,Not-in-family,White,Male,0.0,0.0,80.0,United-States,<=50K
30.0,Private,226296.0,Masters,14.0,Never-married,Exec-managerial,Not-in-family,White,Male,0.0,0.0,40.0,United-States,<=50K
20.0,Private,194848.0,Some-college,10.0,Never-married,Craft-repair,Own-child,White,Male,0.0,0.0,40.0,United-States,<=50K
,Private,132078.0,Bachelors,13.0,Never-married,Prof-specialty,Not-in-family,,Female,0.0,,40.0,United-States,<=50K
17.0,Private,365613.0,10th,6.0,Never-married,,Own-child,White,Male,0.0,0.0,10.0,Canada,<=50K
32.0,Private,156464.0,HS-grad,9.0,Married-civ-spouse,Sales,Husband,White,Male,0.0,1902.0,50.0,United-States,>50K
28.0,Private,302406.0,Prof-school,15.0,Never-married,Prof-specialty,Not-in-family,White,Male,0.0,0.0,45.0,United-States,<=50K
27.0,Private,289147.0,HS-grad,9.0,Never-married,Machine-op-inspct,Own-child,White,Female,0.0,0.0,,United-States,<=50K
37.0,Private,,Assoc-acdm,12.0,Divorced,Adm-clerical,Not-in-family,White,Female,0.0,0.0,40.0,United-States,<=50K
30.0,Private,46712.0,HS-grad,9.0,Divorced,Other-service,Not-in-family,White,Female,,0.0,40.0,United-States,<=50K
46.0,Self-emp-not-inc,224108.0,HS-grad,9.0,Married-civ-spouse,Exec-managerial,Wife,White,Female,0.0,0.0,50.0,United-States,<=50K
23.0,Private,181820.0,HS-grad,9.0,Separated,Craft-repair,Own-child,White,Male,0.0,0.0,53.0,United-States,<=50K
57.0,Private,301514.0,HS-grad,9.0,Married-civ-spouse,Sales,Husband,White,Male,0.0,0.0,40.0,United-States,<=50K
27.0,Private,310850.0,HS-grad,9.0,Married-civ-spouse,Transport-moving,Husband,White,Male,,0.0,50.0,United-States,<=50K
34.0,Private,329587.0,,6.0,Separated,Other-service,Not-in-family,White,Female,,0.0,35.0,United-States,<=50K
55.0,State-gov,175127.0,Bachelors,13.0,,Adm-clerical,Husband,White,Male,7688.0,0.0,,United-States,>50K
24.0,Private,193130.0,Some-college,10.0,Never-married,Adm-clerical,Own-child,White,Female,0.0,0.0,40.0,United-States,<=50K
41.0,Private,262038.0,5th-6th,3.0,Married-spouse-absent,Farming-fishing,,White,Male,0.0,0.0,35.0,Mexico,<=50K
50.0,Local-gov,120190.0,Masters,,Divorced,Prof-specialty,Not-in-family,White,Female,0.0,0.0,45.0,United-States,<=50K
31.0,Private,176185.0,Masters,14.0,Married-civ-spouse,Exec-managerial,Husband,White,Male,0.0,0.0,60.0,France,>50K
31.0,Local-gov,32593.0,Bachelors,13.0,Never-married,Prof-specialty,,White,Female,0.0,0.0,40.0,United-States,<=50K
25.0,Private,195994.0,1st-4th,2.0,Never-married,Priv-house-serv,Not-in-family,White,Female,0.0,0.0,40.0,Guatemala,<=50K
49.0,Private,144514.0,HS-grad,9.0,Married-civ-spouse,Adm-clerical,Husband,White,Male,0.0,0.0,40.0,United-States,<=50K
34.0,Private,87535.0,Doctorate,16.0,Never-married,Exec-managerial,Not-in-family,White,Female,0.0,0.0,40.0,United-States,<=50K
39.0,Private,327435.0,Bachelors,13.0,Married-civ-spouse,Prof-specialty,Wife,White,Female,0.0,0.0,36.0,United-States,>50K
33.0,Private,221762.0,Some-college,10.0,Never-married,Prof-specialty,Not-in-family,Black,Male,0.0,0.0,40.0,United-States,<=50K
62.0,Self-emp-not-inc,236247.0,HS-grad,9.0,Married-civ-spouse,Other-service,Husband,White,Male,0.0,0.0,20.0,United-States,<=50K
30.0,,210926.0,9th,5.0,Divorced,Farming-fishing,Unmarried,,Female,0.0,,,Mexico,<=50K
36.0,Private,186934.0,HS-grad,9.0,Married-civ-spouse,Exec-managerial,Husband,White,Male,0.0,0.0,,United-States,>50K
,Private,193672.0,HS-grad,9.0,Married-civ-spouse,Machine-op-inspct,Husband,White,Male,0.0,0.0,40.0,United-States,<=50K
25.0,Private,144301.0,Some-college,10.0,Never-married,Sales,Own-child,White,Male,0.0,0.0,42.0,United-States,<=50K
,Local-gov,226494.0,Bachelors,13.0,Never-married,Prof-specialty,Not-in-family,White,Male,0.0,0.0,45.0,,<=50K
36.0,Private,336595.0,HS-grad,9.0,Married-civ-spouse,Exec-managerial,,White,Male,0.0,,50.0,United-States,>50K
35.0,Private,99357.0,Masters,14.0,Married-civ-spouse,Prof-specialty,Wife,White,Female,15024.0,0.0,50.0,United-States,>50K
22.0,Private,349198.0,7th-8th,,Never-married,Handlers-cleaners,Own-child,White,Male,0.0,0.0,16.0,United-States,<=50K
,,198366.0,HS-grad,9.0,Married-civ-spouse,Sales,Husband,Black,Male,0.0,0.0,20.0,United-States,<=50K
25.0,Private,236977.0,HS-grad,9.0,,Craft-repair,Own-child,White,Male,0.0,0.0,40.0,Mexico,<=50K
24.0,Self-emp-not-inc,194102.0,Bachelors,,Never-married,Exec-managerial,Own-child,White,Male,0.0,0.0,40.0,United-States,<=50K
61.0,Private,194804.0,Preschool,1.0,Separated,Transport-moving,Not-in-family,Black,Male,14344.0,0.0,40.0,United-States,>50K
29.0,Private,140863.0,Some-college,10.0,Married-civ-spouse,Tech-support,Husband,White,Male,0.0,0.0,40.0,United-States,<=50K
47.0,Local-gov,121124.0,Masters,14.0,Married-civ-spouse,Prof-specialty,Husband,White,Male,0.0,0.0,35.0,United-States,>50K
59.0,Self-emp-inc,133201.0,5th-6th,3.0,Married-civ-spouse,Farming-fishing,Husband,White,Male,,0.0,40.0,Italy,<=50K
56.0,,163212.0,HS-grad,9.0,Widowed,Adm-clerical,Unmarried,White,Female,99999.0,0.0,40.0,United-States,>50K
34.0,Private,23778.0,Bachelors,13.0,Divorced,Craft-repair,Unmarried,White,Male,0.0,0.0,112.63219978905336,United-States,>50K
31.0,Private,284703.0,Masters,14.0,Never-married,Prof-specialty,Not-in-family,,Male,0.0,0.0,40.0,United-States,<=50K
36.0,Private,334291.0,HS-grad,9.0,Married-civ-spouse,Sales,,White,,0.0,0.0,40.0,United-States,>50K
31.0,Private,114937.0,Bachelors,13.0,Married-civ-spouse,Prof-specialty,Husband,White,Male,0.0,0.0,35.0,United-States,<=50K
24.0,Private,183594.0,Assoc-voc,11.0,Never-married,Craft-repair,Own-child,,,0.0,0.0,20.0,United-States,<=50K
53.0,,141388.0,11th,,Married-civ-spouse,Craft-repair,Husband,White,Male,0.0,0.0,40.0,United-States,<=50K
55.0,Private,24694.0,Some-college,10.0,Divorced,Prof-specialty,Not-in-family,White,Female,0.0,0.0,40.0,United-States,<=50K
38.0,Private,248886.0,HS-grad,9.0,Married-civ-spouse,Adm-clerical,Husband,White,Male,0.0,0.0,-30.632199789053377,United-States,>50K
42.0,Private,111949.0,HS-grad,9.0,Married-civ-spouse,Adm-clerical,Wife,White,Female,0.0,0.0,35.0,United-States,<=50K
42.0,Self-emp-not-inc,373403.0,,9.0,Married-civ-spouse,Farming-fishing,Husband,White,Male,0.0,0.0,,United-States,<=50K
33.0,Private,473133.0,Doctorate,16.0,Married-civ-spouse,Prof-specialty,Husband,White,Male,15024.0,0.0,50.0,United-States,>50K
,Private,347934.0,HS-grad,9.0,Never-married,Other-service,,White,Female,0.0,,35.0,United-States,<=50K
46.0,Private,330416.0,Some-college,10.0,Married-civ-spouse,Adm-clerical,Husband,White,Male,0.0,0.0,40.0,United-States,<=50K
58.0,Private,343957.0,Bachelors,13.0,Divorced,Sales,Not-in-family,White,Male,0.0,0.0,50.0,United-States,<=50K
36.0,,275338.0,Bachelors,13.0,Married-civ-spouse,Exec-managerial,Wife,White,Female,0.0,0.0,40.0,United-States,>50K
37.0,Private,635913.0,Bachelors,13.0,Never-married,Exec-managerial,Not-in-family,Black,Male,0.0,0.0,,United-States,>50K
24.0,Private,221955.0,Bachelors,,Married-civ-spouse,Sales,Other-relative,White,Male,0.0,0.0,40.0,United-States,<=50K
34.0,Private,48014.0,Bachelors,13.0,Separated,Exec-managerial,Not-in-family,White,Female,0.0,0.0,35.0,United-States,<=50K
22.0,,125010.0,Bachelors,13.0,Never-married,Prof-specialty,Not-in-family,White,Female,0.0,0.0,30.0,United-States,<=50K
18.0,Private,143450.0,Some-college,10.0,Never-married,Handlers-cleaners,,Black,Male,0.0,0.0,20.0,United-States,<=50K
,Private,424478.0,Some-college,10.0,Married-civ-spouse,Craft-repair,Husband,Black,Male,0.0,0.0,45.0,United-States,>50K
44.0,Self-emp-inc,37997.0,HS-grad,9.0,Married-civ-spouse,Farming-fishing,Husband,White,Male,0.0,0.0,60.0,United-States,<=50K
49.0,Federal-gov,213668.0,Masters,14.0,Never-married,Exec-managerial,Not-in-family,White,Male,0.0,0.0,56.0,United-States,>50K
61.0,Private,83045.0,9th,5.0,Married-civ-spouse,Machine-op-inspct,Husband,White,Male,0.0,0.0,40.0,United-States,<=50K
41.0,Private,304906.0,Bachelors,13.0,,Exec-managerial,Husband,,Male,0.0,0.0,40.0,United-States,>50K
34.0,Private,737315.0,Prof-school,15.0,Married-civ-spouse,Prof-specialty,Husband,White,Male,,0.0,65.0,United-States,>50K
26.0,Self-emp-inc,187652.0,HS-grad,9.0,Divorced,Exec-managerial,Not-in-family,White,Male,0.0,0.0,78.0,United-States,>50K
40.0,Private,174515.0,HS-grad,9.0,Married-spouse-absent,Other-service,Own-child,White,Female,0.0,0.0,40.0,,<=50K
39.0,Private,294919.0,HS-grad,9.0,Divorced,Transport-moving,Own-child,White,Male,0.0,0.0,60.0,United-States,<=50K
39.0,Private,370585.0,HS-grad,9.0,Separated,Machine-op-inspct,Not-in-family,Black,Male,,0.0,40.0,United-States,<=50K
30.0,State-gov,103651.0,Bachelors,13.0,Married-civ-spouse,Prof-specialty,Husband,White,Male,0.0,0.0,40.0,United-States,<=50K
27.0,Private,423250.0,Some-college,10.0,Married-civ-spouse,Exec-managerial,Husband,White,Male,0.0,0.0,60.0,United-States,<=50K
47.0,Private,225065.0,5th-6th,3.0,Separated,Sales,Unmarried,White,Female,0.0,0.0,40.0,Mexico,<=50K
,Self-emp-inc,185041.0,HS-grad,9.0,Married-civ-spouse,Craft-repair,Husband,White,Male,,,50.0,United-States,>50K
40.0,Private,207025.0,HS-grad,9.0,Never-married,Adm-clerical,Not-in-family,White,Female,6849.0,0.0,38.0,United-States,<=50K
47.0,,,Bachelors,13.0,Married-civ-spouse,Exec-managerial,Husband,,Male,15024.0,0.0,50.0,United-States,>50K
52.0,Private,81859.0,HS-grad,9.0,Married-civ-spouse,Machine-op-inspct,Husband,White,Male,0.0,0.0,48.0,United-States,>50K
44.0,Federal-gov,,Bachelors,13.0,Married-civ-spouse,Prof-specialty,Husband,Asian-Pac-Islander,Male,15024.0,0.0,40.0,Philippines,>50K
27.0,Private,467936.0,Some-college,10.0,Married-civ-spouse,Adm-clerical,Husband,White,Male,,0.0,48.0,Mexico,<=50K
31.0,Private,173002.0,HS-grad,9.0,Never-married,Adm-clerical,Own-child,White,Female,0.0,0.0,,United-States,<=50K
44.0,Self-emp-not-inc,234767.0,Masters,14.0,Married-civ-spouse,Prof-specialty,Husband,White,Male,0.0,0.0,30.0,United-States,>50K
30.0,Private,,Assoc-acdm,12.0,Married-civ-spouse,Craft-repair,Husband,White,Male,0.0,0.0,,United-States,<=50K
58.0,Local-gov,283635.0,Bachelors,13.0,Never-married,Prof-specialty,Not-in-family,White,Female,0.0,0.0,40.0,United-States,<=50K
43.0,Private,171438.0,Assoc-voc,11.0,Separated,Sales,,White,Female,0.0,0.0,45.0,United-States,<=50K
34.0,Self-emp-inc,196385.0,HS-grad,9.0,Married-civ-spouse,Exec-managerial,,White,Male,0.0,0.0,50.0,United-States,<=50K
38.0,Private,54953.0,,13.0,Married-civ-spouse,Exec-managerial,Husband,White,Male,0.0,0.0,60.0,United-States,<=50K
63.0,Private,,HS-grad,9.0,Never-married,Other-service,Not-in-family,Black,Female,0.0,0.0,50.0,United-States,<=50K
21.0,Private,229826.0,Some-college,10.0,Married-civ-spouse,Machine-op-inspct,Husband,White,Male,0.0,0.0,20.0,United-States,<=50K
26.0,Self-emp-not-inc,331861.0,Bachelors,13.0,Never-married,Sales,Not-in-family,White,Male,0.0,0.0,60.0,United-States,>50K
,Private,181820.0,Some-college,10.0,Never-married,Machine-op-inspct,Own-child,White,Male,0.0,0.0,40.0,United-States,<=50K
18.0,Private,36251.0,11th,7.0,Never-married,Other-service,Own-child,White,Female,0.0,0.0,-47.632199789053374,United-States,>50K
53.0,Private,213378.0,HS-grad,9.0,Separated,Sales,Not-in-family,White,Female,0.0,0.0,33.0,United-States,<=50K
30.0,Local-gov,101345.0,HS-grad,9.0,Separated,Other-service,Unmarried,White,Female,0.0,0.0,26.0,United-States,<=50K
21.0,Private,202871.0,HS-grad,9.0,Never-married,Sales,Own-child,White,Male,0.0,0.0,44.0,United-States,<=50K
60.0,Private,194980.0,HS-grad,9.0,Separated,Adm-clerical,Unmarried,Black,Female,0.0,0.0,20.0,United-States,<=50K
25.0,Local-gov,84224.0,Bachelors,,Never-married,Prof-specialty,Not-in-family,White,Female,0.0,0.0,40.0,United-States,<=50K
35.0,Private,236910.0,Bachelors,13.0,Married-civ-spouse,Exec-managerial,Husband,White,Male,0.0,0.0,60.0,United-States,<=50K
36.0,Private,324231.0,9th,5.0,Never-married,Farming-fishing,Unmarried,Black,Female,0.0,,40.0,United-States,<=50K
34.0,Private,305619.0,HS-grad,9.0,Married-civ-spouse,Craft-repair,Husband,White,Male,,0.0,40.0,United-States,>50K
49.0,Self-emp-not-inc,393691.0,Some-college,,Married-civ-spouse,Prof-specialty,Husband,White,Male,0.0,0.0,40.0,,>50K
50.0,Federal-gov,222020.0,HS-grad,9.0,Married-civ-spouse,Adm-clerical,,White,Male,0.0,0.0,48.0,United-States,<=50K
37.0,Private,120045.0,HS-grad,9.0,Divorced,Machine-op-inspct,Not-in-family,White,Female,0.0,0.0,56.0,United-States,<=50K
21.0,Private,148294.0,HS-grad,,Never-married,Farming-fishing,Own-child,White,,0.0,0.0,20.0,United-States,<=50K
43.0,Local-gov,67243.0,Bachelors,13.0,Married-civ-spouse,Protective-serv,Husband,White,Male,0.0,0.0,45.0,United-States,>50K
31.0,Private,126501.0,Some-college,10.0,Married-civ-spouse,Craft-repair,Husband,White,Male,0.0,0.0,40.0,United-States,<=50K
26.0,Private,161007.0,,11.0,Married-civ-spouse,Handlers-cleaners,Husband,White,,0.0,0.0,80.0,United-States,<=50K
42.0,Federal-gov,557644.0,HS-grad,9.0,Never-married,Adm-clerical,Unmarried,White,Female,0.0,0.0,40.0,United-States,<=50K
34.0,Private,386877.0,HS-grad,9.0,,Machine-op-inspct,Husband,Black,Male,0.0,0.0,40.0,United-States,<=50K
42.0,Private,230684.0,Bachelors,13.0,Married-civ-spouse,,Husband,White,Male,5013.0,0.0,40.0,United-States,<=50K
39.0,Self-emp-inc,91039.0,Masters,14.0,Married-civ-spouse,Exec-managerial,Husband,White,Male,15024.0,0.0,45.0,United-States,>50K
47.0,Federal-gov,,HS-grad,9.0,Divorced,Other-service,Unmarried,Black,,0.0,0.0,40.0,United-States,<=50K
34.0,Private,509364.0,HS-grad,9.0,Married-civ-spouse,Craft-repair,,White,Male,0.0,0.0,40.0,United-States,<=50K
46.0,Private,188027.0,Some-college,10.0,Never-married,Exec-managerial,,White,Female,,0.0,45.0,United-States,<=50K
29.0,State-gov,33798.0,Some-college,10.0,Divorced,Adm-clerical,Own-child,White,Male,0.0,0.0,20.0,United-States,<=50K
37.0,Private,175130.0,,9.0,,Adm-clerical,Unmarried,White,Female,0.0,0.0,45.0,United-States,<=50K
23.0,Federal-gov,173851.0,HS-grad,9.0,Never-married,Armed-Forces,Not-in-family,White,Male,0.0,0.0,8.0,United-States,<=50K
46.0,Self-emp-not-inc,481987.0,Some-college,10.0,Married-civ-spouse,Prof-specialty,Husband,White,Male,0.0,0.0,,United-States,<=50K
47.0,Local-gov,352614.0,Assoc-acdm,12.0,,Protective-serv,Husband,White,Male,0.0,0.0,40.0,United-States,>50K
39.0,Federal-gov,110622.0,Bachelors,13.0,Married-civ-spouse,Adm-clerical,Wife,Asian-Pac-Islander,Female,0.0,0.0,40.0,Philippines,<=50K
-47.7819770088162,Private,90668.0,10th,6.0,Never-married,Other-service,Not-in-family,White,Female,0.0,0.0,40.0,United-States,>50K
27.0,Private,199172.0,Bachelors,13.0,Never-married,Protective-serv,,White,Female,0.0,0.0,40.0,United-States,<=50K
56.0,Private,,Bachelors,13.0,Married-civ-spouse,Adm-clerical,Husband,White,Male,0.0,0.0,50.0,United-States,<=50K
57.0,Private,145189.0,Some-college,10.0,Never-married,Adm-clerical,Not-in-family,White,Female,0.0,0.0,40.0,United-States,<=50K
32.0,Self-emp-inc,317660.0,HS-grad,9.0,Married-civ-spouse,Craft-repair,Husband,White,Male,7688.0,0.0,40.0,United-States,>50K
55.0,Private,101468.0,HS-grad,9.0,Married-civ-spouse,Craft-repair,Husband,White,Male,3103.0,0.0,40.0,United-States,>50K
31.0,Private,113838.0,HS-grad,9.0,Married-civ-spouse,,Husband,White,Male,0.0,0.0,45.0,United-States,<=50K
47.0,Private,104521.0,Assoc-voc,11.0,Married-civ-spouse,Prof-specialty,Husband,White,Male,0.0,0.0,40.0,United-States,>50K
29.0,Private,129528.0,Bachelors,13.0,Never-married,Prof-specialty,Not-in-family,White,Female,0.0,0.0,40.0,United-States,<=50K
50.0,Private,217577.0,HS-grad,,Widowed,Machine-op-inspct,Unmarried,,Female,0.0,0.0,40.0,United-States,<=50K
47.0,Private,97176.0,HS-grad,9.0,Divorced,Adm-clerical,Unmarried,White,Female,0.0,0.0,40.0,United-States,<=50K
35.0,Private,278403.0,Prof-school,15.0,,,Husband,White,Male,0.0,0.0,80.0,United-States,>50K
23.0,Private,205865.0,,9.0,Married-civ-spouse,Machine-op-inspct,Husband,White,Male,,2179.0,,United-States,<=50K
22.0,Private,227594.0,Bachelors,13.0,Never-married,Sales,Not-in-family,White,Female,0.0,0.0,40.0,United-States,<=50K
,Local-gov,,7th-8th,4.0,,Protective-serv,Husband,Black,Male,0.0,0.0,40.0,,<=50K
26.0,Private,389856.0,HS-grad,9.0,Never-married,Transport-moving,Not-in-family,,Male,0.0,0.0,40.0,United-States,<=50K
39.0,,191002.0,HS-grad,9.0,Never-married,Sales,Not-in-family,White,Female,0.0,0.0,40.0,Poland,<=50K
25.0,Private,303431.0,,9.0,Married-civ-spouse,Adm-clerical,Wife,White,Female,0.0,0.0,40.0,United-States,<=50K
36.0,Private,191146.0,Some-college,10.0,Divorced,Sales,Unmarried,Black,Female,0.0,0.0,38.0,,<=50K
41.0,,299505.0,HS-grad,9.0,Separated,Craft-repair,Not-in-family,Black,Male,0.0,0.0,40.0,United-States,<=50K
30.0,State-gov,123253.0,Bachelors,13.0,Married-civ-spouse,Prof-specialty,Husband,White,Male,0.0,0.0,45.0,United-States,<=50K
54.0,,135840.0,10th,6.0,Married-civ-spouse,Protective-serv,Husband,White,Male,0.0,0.0,45.0,United-States,<=50K
31.0,Self-emp-not-inc,369648.0,Assoc-acdm,12.0,Married-civ-spouse,Craft-repair,Not-in-family,White,Male,0.0,0.0,50.0,United-States,>50K
44.0,Local-gov,33068.0,12th,8.0,Married-civ-spouse,Craft-repair,Husband,White,Male,0.0,0.0,55.0,United-States,<=50K
33.0,Private,226525.0,HS-grad,9.0,Divorced,Exec-managerial,Not-in-family,White,Male,0.0,0.0,60.0,United-States,<=50K
18.0,Private,111256.0,HS-grad,9.0,Never-married,Adm-clerical,Own-child,White,Female,0.0,0.0,20.0,United-States,<=50K
44.0,Private,128485.0,Assoc-voc,11.0,Married-civ-spouse,Craft-repair,Husband,Black,Male,0.0,0.0,40.0,United-States,<=50K
52.0,Private,152234.0,HS-grad,9.0,Married-civ-spouse,Exec-managerial,Husband,,Male,99999.0,0.0,40.0,Japan,>50K
21.0,Private,189888.0,HS-grad,9.0,Never-married,Handlers-cleaners,Not-in-family,White,Male,3325.0,0.0,60.0,United-States,<=50K
26.0,Private,229523.0,HS-grad,9.0,Married-civ-spouse,Machine-op-inspct,Wife,White,,0.0,0.0,56.0,United-States,<=50K
39.0,Private,124090.0,10th,6.0,Married-civ-spouse,Transport-moving,Husband,White,Male,0.0,0.0,40.0,United-States,<=50K
20.0,Private,62865.0,HS-grad,9.0,Never-married,Priv-house-serv,Not-in-family,White,Female,0.0,0.0,45.0,United-States,<=50K
17.0,Private,108402.0,10th,6.0,,Sales,Own-child,White,Female,0.0,0.0,20.0,United-States,<=50K
31.0,Private,161765.0,Some-college,10.0,Married-civ-spouse,Sales,Husband,White,Male,0.0,2051.0,57.0,United-States,<=50K
,Local-gov,26929.0,Masters,14.0,Never-married,Prof-specialty,Not-in-family,,Female,0.0,0.0,40.0,United-States,<=50K
19.0,Private,299050.0,11th,7.0,Married-civ-spouse,Craft-repair,Husband,White,Male,0.0,,60.0,United-States,<=50K
29.0,Private,196116.0,Prof-school,15.0,Divorced,Prof-specialty,Own-child,White,Female,2174.0,0.0,72.0,United-States,<=50K
58.0,Private,-447825.9330611756,,9.0,Never-married,Priv-house-serv,Not-in-family,White,Male,0.0,1719.0,40.0,United-States,>50K
24.0,Private,,HS-grad,9.0,Never-married,Other-service,Own-child,Black,Male,0.0,0.0,40.0,United-States,<=50K
46.0,Self-emp-not-inc,96260.0,Bachelors,13.0,Divorced,Exec-managerial,Not-in-family,White,Male,0.0,0.0,20.0,United-States,<=50K
37.0,Self-emp-not-inc,180150.0,,15.0,Married-civ-spouse,Prof-specialty,Husband,White,Male,0.0,,45.0,,>50K
22.0,,,HS-grad,9.0,Never-married,Adm-clerical,Unmarried,White,,0.0,0.0,40.0,United-States,<=50K
37.0,Self-emp-not-inc,200352.0,Bachelors,13.0,Married-civ-spouse,Craft-repair,Husband,White,Male,0.0,0.0,50.0,United-States,>50K
40.0,State-gov,26598.0,Bachelors,13.0,Divorced,Prof-specialty,Not-in-family,White,,,0.0,40.0,United-States,<=50K
,,62539.0,HS-grad,,Divorced,Adm-clerical,Unmarried,White,Female,0.0,1876.0,38.0,United-States,>50K
32.0,Private,,Some-college,10.0,Married-civ-spouse,Craft-repair,Husband,White,Male,0.0,0.0,45.0,United-States,<=50K
61.0,Private,149405.0,HS-grad,9.0,Married-civ-spouse,Other-service,Husband,Black,,,0.0,40.0,United-States,<=50K
,Self-emp-not-inc,214689.0,11th,7.0,Never-married,Craft-repair,Not-in-family,White,Male,0.0,0.0,40.0,United-States,<=50K
24.0,Local-gov,201664.0,Some-college,10.0,Never-married,Protective-serv,Own-child,White,Male,0.0,0.0,40.0,United-States,<=50K
49.0,Local-gov,49275.0,HS-grad,9.0,Never-married,Craft-repair,Not-in-family,White,Male,0.0,0.0,50.0,United-States,<=50K
,Federal-gov,42251.0,Bachelors,13.0,Never-married,Prof-specialty,Not-in-family,White,Female,0.0,,30.0,United-States,<=50K
58.0,Private,52090.0,Prof-school,15.0,Divorced,Tech-support,Unmarried,White,,0.0,0.0,40.0,United-States,>50K
,Private,262024.0,HS-grad,9.0,Never-married,Other-service,Own-child,Black,Male,,0.0,38.0,United-States,<=50K
40.0,Private,139193.0,HS-grad,9.0,Divorced,Machine-op-inspct,Not-in-family,White,Male,0.0,1980.0,48.0,United-States,<=50K
71.0,Self-emp-not-inc,130436.0,1st-4th,2.0,Divorced,Craft-repair,Not-in-family,White,Female,0.0,0.0,28.0,United-States,<=50K
25.0,Private,462869.0,HS-grad,9.0,Never-married,Handlers-cleaners,Other-relative,White,Male,0.0,2389.4466063488135,40.0,Mexico,>50K
24.0,Private,177125.0,Some-college,,Married-civ-spouse,Transport-moving,Husband,White,Male,0.0,0.0,60.0,United-States,<=50K
45.0,Private,246891.0,Bachelors,13.0,Married-civ-spouse,Exec-managerial,Husband,White,Male,0.0,0.0,72.0,Canada,>50K
56.0,Private,192869.0,Masters,14.0,Married-civ-spouse,Craft-repair,Husband,White,Male,0.0,1977.0,44.0,United-States,>50K
27.0,Private,153291.0,Prof-school,15.0,Married-civ-spouse,Prof-specialty,Wife,White,Female,0.0,0.0,50.0,United-States,>50K
111.7819770088162,Private,85043.0,HS-grad,,Never-married,Farming-fishing,Not-in-family,White,,0.0,0.0,20.0,United-States,>50K
37.0,Private,188377.0,,,Never-married,Machine-op-inspct,Not-in-family,Black,Male,,0.0,40.0,United-States,<=50K
54.0,Private,163826.0,HS-grad,9.0,Never-married,Prof-specialty,Not-in-family,White,Male,0.0,0.0,40.0,United-States,<=50K
35.0,,133935.0,Some-college,10.0,Married-spouse-absent,Craft-repair,Not-in-family,,Male,0.0,0.0,40.0,United-States,<=50K
43.0,Local-gov,194360.0,Masters,14.0,Never-married,Prof-specialty,Not-in-family,White,Male,0.0,0.0,38.0,United-States,<=50K
44.0,Private,138975.0,HS-grad,9.0,,Transport-moving,Not-in-family,,Male,0.0,0.0,50.0,United-States,<=50K
55.0,Private,284095.0,HS-grad,9.0,Divorced,Sales,Not-in-family,White,Female,,0.0,37.0,United-States,<=50K
50.0,Private,137815.0,HS-grad,9.0,Married-civ-spouse,Transport-moving,Husband,White,Male,0.0,0.0,60.0,United-States,>50K
22.0,Private,442478.0,Some-college,10.0,Never-married,,Own-child,White,Male,0.0,0.0,20.0,United-States,<=50K
20.0,Private,482732.0,10th,6.0,Never-married,Machine-op-inspct,Not-in-family,White,Male,0.0,0.0,40.0,United-States,<=50K
20.0,Private,201729.0,Some-college,10.0,Never-married,,Own-child,White,Male,0.0,0.0,33.0,United-States,<=50K
33.0,Private,98168.0,HS-grad,9.0,Married-civ-spouse,Craft-repair,Husband,White,Male,0.0,0.0,30.0,United-States,>50K
25.0,Private,227465.0,HS-grad,,Never-married,Craft-repair,Own-child,White,Male,0.0,0.0,40.0,United-States,<=50K
63.0,Private,219337.0,,4.0,Married-civ-spouse,Craft-repair,,White,Male,3471.0,0.0,45.0,United-States,<=50K
24.0,Private,116788.0,Some-college,10.0,Married-civ-spouse,Other-service,,White,Male,0.0,0.0,40.0,United-States,<=50K
,Private,106961.0,HS-grad,9.0,Married-civ-spouse,Sales,Husband,White,,0.0,0.0,60.0,United-States,<=50K
28.0,Self-emp-not-inc,180928.0,HS-grad,9.0,Never-married,Exec-managerial,Own-child,White,Male,0.0,0.0,40.0,United-States,<=50K
48.0,Federal-gov,56482.0,10th,6.0,,Craft-repair,Not-in-family,Black,Male,0.0,0.0,40.0,United-States,<=50K
56.0,Self-emp-inc,187355.0,Some-college,10.0,Married-civ-spouse,Sales,Wife,White,Female,0.0,0.0,60.0,Canada,>50K
23.0,Private,215251.0,,10.0,Never-married,Other-service,Not-in-family,White,Female,0.0,0.0,55.0,United-States,<=50K
40.0,Private,225432.0,Some-college,10.0,Married-civ-spouse,Machine-op-inspct,Husband,White,,0.0,0.0,45.0,United-States,<=50K
40.0,,105862.0,Bachelors,13.0,Divorced,Prof-specialty,Unmarried,White,,5455.0,0.0,40.0,United-States,<=50K
38.0,Private,233194.0,HS-grad,9.0,Married-civ-spouse,Sales,Husband,Black,Male,0.0,0.0,40.0,United-States,>50K
42.0,Self-emp-inc,203233.0,Prof-school,,Married-civ-spouse,Prof-specialty,Husband,White,Male,99999.0,,99.0,United-States,>50K
46.0,State-gov,250821.0,Prof-school,15.0,Married-civ-spouse,Exec-managerial,Husband,White,Male,15024.0,0.0,40.0,United-States,>50K
17.0,Private,123335.0,10th,6.0,Never-married,Sales,Own-child,White,Female,0.0,0.0,20.0,United-States,<=50K
23.0,Private,237432.0,12th,8.0,Never-married,Other-service,Not-in-family,White,Male,0.0,0.0,60.0,United-States,<=50K
21.0,Private,138513.0,Some-college,,Never-married,Exec-managerial,Own-child,White,Male,0.0,0.0,25.0,United-States,<=50K
41.0,Local-gov,352056.0,Assoc-acdm,12.0,Never-married,Exec-managerial,Not-in-family,White,Male,0.0,0.0,40.0,United-States,<=50K
37.0,Private,305259.0,Assoc-acdm,,Divorced,Exec-managerial,Not-in-family,White,,0.0,0.0,48.0,United-States,<=50K
24.0,Self-emp-inc,165474.0,Bachelors,13.0,Never-married,Sales,Own-child,White,Male,0.0,0.0,40.0,United-States,<=50K
81.0,Private,114670.0,9th,,,Priv-house-serv,Not-in-family,Black,Female,2062.0,0.0,5.0,United-States,<=50K
,Private,125832.0,9th,5.0,Widowed,Machine-op-inspct,Not-in-family,White,Female,0.0,0.0,35.0,United-States,<=50K
44.0,Private,408717.0,HS-grad,9.0,Divorced,Sales,Not-in-family,White,Male,3674.0,0.0,50.0,United-States,<=50K
62.0,,312286.0,Prof-school,15.0,Divorced,Prof-specialty,Not-in-family,White,Female,0.0,0.0,35.0,United-States,<=50K
48.0,Private,344381.0,Bachelors,13.0,Married-civ-spouse,Prof-specialty,Husband,Asian-Pac-Islander,Male,0.0,0.0,42.0,United-States,>50K
47.0,Private,217750.0,HS-grad,9.0,Married-civ-spouse,Other-service,Wife,White,,0.0,0.0,35.0,United-States,<=50K
48.0,Private,162236.0,Bachelors,13.0,Divorced,Exec-managerial,Not-in-family,White,Female,0.0,0.0,50.0,United-States,>50K
19.0,Private,,HS-grad,9.0,Never-married,Other-service,Other-relative,Black,Male,0.0,0.0,40.0,United-States,<=50K
40.0,Private,140559.0,HS-grad,9.0,Widowed,Other-service,Unmarried,White,Female,0.0,0.0,,United-States,<=50K
22.0,Private,250647.0,Some-college,10.0,Never-married,,Own-child,White,Male,0.0,0.0,12.0,United-States,<=50K
51.0,Private,179646.0,HS-grad,9.0,Divorced,Adm-clerical,Unmarried,White,Female,0.0,0.0,40.0,United-States,<=50K
51.0,Local-gov,277024.0,HS-grad,9.0,Separated,Protective-serv,Not-in-family,Black,Male,0.0,0.0,40.0,United-States,<=50K
61.0,Local-gov,192085.0,HS-grad,9.0,Married-civ-spouse,Transport-moving,,White,Male,0.0,0.0,15.0,United-States,<=50K
22.0,Private,199555.0,HS-grad,9.0,,Transport-moving,Not-in-family,White,Male,0.0,0.0,48.0,,<=50K
24.0,Private,263498.0,11th,7.0,Never-married,Craft-repair,Not-in-family,White,Male,0.0,0.0,40.0,United-States,<=50K
34.0,Private,157446.0,HS-grad,9.0,Divorced,Craft-repair,,White,Male,0.0,0.0,45.0,United-States,<=50K
47.0,Self-emp-not-inc,59987.0,HS-grad,9.0,Married-civ-spouse,Transport-moving,Husband,White,Male,0.0,2002.0,42.0,United-States,<=50K
29.0,Private,205903.0,HS-grad,9.0,Never-married,Other-service,Own-child,White,Male,0.0,0.0,40.0,United-States,<=50K
31.0,Private,145791.0,Assoc-voc,11.0,Divorced,Tech-support,Unmarried,White,Female,0.0,0.0,40.0,United-States,<=50K
31.0,Private,96480.0,HS-grad,9.0,Never-married,Adm-clerical,Not-in-family,White,Female,0.0,0.0,50.0,,<=50K
54.0,Self-emp-not-inc,52634.0,Some-college,10.0,Married-civ-spouse,Sales,Husband,White,Male,0.0,0.0,40.0,United-States,<=50K
32.0,Private,,HS-grad,9.0,Never-married,Craft-repair,Own-child,White,Male,0.0,,40.0,United-States,<=50K
33.0,Local-gov,,Assoc-voc,,Married-civ-spouse,Craft-repair,Husband,White,,0.0,0.0,40.0,United-States,<=50K
42.0,Private,,Bachelors,13.0,Married-civ-spouse,,Husband,White,Male,99999.0,0.0,42.0,United-States,>50K
106.7819770088162,Private,190539.0,Bachelors,13.0,Never-married,,Not-in-family,White,Male,,0.0,50.0,United-States,>50K
,,270436.0,HS-grad,9.0,Never-married,Machine-op-inspct,Own-child,White,Male,0.0,0.0,40.0,United-States,<=50K
19.0,Private,100669.0,Assoc-voc,11.0,Never-married,Craft-repair,Own-child,Asian-Pac-Islander,Male,0.0,0.0,20.0,United-States,<=50K
120.7819770088162,Private,223548.0,7th-8th,4.0,Married-civ-spouse,Handlers-cleaners,Husband,White,Male,0.0,0.0,30.0,Mexico,>50K
39.0,Local-gov,,Some-college,10.0,Married-civ-spouse,Protective-serv,Husband,White,Male,0.0,0.0,40.0,United-States,>50K
31.0,Private,103573.0,Some-college,10.0,Married-civ-spouse,Other-service,Husband,White,Male,0.0,0.0,45.0,United-States,<=50K
24.0,Private,218415.0,11th,7.0,Separated,Handlers-cleaners,Other-relative,White,Female,0.0,0.0,40.0,United-States,<=50K
42.0,State-gov,214781.0,Bachelors,13.0,Never-married,Prof-specialty,Unmarried,White,Male,,1876.0,38.0,United-States,<=50K
58.0,Private,100960.0,9th,5.0,Married-civ-spouse,Handlers-cleaners,Husband,White,Male,0.0,0.0,40.0,United-States,<=50K
51.0,State-gov,42017.0,Some-college,10.0,Divorced,Prof-specialty,Not-in-family,White,Female,0.0,0.0,40.0,United-States,<=50K
47.0,Private,197702.0,Some-college,10.0,Married-civ-spouse,Craft-repair,Husband,White,Male,0.0,0.0,40.0,United-States,<=50K
25.0,Private,137367.0,Bachelors,13.0,Never-married,Sales,Unmarried,Asian-Pac-Islander,Male,0.0,0.0,44.0,Philippines,<=50K
22.0,Private,333910.0,Some-college,10.0,Never-married,Tech-support,Not-in-family,White,Female,0.0,0.0,43.0,United-States,<=50K
55.0,Local-gov,123382.0,Assoc-voc,11.0,Separated,Prof-specialty,Unmarried,,Female,0.0,0.0,35.0,United-States,<=50K
65.0,Self-emp-not-inc,144822.0,9th,5.0,Married-civ-spouse,Craft-repair,Husband,White,Male,0.0,0.0,45.0,United-States,<=50K
17.0,Private,34019.0,11th,7.0,Never-married,Other-service,Own-child,White,Male,0.0,0.0,20.0,United-States,<=50K
24.0,Private,198259.0,HS-grad,9.0,Never-married,Sales,,White,Female,0.0,0.0,30.0,United-States,<=50K
32.0,Private,248754.0,Some-college,10.0,Married-civ-spouse,Machine-op-inspct,,White,,0.0,0.0,40.0,United-States,<=50K
17.0,Private,141590.0,11th,7.0,Never-married,Priv-house-serv,Own-child,White,Female,0.0,0.0,12.0,United-States,<=50K
46.0,Self-emp-not-inc,256014.0,Assoc-voc,11.0,Married-civ-spouse,Exec-managerial,Husband,White,Male,0.0,0.0,60.0,United-States,<=50K
37.0,Private,31023.0,HS-grad,9.0,Married-civ-spouse,Craft-repair,Husband,White,Male,0.0,0.0,51.0,United-States,<=50K
55.0,Private,240988.0,9th,5.0,Married-civ-spouse,Machine-op-inspct,Other-relative,Asian-Pac-Islander,Male,0.0,0.0,,Philippines,<=50K
33.0,Private,205152.0,Assoc-voc,11.0,Never-married,,Not-in-family,White,Male,0.0,0.0,55.0,United-States,>50K
122.7819770088162,Private,104440.0,Bachelors,13.0,Married-civ-spouse,Exec-managerial,Husband,White,,0.0,0.0,40.0,United-States,<=50K
25.0,Self-emp-not-inc,263300.0,HS-grad,9.0,Never-married,Farming-fishing,Not-in-family,White,Male,0.0,0.0,50.0,United-States,<=50K
26.0,Private,118497.0,HS-grad,,Married-civ-spouse,Craft-repair,Husband,White,Male,0.0,0.0,60.0,United-States,<=50K
48.0,Self-emp-not-inc,90042.0,Some-college,10.0,Married-civ-spouse,Prof-specialty,Husband,White,Male,0.0,0.0,49.0,United-States,<=50K
54.0,Federal-gov,175083.0,HS-grad,9.0,,Adm-clerical,,,Female,0.0,0.0,20.0,United-States,<=50K
46.0,Private,224559.0,HS-grad,9.0,Married-civ-spouse,,,Black,Male,0.0,0.0,40.0,,<=50K
38.0,Private,180477.0,10th,6.0,Never-married,Other-service,Not-in-family,White,Male,0.0,,40.0,United-States,<=50K
41.0,Private,271282.0,11th,7.0,Divorced,Protective-serv,Not-in-family,White,Female,0.0,0.0,20.0,United-States,<=50K
44.0,Private,279183.0,Some-college,10.0,Married-civ-spouse,Other-service,Own-child,White,Female,0.0,0.0,40.0,United-States,>50K
39.0,Self-emp-not-inc,54022.0,Some-college,10.0,,Machine-op-inspct,Wife,White,Female,0.0,0.0,40.0,United-States,<=50K
44.0,Private,136986.0,Doctorate,16.0,Married-civ-spouse,Prof-specialty,Husband,White,Male,0.0,0.0,50.0,United-States,>50K
55.0,Private,359972.0,,13.0,Married-civ-spouse,Exec-managerial,Husband,White,Male,0.0,1887.0,40.0,United-States,>50K
33.0,State-gov,913447.0,Some-college,10.0,Divorced,Other-service,Unmarried,Black,Female,,0.0,40.0,United-States,<=50K
20.0,Private,283499.0,Some-college,10.0,Never-married,Transport-moving,Own-child,White,Male,0.0,0.0,30.0,United-States,<=50K
38.0,Local-gov,414791.0,Bachelors,13.0,Married-civ-spouse,Exec-managerial,Husband,White,Male,0.0,0.0,42.0,United-States,>50K
63.0,Private,43313.0,10th,6.0,Married-civ-spouse,Craft-repair,Husband,White,Male,0.0,0.0,40.0,United-States,<=50K
43.0,Private,122473.0,9th,5.0,Never-married,Machine-op-inspct,Unmarried,,Female,0.0,625.0,40.0,United-States,<=50K
30.0,Private,213226.0,Bachelors,13.0,Divorced,Sales,Not-in-family,White,Male,27828.0,0.0,40.0,United-States,>50K
18.0,Private,703067.0,11th,7.0,Never-married,Sales,Own-child,White,Male,0.0,0.0,20.0,United-States,<=50K
23.0,Private,224954.0,Some-college,10.0,,Machine-op-inspct,Own-child,White,Male,0.0,0.0,25.0,United-States,<=50K
61.0,Private,120939.0,Prof-school,15.0,,Transport-moving,Husband,White,Male,0.0,0.0,5.0,United-States,>50K
19.0,Private,143816.0,Some-college,10.0,Never-married,Machine-op-inspct,Other-relative,Black,Male,0.0,0.0,30.0,United-States,<=50K
53.0,Private,156612.0,12th,8.0,Divorced,Transport-moving,Not-in-family,White,Female,0.0,0.0,40.0,United-States,<=50K
43.0,Private,51494.0,HS-grad,9.0,Married-civ-spouse,Machine-op-inspct,Husband,White,Male,,0.0,65.0,United-States,<=50K
38.0,Private,60135.0,HS-grad,9.0,Never-married,Transport-moving,Not-in-family,White,Female,0.0,,40.0,United-States,<=50K
28.0,Private,249541.0,Some-college,10.0,Married-civ-spouse,Craft-repair,Husband,White,Male,0.0,0.0,40.0,United-States,<=50K
26.0,Private,,Bachelors,13.0,Never-married,Tech-support,Not-in-family,White,Male,0.0,,40.0,United-States,<=50K
,Private,108282.0,Bachelors,13.0,Married-civ-spouse,Exec-managerial,Husband,White,Male,0.0,,,United-States,>50K
68.0,Private,,HS-grad,9.0,Widowed,Exec-managerial,Not-in-family,,Female,0.0,0.0,10.0,United-States,>50K
34.0,Private,202498.0,12th,8.0,Married-civ-spouse,Other-service,Husband,White,Male,0.0,0.0,40.0,Dominican-Republic,<=50K
34.0,Private,32528.0,Assoc-voc,11.0,,Adm-clerical,Unmarried,White,Female,0.0,974.0,40.0,United-States,<=50K
41.0,Private,271753.0,Bachelors,13.0,Married-civ-spouse,Farming-fishing,,White,Male,0.0,0.0,40.0,United-States,<=50K
36.0,Private,148581.0,HS-grad,9.0,Married-civ-spouse,Craft-repair,Husband,White,Male,0.0,0.0,55.0,United-States,>50K
26.0,Private,33610.0,HS-grad,9.0,Never-married,Transport-moving,Own-child,White,Male,0.0,0.0,40.0,United-States,<=50K
25.0,Private,193051.0,HS-grad,9.0,Never-married,Exec-managerial,Own-child,White,Male,0.0,0.0,25.0,United-States,<=50K
49.0,State-gov,122066.0,Masters,14.0,Married-civ-spouse,Prof-specialty,Husband,White,Male,0.0,0.0,45.0,United-States,>50K
36.0,Private,307520.0,Bachelors,13.0,Married-civ-spouse,Exec-managerial,Wife,Asian-Pac-Islander,Female,0.0,0.0,40.0,Philippines,>50K
48.0,,349151.0,HS-grad,9.0,Married-civ-spouse,Craft-repair,Husband,White,,0.0,0.0,40.0,United-States,<=50K
58.0,Private,95835.0,Some-college,10.0,Married-civ-spouse,Tech-support,Husband,,Male,0.0,0.0,36.0,United-States,<=50K
33.0,Private,101345.0,HS-grad,,Married-civ-spouse,Exec-managerial,Wife,White,Female,0.0,0.0,42.0,Canada,>50K
21.0,Private,100345.0,HS-grad,9.0,Never-married,Machine-op-inspct,Own-child,White,Male,0.0,0.0,40.0,United-States,<=50K
64.0,Private,21174.0,,9.0,Married-civ-spouse,Exec-managerial,Husband,White,Male,0.0,0.0,40.0,United-States,>50K
29.0,,95465.0,HS-grad,9.0,Never-married,Tech-support,Not-in-family,White,Male,0.0,0.0,42.0,United-States,<=50K
40.0,Private,367533.0,Some-college,10.0,Married-civ-spouse,Machine-op-inspct,Husband,White,Male,2580.0,0.0,40.0,United-States,<=50K
20.0,State-gov,177787.0,,10.0,Never-married,Other-service,Own-child,White,Female,,0.0,20.0,United-States,<=50K
40.0,,436493.0,HS-grad,9.0,,Other-service,Own-child,White,Male,,0.0,25.0,United-States,<=50K
56.0,Private,128764.0,7th-8th,4.0,Widowed,Transport-moving,Not-in-family,White,Male,0.0,0.0,20.0,United-States,<=50K
47.0,Self-emp-not-inc,479611.0,Bachelors,13.0,Divorced,Sales,Not-in-family,White,,,0.0,50.0,United-States,<=50K
25.0,Private,140669.0,Bachelors,13.0,Never-married,Prof-specialty,Not-in-family,White,Female,0.0,0.0,40.0,United-States,<=50K
32.0,,156192.0,HS-grad,9.0,Never-married,Other-service,Own-child,White,Male,0.0,0.0,20.0,United-States,<=50K
51.0,Private,152810.0,HS-grad,9.0,Married-civ-spouse,Prof-specialty,Husband,White,Male,0.0,0.0,40.0,United-States,>50K
33.0,Private,160614.0,Some-college,10.0,,Exec-managerial,Husband,White,Male,0.0,0.0,50.0,United-States,<=50K
25.0,,169905.0,Some-college,10.0,Married-civ-spouse,Farming-fishing,Husband,White,Male,0.0,0.0,40.0,United-States,<=50K
55.0,Private,210318.0,HS-grad,,Married-civ-spouse,Farming-fishing,Husband,White,Male,0.0,0.0,40.0,United-States,<=50K
54.0,State-gov,88528.0,Masters,14.0,Never-married,Prof-specialty,Unmarried,White,Female,0.0,0.0,37.0,United-States,<=50K
26.0,Private,-498693.9330611756,Bachelors,13.0,Never-married,Prof-specialty,Unmarried,Black,Female,0.0,0.0,35.0,United-States,>50K
26.0,State-gov,177035.0,11th,7.0,Divorced,Other-service,Unmarried,White,Female,0.0,0.0,40.0,,<=50K
53.0,,278114.0,7th-8th,4.0,Married-civ-spouse,Exec-managerial,Husband,White,Male,0.0,,40.0,United-States,>50K
22.0,Private,279901.0,HS-grad,9.0,Married-civ-spouse,Other-service,Own-child,Black,Male,0.0,0.0,40.0,United-States,<=50K
57.0,,,11th,7.0,Married-civ-spouse,Sales,Husband,White,Male,0.0,0.0,,United-States,<=50K
,Federal-gov,311671.0,Assoc-voc,11.0,Married-civ-spouse,Protective-serv,Husband,White,Male,3908.0,0.0,40.0,United-States,<=50K
49.0,Private,196571.0,Bachelors,13.0,Married-civ-spouse,Sales,Husband,White,Male,0.0,0.0,45.0,United-States,>50K
-42.7819770088162,Private,41017.0,Some-college,10.0,Married-civ-spouse,Exec-managerial,Husband,White,Male,,,52.0,United-States,<=50K
26.0,Private,198801.0,HS-grad,9.0,Married-civ-spouse,Craft-repair,Husband,White,Male,0.0,0.0,45.0,United-States,<=50K
,Self-emp-not-inc,107231.0,Bachelors,13.0,Divorced,Prof-specialty,Not-in-family,White,Male,0.0,0.0,45.0,France,<=50K
73.0,Private,157248.0,HS-grad,9.0,Widowed,Adm-clerical,Not-in-family,White,Female,0.0,0.0,20.0,United-States,<=50K
36.0,Private,93225.0,11th,,Married-civ-spouse,Machine-op-inspct,Husband,White,Male,0.0,0.0,40.0,United-States,<=50K
34.0,Private,357145.0,Bachelors,13.0,Married-civ-spouse,Prof-specialty,Wife,White,Female,0.0,0.0,50.0,United-States,>50K
33.0,,161745.0,Assoc-voc,11.0,Married-civ-spouse,Farming-fishing,Husband,White,Male,0.0,0.0,45.0,United-States,<=50K
25.0,Private,190650.0,Bachelors,13.0,Never-married,,Own-child,Asian-Pac-Islander,Male,0.0,0.0,40.0,Taiwan,<=50K
49.0,Private,128736.0,Bachelors,13.0,Never-married,,Unmarried,White,Female,0.0,0.0,40.0,United-States,<=50K
68.0,State-gov,740305.9330611756,Masters,14.0,Divorced,,Not-in-family,White,Female,0.0,0.0,20.0,United-States,>50K
41.0,Private,268183.0,Prof-school,15.0,,Prof-specialty,Husband,White,Male,0.0,0.0,45.0,United-States,>50K
,Self-emp-not-inc,172034.0,HS-grad,9.0,Married-civ-spouse,Sales,Husband,White,Male,0.0,0.0,75.0,United-States,>50K
53.0,Self-emp-not-inc,33304.0,Prof-school,15.0,Married-civ-spouse,Prof-specialty,Husband,White,Male,0.0,0.0,38.0,United-States,>50K
27.0,State-gov,136077.0,Bachelors,13.0,Never-married,Prof-specialty,Not-in-family,White,Male,0.0,0.0,40.0,United-States,<=50K
23.0,Private,398130.0,HS-grad,,Divorced,Sales,Not-in-family,White,Male,0.0,0.0,96.0,United-States,<=50K
32.0,,,Some-college,10.0,Never-married,Craft-repair,,White,Male,0.0,0.0,40.0,United-States,<=50K
33.0,Private,189368.0,Some-college,10.0,Married-civ-spouse,Transport-moving,Husband,Black,Male,0.0,0.0,,United-States,>50K
46.0,Private,155890.0,Bachelors,13.0,Married-civ-spouse,Transport-moving,Husband,White,Male,0.0,0.0,,United-States,>50K
41.0,Private,111891.0,HS-grad,9.0,Separated,Machine-op-inspct,Other-relative,Black,Female,0.0,0.0,40.0,United-States,<=50K
43.0,Private,71738.0,Some-college,10.0,Married-civ-spouse,Craft-repair,Husband,White,Male,0.0,0.0,40.0,United-States,>50K
37.0,Private,122889.0,Doctorate,16.0,Married-civ-spouse,,Husband,Asian-Pac-Islander,Male,7298.0,,40.0,Taiwan,>50K
25.0,,391591.0,12th,8.0,Never-married,Craft-repair,Not-in-family,White,Male,0.0,0.0,40.0,United-States,<=50K
,Private,114765.0,Bachelors,13.0,Divorced,Sales,Not-in-family,White,Female,0.0,0.0,40.0,United-States,<=50K
35.0,Private,169672.0,Some-college,10.0,Married-civ-spouse,Craft-repair,Husband,White,Male,0.0,0.0,40.0,United-States,<=50K
24.0,,,HS-grad,9.0,Never-married,Adm-clerical,Own-child,White,Female,0.0,0.0,40.0,United-States,<=50K
27.0,Private,249382.0,HS-grad,9.0,Divorced,Other-service,Unmarried,,Female,0.0,0.0,40.0,United-States,<=50K
20.0,Private,61777.0,Some-college,10.0,Married-civ-spouse,,Husband,White,Male,0.0,0.0,30.0,United-States,<=50K
19.0,Private,266255.0,HS-grad,9.0,Never-married,Sales,Own-child,White,Female,0.0,0.0,40.0,United-States,<=50K
20.0,Private,225395.0,7th-8th,4.0,Never-married,Machine-op-inspct,Other-relative,White,Female,0.0,0.0,60.0,Mexico,<=50K
50.0,Private,138852.0,Masters,14.0,Married-civ-spouse,Exec-managerial,Husband,White,Male,15024.0,0.0,50.0,United-States,>50K
58.0,,109567.0,Doctorate,16.0,Married-civ-spouse,Prof-specialty,Husband,White,Male,,0.0,1.0,United-States,>50K
36.0,Private,281021.0,HS-grad,9.0,Never-married,,Not-in-family,White,Male,0.0,0.0,45.0,United-States,<=50K
35.0,Self-emp-not-inc,45880.0,Bachelors,13.0,Married-civ-spouse,Sales,Husband,White,Male,0.0,0.0,40.0,United-States,<=50K
20.0,Private,333505.0,HS-grad,9.0,Never-married,Adm-clerical,,White,,0.0,0.0,30.0,Nicaragua,<=50K
47.0,,149337.0,,24.4862381985065,Divorced,Adm-clerical,Unmarried,White,Male,0.0,0.0,38.0,United-States,>50K
49.0,Private,98010.0,Bachelors,13.0,Divorced,Prof-specialty,Not-in-family,White,Female,0.0,0.0,50.0,United-States,<=50K
56.0,Federal-gov,97213.0,Bachelors,13.0,Never-married,Adm-clerical,Not-in-family,,Female,0.0,0.0,60.0,United-States,<=50K
52.0,Private,305090.0,Some-college,10.0,Separated,Sales,Other-relative,White,Female,0.0,0.0,55.0,United-States,<=50K
,Private,179671.0,,5.0,Married-civ-spouse,Handlers-cleaners,Husband,White,Male,0.0,0.0,50.0,United-States,<=50K
55.0,Self-emp-inc,87584.0,HS-grad,9.0,Married-civ-spouse,Adm-clerical,Wife,White,Female,0.0,0.0,10.0,United-States,<=50K
53.0,Private,185407.0,HS-grad,9.0,Married-civ-spouse,Handlers-cleaners,Husband,White,Male,0.0,0.0,40.0,United-States,>50K
24.0,Private,176566.0,Assoc-acdm,12.0,Married-civ-spouse,Prof-specialty,Wife,White,Female,3103.0,0.0,40.0,,>50K
64.0,Private,134378.0,,14.0,Married-civ-spouse,Exec-managerial,Husband,White,Male,0.0,0.0,50.0,United-States,>50K
24.0,Private,146706.0,Some-college,10.0,Never-married,Other-service,Not-in-family,,Female,0.0,0.0,30.0,United-States,<=50K
79.0,Private,160758.0,7th-8th,4.0,Married-civ-spouse,Sales,Husband,White,Male,0.0,0.0,15.0,United-States,<=50K
36.0,Local-gov,403681.0,Bachelors,13.0,Married-civ-spouse,Prof-specialty,Husband,White,,,0.0,40.0,United-States,>50K
49.0,Private,99340.0,5th-6th,3.0,Separated,Machine-op-inspct,Unmarried,White,Female,0.0,0.0,40.0,Dominican-Republic,<=50K
46.0,State-gov,106705.0,Some-college,10.0,Divorced,Prof-specialty,Unmarried,White,Female,1506.0,0.0,50.0,United-States,<=50K
28.0,Private,183802.0,HS-grad,9.0,Married-civ-spouse,Transport-moving,Husband,White,Male,0.0,0.0,55.0,United-States,<=50K
40.0,Private,70761.0,Assoc-acdm,12.0,Never-married,Tech-support,Not-in-family,Black,Male,0.0,0.0,40.0,United-States,<=50K
44.0,Private,210525.0,Bachelors,13.0,Married-civ-spouse,Prof-specialty,,White,Male,0.0,0.0,40.0,United-States,>50K
67.0,Self-emp-not-inc,178878.0,,4.0,Married-civ-spouse,Farming-fishing,Husband,White,Male,,0.0,12.0,United-States,<=50K
51.0,Self-emp-not-inc,136836.0,Assoc-acdm,12.0,Divorced,Transport-moving,Unmarried,Black,Female,0.0,0.0,102.63219978905336,United-States,>50K
56.0,State-gov,68658.0,Some-college,10.0,Married-civ-spouse,Exec-managerial,Husband,,Male,-47889.20366261097,0.0,40.0,United-States,<=50K
30.0,Private,36383.0,Bachelors,13.0,Married-civ-spouse,Sales,Husband,White,Male,0.0,0.0,40.0,Mexico,>50K
52.0,Private,,Some-college,10.0,,Exec-managerial,Not-in-family,White,Male,0.0,0.0,60.0,United-States,<=50K
47.0,Private,107682.0,HS-grad,9.0,Divorced,Adm-clerical,Unmarried,White,Female,0.0,0.0,48.0,United-States,<=50K
42.0,Private,288154.0,Some-college,10.0,Married-civ-spouse,Craft-repair,Husband,White,Male,0.0,0.0,89.0,United-States,>50K
30.0,Private,34574.0,Masters,14.0,Married-civ-spouse,Prof-specialty,Husband,White,Male,0.0,0.0,50.0,United-States,<=50K
44.0,Local-gov,56651.0,Bachelors,13.0,Married-civ-spouse,Exec-managerial,Husband,White,Male,0.0,0.0,52.0,United-States,<=50K
26.0,Private,108658.0,HS-grad,9.0,Never-married,Craft-repair,Not-in-family,White,Male,0.0,0.0,40.0,United-States,<=50K
47.0,Private,189680.0,7th-8th,4.0,Married-civ-spouse,Craft-repair,,White,Male,0.0,0.0,40.0,Italy,>50K
43.0,Private,118536.0,HS-grad,9.0,Divorced,Machine-op-inspct,Other-relative,Black,Male,0.0,0.0,40.0,United-States,<=50K
42.0,Federal-gov,,HS-grad,9.0,,Adm-clerical,Unmarried,Black,Female,0.0,,40.0,United-States,<=50K
36.0,Self-emp-not-inc,66883.0,Some-college,10.0,Married-civ-spouse,Craft-repair,Husband,White,Male,0.0,0.0,60.0,United-States,<=50K
44.0,,216411.0,Assoc-voc,11.0,Separated,Prof-specialty,Not-in-family,White,Female,0.0,0.0,40.0,Dominican-Republic,<=50K
57.0,Self-emp-not-inc,24473.0,Assoc-voc,11.0,Married-civ-spouse,Craft-repair,Husband,White,Male,0.0,0.0,40.0,United-States,>50K
58.0,Private,192806.0,7th-8th,4.0,Never-married,Handlers-cleaners,Not-in-family,White,Female,0.0,,33.0,United-States,<=50K
21.0,Private,,Some-college,10.0,Never-married,Adm-clerical,Not-in-family,,Female,0.0,0.0,38.0,United-States,<=50K
57.0,Private,-508495.9330611756,Masters,14.0,Separated,,Not-in-family,White,Male,10520.0,0.0,32.0,United-States,<=50K
22.0,Private,125010.0,Assoc-voc,11.0,Never-married,Priv-house-serv,Not-in-family,,Female,0.0,0.0,30.0,United-States,<=50K
35.0,Private,193026.0,Bachelors,13.0,Married-civ-spouse,Sales,Husband,White,Male,0.0,0.0,45.0,United-States,>50K
34.0,Private,111589.0,10th,6.0,Never-married,Other-service,Unmarried,Black,Female,0.0,0.0,40.0,Jamaica,<=50K
52.0,Self-emp-not-inc,168553.0,7th-8th,4.0,Married-civ-spouse,Transport-moving,Husband,White,Male,0.0,0.0,40.0,United-States,<=50K
31.0,Private,35985.0,HS-grad,9.0,Married-civ-spouse,Craft-repair,Husband,White,Male,0.0,0.0,40.0,,<=50K
,State-gov,90803.0,Some-college,10.0,Married-civ-spouse,Adm-clerical,Husband,White,Male,0.0,0.0,40.0,United-States,<=50K
45.0,Private,178922.0,HS-grad,9.0,Never-married,Sales,Not-in-family,White,Female,0.0,0.0,20.0,United-States,<=50K
41.0,Local-gov,112797.0,,14.0,Divorced,Prof-specialty,Unmarried,White,Female,0.0,0.0,60.0,United-States,<=50K
36.0,,123983.0,Bachelors,13.0,Married-civ-spouse,Prof-specialty,Husband,Asian-Pac-Islander,Male,0.0,0.0,55.0,Japan,>50K
30.0,,167990.0,Prof-school,15.0,Married-civ-spouse,Prof-specialty,Husband,White,Male,0.0,0.0,60.0,United-States,>50K
32.0,,184833.0,10th,6.0,Separated,Craft-repair,Unmarried,White,Female,0.0,0.0,40.0,United-States,<=50K
80.0,Local-gov,20101.0,HS-grad,9.0,Widowed,Other-service,Unmarried,Amer-Indian-Eskimo,Female,0.0,0.0,,United-States,<=50K
42.0,Private,194636.0,HS-grad,9.0,Married-civ-spouse,Sales,Husband,White,Male,0.0,,40.0,United-States,<=50K
72.0,Self-emp-inc,84587.0,5th-6th,3.0,Married-civ-spouse,Exec-managerial,Husband,Asian-Pac-Islander,Male,-47889.20366261097,0.0,20.0,Japan,>50K
45.0,Private,161819.0,11th,22.4862381985065,Separated,Adm-clerical,Unmarried,Black,Female,0.0,,25.0,,>50K
37.0,,30529.0,,13.0,Married-civ-spouse,Sales,Husband,White,Male,0.0,2415.0,50.0,United-States,>50K
62.0,Private,136314.0,Some-college,10.0,Married-civ-spouse,Adm-clerical,Wife,White,Female,0.0,0.0,40.0,United-States,<=50K
33.0,Private,174463.0,HS-grad,9.0,Never-married,Craft-repair,Own-child,White,,0.0,0.0,35.0,United-States,<=50K
47.0,Private,117849.0,Assoc-acdm,12.0,,Sales,,White,Male,0.0,0.0,44.0,United-States,<=50K
36.0,Private,34364.0,Assoc-acdm,12.0,Separated,Tech-support,Not-in-family,White,Female,0.0,0.0,3.0,United-States,<=50K
42.0,Federal-gov,125461.0,Assoc-voc,11.0,Divorced,Exec-managerial,Unmarried,White,Male,0.0,323.0,40.0,United-States,<=50K
29.0,Private,185386.0,5th-6th,3.0,Never-married,Handlers-cleaners,Not-in-family,White,Male,0.0,0.0,,Mexico,<=50K
35.0,Private,186420.0,Bachelors,13.0,Never-married,Exec-managerial,Not-in-family,White,Female,0.0,0.0,55.0,United-States,<=50K
52.0,Local-gov,152795.0,Some-college,10.0,Married-civ-spouse,Craft-repair,Husband,White,Male,0.0,0.0,40.0,United-States,<=50K
17.0,Private,167658.0,12th,8.0,Never-married,Sales,Own-child,White,Female,0.0,0.0,6.0,United-States,<=50K
24.0,Private,354691.0,12th,,Never-married,Craft-repair,Not-in-family,White,Male,0.0,0.0,,United-States,<=50K
36.0,Private,48855.0,,14.0,Married-civ-spouse,Prof-specialty,Husband,White,Male,0.0,0.0,38.0,United-States,>50K
37.0,Self-emp-inc,126569.0,Bachelors,13.0,Married-civ-spouse,Craft-repair,Husband,White,Male,0.0,0.0,60.0,United-States,<=50K
23.0,Local-gov,250165.0,Bachelors,13.0,Never-married,Prof-specialty,Own-child,White,Female,594.0,0.0,40.0,United-States,<=50K
39.0,Private,80004.0,HS-grad,9.0,Married-civ-spouse,Handlers-cleaners,Husband,White,Male,0.0,0.0,40.0,United-States,<=50K
52.0,,176409.0,Bachelors,13.0,Divorced,Adm-clerical,Not-in-family,White,Female,0.0,0.0,40.0,United-States,<=50K
30.0,Self-emp-inc,204470.0,Some-college,10.0,Married-civ-spouse,Exec-managerial,Husband,,Male,0.0,0.0,36.0,United-States,>50K
36.0,Private,152307.0,HS-grad,9.0,Married-civ-spouse,Machine-op-inspct,Husband,White,Male,0.0,0.0,,United-States,<=50K
19.0,Private,209826.0,Some-college,10.0,,Sales,Own-child,White,Female,0.0,0.0,15.0,United-States,<=50K
25.0,Private,122175.0,HS-grad,9.0,Never-married,Handlers-cleaners,,White,Male,0.0,,40.0,United-States,<=50K
68.0,Private,73773.0,HS-grad,9.0,Widowed,Sales,Not-in-family,White,Female,0.0,0.0,24.0,United-States,<=50K
37.0,Private,264700.0,HS-grad,9.0,Married-civ-spouse,Tech-support,Wife,Black,,,0.0,35.0,United-States,<=50K
60.0,Private,117909.0,Assoc-voc,11.0,Married-civ-spouse,Prof-specialty,Husband,White,Male,7688.0,0.0,40.0,United-States,>50K
61.0,Self-emp-not-inc,243019.0,Preschool,1.0,Married-civ-spouse,Craft-repair,Husband,White,Male,0.0,0.0,40.0,United-States,<=50K
72.0,Self-emp-not-inc,207889.0,7th-8th,4.0,Married-civ-spouse,Farming-fishing,Husband,White,Male,0.0,0.0,50.0,United-States,<=50K
29.0,Private,53271.0,Bachelors,13.0,Married-civ-spouse,Exec-managerial,Husband,White,Male,0.0,0.0,40.0,United-States,>50K
41.0,Private,408229.0,Some-college,10.0,Never-married,Adm-clerical,Not-in-family,White,Male,0.0,0.0,15.0,United-States,<=50K
23.0,,,Some-college,10.0,Divorced,Exec-managerial,Unmarried,White,Female,0.0,0.0,25.0,United-States,<=50K
24.0,,44159.0,12th,8.0,Never-married,,Other-relative,Other,Male,,0.0,40.0,Dominican-Republic,<=50K
26.0,Private,101812.0,HS-grad,9.0,Never-married,,Unmarried,White,,5721.0,0.0,40.0,United-States,<=50K
19.0,Private,318002.0,HS-grad,9.0,Never-married,Adm-clerical,Own-child,White,Male,0.0,0.0,40.0,,<=50K
57.0,Private,158827.0,HS-grad,9.0,Separated,Craft-repair,Unmarried,White,Male,0.0,0.0,40.0,United-States,<=50K
25.0,Private,165315.0,HS-grad,9.0,Divorced,Sales,Unmarried,White,Female,,0.0,,United-States,<=50K
40.0,Private,54102.0,,10.0,Divorced,Sales,Not-in-family,White,Female,0.0,0.0,20.0,United-States,<=50K
20.0,,181761.0,HS-grad,9.0,Never-married,Adm-clerical,Own-child,White,Female,0.0,0.0,40.0,United-States,<=50K
27.0,Private,660870.0,Bachelors,13.0,Never-married,Prof-specialty,Not-in-family,White,Female,0.0,0.0,60.0,United-States,<=50K
41.0,Private,206139.0,HS-grad,9.0,Married-civ-spouse,Sales,Husband,White,Male,0.0,0.0,40.0,United-States,>50K
56.0,Private,126677.0,HS-grad,9.0,Married-civ-spouse,Machine-op-inspct,Husband,White,,-44786.20366261097,0.0,40.0,United-States,<=50K
47.0,Private,215686.0,HS-grad,9.0,Married-civ-spouse,Craft-repair,Husband,Black,Male,0.0,0.0,50.0,United-States,<=50K
42.0,Private,,,14.0,Married-civ-spouse,Prof-specialty,Husband,Asian-Pac-Islander,Male,0.0,0.0,40.0,Taiwan,>50K
28.0,Private,,HS-grad,9.0,,Craft-repair,Husband,White,Male,0.0,0.0,40.0,United-States,<=50K
46.0,Federal-gov,44706.0,Bachelors,13.0,Divorced,Prof-specialty,Unmarried,White,Female,0.0,0.0,50.0,United-States,>50K
42.0,Private,54102.0,Assoc-voc,11.0,,Adm-clerical,Unmarried,White,Female,0.0,,40.0,United-States,<=50K
29.0,Private,192237.0,Some-college,10.0,Never-married,Sales,Not-in-family,White,Male,0.0,0.0,40.0,United-States,<=50K
50.0,Private,73493.0,Some-college,10.0,Divorced,Other-service,Not-in-family,White,Female,0.0,0.0,40.0,United-States,<=50K
38.0,Local-gov,115076.0,,14.0,Married-civ-spouse,Exec-managerial,Husband,White,,0.0,0.0,70.0,United-States,>50K
19.0,Private,178811.0,HS-grad,9.0,Never-married,Machine-op-inspct,Own-child,Black,Female,0.0,0.0,40.0,United-States,<=50K
51.0,Self-emp-not-inc,107096.0,HS-grad,9.0,Married-civ-spouse,Farming-fishing,,White,Male,0.0,0.0,50.0,,<=50K
19.0,Private,323054.0,HS-grad,9.0,Never-married,Sales,Not-in-family,Asian-Pac-Islander,Male,0.0,0.0,30.0,United-States,<=50K
31.0,Self-emp-not-inc,36592.0,HS-grad,9.0,Married-civ-spouse,Farming-fishing,Husband,White,Male,0.0,,91.0,United-States,<=50K
72.0,Private,181494.0,HS-grad,9.0,Widowed,Other-service,Unmarried,White,Female,0.0,0.0,25.0,United-States,<=50K
69.0,Self-emp-not-inc,92472.0,10th,6.0,Married-spouse-absent,Farming-fishing,Not-in-family,White,Male,,0.0,45.0,United-States,<=50K
46.0,Private,44671.0,Bachelors,13.0,Married-civ-spouse,Protective-serv,Husband,White,Male,0.0,0.0,40.0,United-States,<=50K
45.0,Federal-gov,98320.0,Some-college,10.0,Divorced,Adm-clerical,Unmarried,Asian-Pac-Islander,Female,914.0,0.0,40.0,,<=50K
24.0,Private,183751.0,11th,7.0,Married-civ-spouse,Craft-repair,Husband,White,Male,0.0,0.0,65.0,United-States,<=50K
26.0,Private,483822.0,7th-8th,4.0,Never-married,Handlers-cleaners,Unmarried,White,Male,0.0,0.0,40.0,Guatemala,<=50K
19.0,Private,372483.0,Some-college,10.0,Never-married,Other-service,Other-relative,Black,Male,0.0,0.0,35.0,United-States,<=50K
20.0,Private,434710.0,Some-college,10.0,Never-married,Adm-clerical,Not-in-family,White,,0.0,0.0,,United-States,<=50K
61.0,,36671.0,HS-grad,9.0,Married-civ-spouse,Farming-fishing,Husband,White,Male,0.0,2352.0,50.0,United-States,<=50K
29.0,Private,149324.0,Some-college,10.0,Married-civ-spouse,Craft-repair,Husband,White,Male,0.0,1485.0,40.0,United-States,>50K
30.0,Private,178841.0,Bachelors,13.0,Never-married,Exec-managerial,,White,Female,0.0,0.0,40.0,United-States,<=50K
43.0,,163434.0,Bachelors,13.0,Married-civ-spouse,Protective-serv,Husband,White,Male,0.0,0.0,55.0,United-States,>50K
23.0,Private,207415.0,Bachelors,13.0,Never-married,Exec-managerial,Own-child,White,Female,0.0,0.0,15.0,United-States,<=50K
40.0,,-471204.9330611756,HS-grad,9.0,Divorced,Craft-repair,Unmarried,White,Male,0.0,0.0,40.0,United-States,>50K
39.0,Private,168894.0,Bachelors,13.0,Divorced,Adm-clerical,Unmarried,White,Female,0.0,0.0,92.63219978905336,United-States,>50K
53.0,Private,162796.0,HS-grad,9.0,Married-civ-spouse,Machine-op-inspct,Husband,Amer-Indian-Eskimo,Male,0.0,0.0,40.0,United-States,<=50K
36.0,Self-emp-not-inc,150371.0,HS-grad,9.0,Never-married,,,White,Male,0.0,0.0,,United-States,<=50K
35.0,Private,289106.0,Assoc-acdm,12.0,Separated,Sales,Unmarried,White,Male,0.0,0.0,,United-States,<=50K
38.0,Private,342448.0,Some-college,10.0,Married-civ-spouse,Exec-managerial,Husband,White,Male,0.0,2389.4466063488135,55.0,,<=50K
35.0,Private,48779.0,HS-grad,9.0,Married-civ-spouse,Farming-fishing,Husband,White,Male,,0.0,35.0,United-States,<=50K
,Private,,Bachelors,13.0,Married-civ-spouse,Sales,Husband,White,Male,0.0,0.0,50.0,United-States,>50K
29.0,Private,31166.0,HS-grad,9.0,Divorced,Prof-specialty,Not-in-family,Other,Female,0.0,0.0,30.0,,<=50K
21.0,Private,204160.0,Some-college,10.0,Never-married,Sales,Own-child,White,Female,,0.0,13.0,United-States,<=50K
20.0,Private,219262.0,11th,7.0,Never-married,Craft-repair,Not-in-family,White,Male,0.0,0.0,60.0,United-States,<=50K
53.0,Private,123092.0,HS-grad,9.0,Widowed,Machine-op-inspct,Not-in-family,White,Female,0.0,0.0,40.0,,<=50K
19.0,Private,187724.0,Some-college,10.0,Never-married,Other-service,Own-child,White,Female,0.0,0.0,25.0,United-States,<=50K
36.0,Private,605502.0,10th,6.0,Never-married,Transport-moving,Not-in-family,Black,Female,0.0,0.0,40.0,United-States,<=50K
21.0,Private,270043.0,Some-college,10.0,Never-married,Other-service,Own-child,White,Female,,0.0,16.0,United-States,<=50K
31.0,Private,246439.0,Some-college,10.0,Married-civ-spouse,Craft-repair,Husband,White,,0.0,0.0,45.0,United-States,<=50K
22.0,Private,279802.0,Some-college,10.0,Never-married,Adm-clerical,Own-child,White,Female,0.0,0.0,40.0,United-States,<=50K
41.0,Private,124639.0,Some-college,10.0,Separated,Craft-repair,Not-in-family,Black,,0.0,0.0,40.0,United-States,<=50K
48.0,Private,64479.0,Bachelors,13.0,Divorced,Exec-managerial,Not-in-family,White,Male,0.0,0.0,47.0,United-States,<=50K
22.0,Private,311376.0,Bachelors,13.0,Never-married,Adm-clerical,Own-child,White,Female,0.0,0.0,40.0,United-States,<=50K
30.0,Private,123291.0,Some-college,10.0,Separated,Machine-op-inspct,,White,Male,0.0,0.0,40.0,United-States,<=50K
34.0,Private,248584.0,HS-grad,9.0,Never-married,Craft-repair,Not-in-family,White,Male,0.0,0.0,55.0,United-States,<=50K
22.0,Private,97508.0,HS-grad,9.0,Never-married,Other-service,Own-child,White,Male,0.0,0.0,50.0,United-States,<=50K
54.0,Private,183248.0,HS-grad,9.0,Divorced,Transport-moving,Not-in-family,Black,Male,0.0,0.0,40.0,United-States,<=50K
52.0,Private,74024.0,Masters,29.4862381985065,Married-civ-spouse,Prof-specialty,Husband,White,Male,0.0,0.0,45.0,United-States,<=50K
50.0,Private,107665.0,Some-college,10.0,Married-civ-spouse,Sales,Husband,White,,0.0,,40.0,United-States,>50K
50.0,Private,102346.0,Bachelors,13.0,Married-civ-spouse,Exec-managerial,Wife,White,Female,0.0,2415.0,,United-States,>50K
22.0,Private,215074.0,Some-college,10.0,Married-civ-spouse,Other-service,,,Male,0.0,0.0,40.0,United-States,<=50K
39.0,Private,262841.0,,9.0,Married-civ-spouse,Exec-managerial,Husband,White,Male,0.0,0.0,50.0,United-States,>50K
35.0,Local-gov,91124.0,Bachelors,13.0,Never-married,Exec-managerial,Not-in-family,White,Male,,0.0,40.0,United-States,<=50K
28.0,Private,203776.0,HS-grad,9.0,Married-civ-spouse,Craft-repair,,White,Male,0.0,0.0,45.0,Poland,<=50K
40.0,Private,27766.0,Masters,14.0,Married-civ-spouse,Sales,Husband,White,Male,,0.0,40.0,United-States,<=50K
41.0,Private,149576.0,Some-college,10.0,Married-civ-spouse,Craft-repair,Husband,White,Male,0.0,0.0,40.0,United-States,>50K
30.0,Private,297155.0,Some-college,10.0,Divorced,Adm-clerical,Unmarried,Black,Female,0.0,0.0,40.0,United-States,<=50K
34.0,Private,,7th-8th,4.0,Married-civ-spouse,Transport-moving,Husband,White,Male,0.0,0.0,40.0,United-States,<=50K
,Private,193090.0,HS-grad,9.0,Never-married,Sales,Not-in-family,White,Female,0.0,0.0,,United-States,<=50K
22.0,Private,293136.0,Some-college,10.0,Never-married,Other-service,Own-child,White,Female,,0.0,30.0,United-States,<=50K
47.0,Local-gov,285060.0,Masters,14.0,Married-civ-spouse,Exec-managerial,Husband,White,Male,0.0,1977.0,41.0,United-States,>50K
41.0,Self-emp-inc,423217.0,Bachelors,13.0,,Exec-managerial,Not-in-family,White,,0.0,0.0,50.0,United-States,<=50K
29.0,Private,376680.0,HS-grad,9.0,Never-married,Tech-support,Own-child,Black,Male,,0.0,40.0,United-States,<=50K
47.0,Private,239439.0,11th,7.0,Married-civ-spouse,Machine-op-inspct,Wife,Black,Female,0.0,,40.0,United-States,<=50K
29.0,Private,29732.0,Bachelors,13.0,Married-civ-spouse,Prof-specialty,Wife,White,Female,,0.0,24.0,United-States,<=50K
27.0,Private,178778.0,HS-grad,9.0,Married-civ-spouse,,Husband,White,Male,0.0,0.0,40.0,United-States,<=50K
47.0,Local-gov,114459.0,Masters,14.0,,Prof-specialty,Husband,White,Male,7688.0,0.0,45.0,United-States,>50K
46.0,Federal-gov,83610.0,Bachelors,13.0,Married-civ-spouse,Adm-clerical,Husband,White,Male,0.0,0.0,,United-States,>50K
27.0,Private,200641.0,10th,6.0,Married-civ-spouse,Exec-managerial,Wife,White,Female,0.0,0.0,40.0,Mexico,<=50K
19.0,,,,10.0,Never-married,,Own-child,White,Female,0.0,,10.0,United-States,<=50K
27.0,State-gov,346406.0,Bachelors,13.0,Never-married,Prof-specialty,Unmarried,White,Male,,0.0,50.0,United-States,<=50K
23.0,Private,133061.0,HS-grad,9.0,Married-civ-spouse,Sales,Husband,White,Male,0.0,0.0,80.0,United-States,<=50K
29.0,Private,,Masters,14.0,Never-married,Transport-moving,Own-child,Black,Male,0.0,0.0,40.0,United-States,<=50K
46.0,Private,225065.0,,1.0,Married-civ-spouse,Machine-op-inspct,Wife,White,Female,0.0,0.0,-32.632199789053374,,>50K
51.0,Private,138358.0,10th,6.0,Divorced,Craft-repair,Not-in-family,Black,Female,0.0,0.0,35.0,United-States,<=50K
,,190909.0,HS-grad,9.0,Married-civ-spouse,Exec-managerial,Husband,White,Male,0.0,0.0,40.0,United-States,>50K
60.0,Private,200235.0,Assoc-voc,11.0,Divorced,Prof-specialty,Unmarried,White,Female,0.0,0.0,40.0,United-States,<=50K
55.0,Private,269763.0,,10.0,Divorced,Other-service,Unmarried,White,Female,0.0,0.0,10.0,United-States,<=50K
35.0,Private,,HS-grad,9.0,Never-married,Other-service,Own-child,White,Female,0.0,0.0,27.0,United-States,<=50K
34.0,Private,124827.0,10th,6.0,Married-civ-spouse,Transport-moving,Husband,White,Male,0.0,0.0,80.0,United-States,<=50K
29.0,Private,128604.0,HS-grad,9.0,Married-civ-spouse,Craft-repair,Husband,Asian-Pac-Islander,Male,0.0,0.0,40.0,United-States,<=50K
42.0,Private,255847.0,7th-8th,4.0,Married-civ-spouse,Adm-clerical,Husband,White,Male,0.0,0.0,40.0,Mexico,<=50K
39.0,Local-gov,189911.0,,7.0,Divorced,Adm-clerical,Unmarried,White,Female,0.0,0.0,40.0,United-States,<=50K
36.0,Private,160192.0,HS-grad,9.0,Never-married,Other-service,Not-in-family,White,Male,0.0,0.0,40.0,United-States,<=50K
45.0,Self-emp-inc,117605.0,HS-grad,9.0,Married-civ-spouse,Exec-managerial,Husband,White,Male,0.0,0.0,48.0,United-States,>50K
38.0,Private,383239.0,10th,6.0,Married-civ-spouse,Craft-repair,Husband,White,Male,3103.0,0.0,40.0,United-States,>50K
42.0,Private,33895.0,Bachelors,13.0,Divorced,Adm-clerical,Not-in-family,White,Female,0.0,0.0,40.0,United-States,<=50K
28.0,Private,193868.0,Bachelors,13.0,Never-married,Tech-support,Own-child,White,Male,,,50.0,United-States,<=50K
47.0,Self-emp-inc,,Bachelors,13.0,Married-civ-spouse,Prof-specialty,Husband,White,Male,0.0,0.0,60.0,,>50K
24.0,Private,184756.0,Bachelors,,Never-married,Exec-managerial,Not-in-family,White,Female,0.0,0.0,40.0,United-States,<=50K
31.0,Private,127610.0,Bachelors,13.0,Married-civ-spouse,Prof-specialty,Wife,White,Female,0.0,0.0,40.0,United-States,>50K
22.0,Private,450695.0,HS-grad,9.0,Never-married,Other-service,Not-in-family,White,Male,0.0,0.0,30.0,United-States,<=50K
26.0,Private,220499.0,HS-grad,9.0,Never-married,Handlers-cleaners,Unmarried,White,Male,0.0,0.0,40.0,United-States,<=50K
39.0,Private,123945.0,HS-grad,9.0,Married-civ-spouse,Adm-clerical,Wife,White,Female,0.0,0.0,40.0,United-States,>50K
39.0,Federal-gov,116369.0,Some-college,10.0,Married-civ-spouse,Adm-clerical,Husband,White,Male,0.0,0.0,48.0,United-States,<=50K
37.0,Private,192939.0,Bachelors,13.0,Married-civ-spouse,Craft-repair,Husband,White,Male,0.0,0.0,40.0,United-States,>50K
90.0,Private,84553.0,,9.0,Married-civ-spouse,Machine-op-inspct,Husband,White,Male,0.0,0.0,40.0,United-States,<=50K
18.0,Private,54440.0,,10.0,Never-married,Other-service,Own-child,White,Male,0.0,0.0,30.0,United-States,<=50K
18.0,Private,182643.0,Some-college,10.0,Never-married,Handlers-cleaners,Own-child,White,Male,0.0,0.0,9.0,United-States,<=50K
20.0,Private,744476.9330611756,Some-college,10.0,Never-married,Adm-clerical,Own-child,White,Female,0.0,0.0,,United-States,>50K
19.0,Private,198668.0,HS-grad,9.0,Never-married,Handlers-cleaners,Own-child,White,Male,0.0,0.0,112.63219978905336,,>50K
25.0,Private,212304.0,HS-grad,9.0,Never-married,Machine-op-inspct,Unmarried,White,Male,0.0,0.0,40.0,United-States,<=50K
59.0,Self-emp-not-inc,98418.0,,9.0,,Farming-fishing,Husband,White,Male,0.0,0.0,20.0,United-States,<=50K
26.0,Private,177929.0,Bachelors,13.0,Never-married,Sales,Not-in-family,White,Male,0.0,0.0,48.0,United-States,<=50K
,Private,144124.0,Some-college,10.0,Divorced,Prof-specialty,Not-in-family,White,Female,0.0,0.0,40.0,United-States,<=50K
,Private,102388.0,Prof-school,15.0,Married-civ-spouse,Prof-specialty,Husband,White,Male,15024.0,0.0,45.0,,>50K
67.0,State-gov,54269.0,10th,6.0,Widowed,Other-service,Not-in-family,White,Female,,0.0,12.0,United-States,<=50K
71.0,Self-emp-not-inc,157845.0,Bachelors,,Married-civ-spouse,,Husband,White,Male,0.0,0.0,20.0,United-States,<=50K
52.0,Private,134190.0,10th,6.0,Divorced,Transport-moving,Unmarried,White,Male,0.0,0.0,40.0,United-States,<=50K
41.0,Private,184378.0,HS-grad,9.0,Separated,Craft-repair,Not-in-family,,Male,0.0,0.0,40.0,United-States,<=50K
55.0,Private,163083.0,Masters,14.0,Married-civ-spouse,,Husband,White,Male,0.0,0.0,40.0,United-States,>50K
41.0,Private,347653.0,Some-college,10.0,Married-civ-spouse,Transport-moving,Husband,White,Male,0.0,0.0,50.0,United-States,<=50K
54.0,Private,263925.0,1st-4th,2.0,Married-civ-spouse,Transport-moving,Husband,White,Male,0.0,0.0,50.0,United-States,<=50K
27.0,Private,587310.0,Assoc-acdm,12.0,Married-civ-spouse,Transport-moving,,White,Male,0.0,0.0,40.0,El-Salvador,<=50K
45.0,Private,126876.0,HS-grad,9.0,Divorced,Craft-repair,Own-child,White,Female,0.0,0.0,40.0,United-States,<=50K
59.0,Private,95165.0,Doctorate,16.0,Married-civ-spouse,Sales,Husband,White,Male,0.0,0.0,,United-States,<=50K
40.0,Private,118853.0,Bachelors,13.0,,Exec-managerial,Husband,White,Male,0.0,0.0,60.0,United-States,<=50K
33.0,Private,167309.0,Bachelors,13.0,Never-married,Adm-clerical,Not-in-family,White,Male,0.0,0.0,40.0,United-States,<=50K
48.0,Private,69586.0,Some-college,10.0,Divorced,,Not-in-family,Black,Male,0.0,0.0,40.0,United-States,<=50K
27.0,Private,157612.0,,13.0,Separated,Exec-managerial,Not-in-family,White,Female,0.0,0.0,60.0,United-States,<=50K
55.0,,284526.0,5th-6th,3.0,Married-civ-spouse,Sales,Husband,White,Male,0.0,0.0,40.0,Cuba,<=50K
49.0,Private,81654.0,Prof-school,15.0,Married-civ-spouse,Prof-specialty,Husband,,Male,0.0,0.0,60.0,United-States,>50K
17.0,Private,200199.0,,7.0,Never-married,Sales,Own-child,White,Female,0.0,0.0,35.0,United-States,<=50K
36.0,,223020.0,Some-college,10.0,Divorced,Other-service,Unmarried,Black,Female,0.0,0.0,20.0,United-States,<=50K
56.0,State-gov,270859.0,Bachelors,13.0,Married-civ-spouse,Prof-specialty,Husband,White,Male,0.0,1902.0,48.0,United-States,>50K
32.0,Local-gov,203849.0,Some-college,10.0,Married-civ-spouse,Transport-moving,Husband,White,Male,0.0,0.0,40.0,United-States,<=50K
,Private,103995.0,HS-grad,9.0,Married-civ-spouse,Sales,Wife,,Female,0.0,0.0,40.0,United-States,<=50K
57.0,Local-gov,109973.0,HS-grad,9.0,Divorced,Other-service,Not-in-family,White,Female,0.0,0.0,,United-States,<=50K
44.0,Private,211517.0,12th,8.0,Divorced,Other-service,Not-in-family,,Male,0.0,0.0,40.0,United-States,<=50K
38.0,Federal-gov,137953.0,HS-grad,9.0,Married-civ-spouse,Adm-clerical,Husband,White,Male,0.0,0.0,45.0,United-States,<=50K
33.0,Private,54782.0,Bachelors,-2.4862381985064985,Married-civ-spouse,Adm-clerical,Husband,White,Male,0.0,,42.0,United-States,>50K
27.0,Private,300783.0,Some-college,10.0,Married-civ-spouse,Sales,Wife,White,Female,0.0,0.0,42.0,United-States,>50K
43.0,,112131.0,Some-college,10.0,Married-civ-spouse,Exec-managerial,Husband,White,Male,0.0,0.0,40.0,United-States,<=50K
24.0,Private,279175.0,HS-grad,9.0,Married-civ-spouse,Craft-repair,,White,Male,0.0,0.0,40.0,United-States,<=50K
42.0,Private,242619.0,Some-college,10.0,Married-civ-spouse,Craft-repair,Husband,White,Male,0.0,0.0,45.0,United-States,<=50K
34.0,Private,160634.0,Some-college,10.0,Married-civ-spouse,Craft-repair,Husband,,Male,0.0,0.0,40.0,United-States,>50K
59.0,Self-emp-not-inc,56392.0,,10.0,Married-civ-spouse,Farming-fishing,Husband,White,Male,0.0,1579.0,60.0,United-States,<=50K
42.0,Private,433170.0,Some-college,,Married-civ-spouse,Craft-repair,Husband,White,Male,0.0,0.0,60.0,United-States,>50K
24.0,Private,230248.0,7th-8th,4.0,Separated,Machine-op-inspct,Own-child,White,Male,,0.0,40.0,United-States,<=50K
17.0,Private,,11th,,Never-married,Other-service,Own-child,White,Female,0.0,2389.4466063488135,20.0,United-States,>50K
74.0,Private,159138.0,HS-grad,9.0,Widowed,Other-service,Not-in-family,White,Female,0.0,0.0,12.0,United-States,<=50K
29.0,Private,158218.0,,9.0,,Farming-fishing,Unmarried,White,Male,0.0,0.0,35.0,United-States,<=50K
37.0,Local-gov,176949.0,Masters,14.0,Married-civ-spouse,Exec-managerial,Husband,White,Male,7688.0,0.0,55.0,United-States,>50K
51.0,Private,136224.0,Bachelors,13.0,Divorced,Adm-clerical,Not-in-family,White,Female,0.0,0.0,,United-States,<=50K
37.0,Self-emp-not-inc,289430.0,10th,6.0,Married-civ-spouse,Craft-repair,Husband,White,Male,0.0,0.0,40.0,Mexico,<=50K
45.0,Local-gov,54038.0,Masters,14.0,Divorced,Prof-specialty,Unmarried,White,Female,0.0,0.0,42.0,United-States,<=50K
22.0,Private,214134.0,10th,6.0,Never-married,Transport-moving,Not-in-family,Amer-Indian-Eskimo,Male,0.0,0.0,84.0,United-States,<=50K
21.0,,68358.0,Some-college,10.0,Never-married,Sales,Own-child,White,Female,0.0,0.0,,United-States,<=50K
22.0,Private,161638.0,HS-grad,9.0,Never-married,Machine-op-inspct,Other-relative,White,Female,,0.0,40.0,Columbia,<=50K
42.0,Private,36271.0,Bachelors,13.0,,Sales,Husband,White,Male,0.0,0.0,40.0,United-States,>50K
33.0,Self-emp-not-inc,102884.0,Bachelors,13.0,Married-civ-spouse,Sales,Own-child,White,Male,0.0,0.0,20.0,United-States,<=50K
22.0,Local-gov,238831.0,Some-college,10.0,Never-married,Protective-serv,Own-child,White,Male,0.0,0.0,40.0,United-States,<=50K
30.0,Private,,HS-grad,9.0,Divorced,Other-service,Other-relative,Asian-Pac-Islander,Female,0.0,0.0,40.0,,<=50K
,Private,190531.0,Bachelors,13.0,Divorced,Prof-specialty,Unmarried,Black,Female,0.0,0.0,35.0,United-States,<=50K
58.0,Private,280309.0,Assoc-acdm,12.0,Married-civ-spouse,Exec-managerial,Husband,White,Male,5178.0,0.0,60.0,United-States,>50K
,State-gov,138852.0,HS-grad,9.0,Married-civ-spouse,Prof-specialty,Husband,White,Male,0.0,0.0,40.0,United-States,<=50K
36.0,Private,128392.0,Bachelors,13.0,Divorced,Exec-managerial,Not-in-family,White,Male,4787.0,0.0,40.0,United-States,>50K
28.0,Private,233275.0,Bachelors,13.0,,Prof-specialty,Not-in-family,White,Male,0.0,0.0,45.0,United-States,<=50K
23.0,Private,113601.0,Some-college,10.0,Never-married,Handlers-cleaners,Own-child,White,Male,0.0,0.0,30.0,United-States,<=50K
32.0,Private,217304.0,Bachelors,13.0,Never-married,Protective-serv,Not-in-family,Black,Male,0.0,0.0,30.0,United-States,<=50K
27.0,Local-gov,,Bachelors,13.0,,Protective-serv,Husband,White,Male,0.0,0.0,68.0,United-States,<=50K
44.0,Local-gov,136986.0,Masters,14.0,Married-civ-spouse,Prof-specialty,Husband,White,Male,15024.0,0.0,35.0,United-States,>50K
34.0,Private,176862.0,Bachelors,13.0,Never-married,Prof-specialty,Not-in-family,White,Male,0.0,0.0,40.0,United-States,<=50K
51.0,Private,104748.0,Some-college,10.0,Married-civ-spouse,Exec-managerial,Husband,White,Male,0.0,0.0,,United-States,<=50K
24.0,Private,236427.0,Some-college,10.0,Married-civ-spouse,Adm-clerical,,White,Male,0.0,0.0,40.0,United-States,>50K
29.0,Private,121040.0,Assoc-voc,11.0,Separated,Adm-clerical,Unmarried,Black,Female,0.0,0.0,40.0,United-States,<=50K
46.0,Local-gov,247053.0,Masters,,Married-civ-spouse,,Husband,,Male,0.0,0.0,40.0,United-States,>50K
24.0,Private,56121.0,5th-6th,3.0,,Farming-fishing,Husband,White,Male,0.0,0.0,60.0,Mexico,<=50K
24.0,Private,33088.0,11th,7.0,Never-married,Handlers-cleaners,Not-in-family,White,Male,0.0,0.0,40.0,United-States,<=50K
24.0,Private,34446.0,Some-college,10.0,Never-married,Tech-support,Not-in-family,White,Female,0.0,0.0,37.0,United-States,<=50K
62.0,Self-emp-inc,24050.0,HS-grad,9.0,Widowed,Sales,Not-in-family,White,Female,0.0,0.0,15.0,United-States,<=50K
52.0,Private,122109.0,,9.0,Never-married,Prof-specialty,Unmarried,White,Female,0.0,323.0,40.0,United-States,<=50K
44.0,Private,,HS-grad,9.0,Married-civ-spouse,Other-service,Husband,,Male,,0.0,40.0,Thailand,<=50K
39.0,Private,184659.0,HS-grad,9.0,Married-civ-spouse,Machine-op-inspct,Husband,White,Male,0.0,0.0,40.0,United-States,<=50K
,Self-emp-not-inc,147452.0,10th,6.0,Never-married,Sales,Own-child,White,Female,0.0,0.0,48.0,United-States,<=50K
37.0,Private,238311.0,HS-grad,9.0,Married-civ-spouse,Machine-op-inspct,Husband,Black,Male,,0.0,36.0,United-States,>50K
41.0,Private,172712.0,Bachelors,13.0,Divorced,Tech-support,Unmarried,White,Female,0.0,0.0,40.0,United-States,>50K
31.0,Private,170983.0,Bachelors,13.0,Married-civ-spouse,Exec-managerial,Husband,White,Male,0.0,0.0,60.0,United-States,>50K
,,205337.0,Bachelors,13.0,Never-married,Exec-managerial,Not-in-family,White,Male,0.0,-2389.4466063488135,50.0,United-States,<=50K
34.0,Private,167781.0,HS-grad,9.0,Married-civ-spouse,,Husband,White,Male,0.0,,50.0,United-States,<=50K
33.0,Private,361497.0,HS-grad,9.0,Never-married,Transport-moving,Not-in-family,White,Male,0.0,0.0,70.0,,<=50K
38.0,Private,357870.0,12th,8.0,Never-married,Machine-op-inspct,Not-in-family,Black,Female,0.0,0.0,50.0,United-States,<=50K
40.0,Private,236021.0,Some-college,10.0,Married-civ-spouse,Transport-moving,Husband,White,Male,0.0,0.0,40.0,United-States,<=50K
33.0,Private,249438.0,HS-grad,9.0,Never-married,Other-service,Own-child,Black,Female,0.0,0.0,40.0,United-States,<=50K
30.0,Private,473133.0,Some-college,10.0,Married-civ-spouse,Sales,Husband,White,,,,50.0,United-States,<=50K
31.0,Private,259705.0,HS-grad,,Never-married,Farming-fishing,Own-child,White,Female,0.0,0.0,40.0,United-States,<=50K
52.0,Private,204402.0,HS-grad,9.0,Married-civ-spouse,Transport-moving,Husband,White,Male,0.0,0.0,85.0,United-States,>50K
29.0,Private,29261.0,Assoc-voc,11.0,Never-married,Machine-op-inspct,Not-in-family,White,Male,0.0,0.0,50.0,United-States,<=50K
23.0,Private,215115.0,Bachelors,13.0,Never-married,Adm-clerical,Not-in-family,White,,0.0,0.0,40.0,United-States,<=50K
68.0,Private,194746.0,Doctorate,16.0,Divorced,Prof-specialty,Not-in-family,White,Female,0.0,0.0,40.0,Cuba,<=50K
64.0,Private,66634.0,Bachelors,13.0,Divorced,Exec-managerial,Unmarried,White,Male,27828.0,0.0,50.0,,>50K
34.0,Private,187215.0,Bachelors,13.0,Married-civ-spouse,Prof-specialty,,White,Female,15024.0,0.0,36.0,United-States,>50K
63.0,Private,20323.0,Some-college,10.0,Divorced,Other-service,Not-in-family,White,Female,0.0,0.0,40.0,United-States,<=50K
20.0,Private,305874.0,,10.0,Never-married,Transport-moving,Own-child,White,Male,0.0,0.0,40.0,United-States,<=50K
33.0,Private,86492.0,HS-grad,9.0,Never-married,Transport-moving,Not-in-family,White,Male,0.0,0.0,87.0,United-States,<=50K
33.0,Private,,HS-grad,9.0,Married-civ-spouse,,Husband,White,Male,0.0,0.0,40.0,United-States,<=50K
49.0,Private,330535.0,Doctorate,16.0,Divorced,Exec-managerial,Unmarried,White,Male,0.0,0.0,40.0,United-States,>50K
36.0,Private,35429.0,Some-college,,Married-civ-spouse,Exec-managerial,,White,Male,0.0,0.0,60.0,United-States,<=50K
17.0,Local-gov,192387.0,9th,5.0,Never-married,Other-service,Own-child,White,Male,0.0,0.0,45.0,United-States,<=50K
,Private,61343.0,Bachelors,13.0,Married-civ-spouse,Sales,Husband,White,Male,0.0,0.0,40.0,United-States,>50K
50.0,Private,177705.0,Bachelors,,Divorced,Other-service,Not-in-family,White,,0.0,0.0,40.0,United-States,<=50K
62.0,Private,73292.0,Some-college,10.0,Married-civ-spouse,Other-service,Husband,White,Male,0.0,0.0,40.0,,<=50K
45.0,Local-gov,127678.0,Assoc-voc,11.0,Married-civ-spouse,Protective-serv,Husband,White,Male,0.0,0.0,60.0,United-States,>50K
48.0,Private,249935.0,HS-grad,9.0,Married-civ-spouse,Transport-moving,Husband,White,Male,0.0,0.0,44.0,United-States,<=50K
41.0,Private,220531.0,Prof-school,15.0,Married-civ-spouse,Prof-specialty,Husband,White,Male,0.0,0.0,60.0,United-States,>50K
59.0,Self-emp-not-inc,81107.0,Some-college,10.0,Married-civ-spouse,Sales,Wife,White,Female,,0.0,80.0,United-States,>50K
38.0,Self-emp-not-inc,331374.0,11th,7.0,Married-civ-spouse,Other-service,Husband,White,Male,0.0,0.0,60.0,United-States,<=50K
35.0,Private,509462.0,Bachelors,13.0,Never-married,Exec-managerial,Not-in-family,White,Female,0.0,0.0,45.0,United-States,<=50K
59.0,Private,153484.0,Bachelors,13.0,Married-civ-spouse,Craft-repair,Husband,White,Male,15024.0,0.0,50.0,United-States,>50K
46.0,Private,123598.0,,13.0,Married-civ-spouse,Sales,Husband,White,Male,0.0,0.0,40.0,United-States,<=50K
59.0,State-gov,303176.0,Some-college,10.0,Married-civ-spouse,Exec-managerial,Husband,,Male,0.0,2179.0,40.0,United-States,<=50K
28.0,Local-gov,336951.0,Assoc-acdm,12.0,Married-civ-spouse,Protective-serv,Husband,White,Male,0.0,0.0,40.0,United-States,>50K
34.0,Local-gov,325792.0,Some-college,10.0,Married-civ-spouse,Craft-repair,Husband,White,Male,0.0,0.0,40.0,United-States,<=50K
90.0,Private,313749.0,HS-grad,9.0,Widowed,Adm-clerical,Unmarried,White,Female,0.0,0.0,,United-States,<=50K
24.0,Private,188505.0,Bachelors,13.0,Married-AF-spouse,Prof-specialty,Wife,White,Female,0.0,0.0,40.0,United-States,>50K
23.0,Private,257683.0,Bachelors,13.0,Never-married,Prof-specialty,Own-child,White,Male,0.0,0.0,,United-States,<=50K
41.0,Private,214242.0,,13.0,Married-civ-spouse,Prof-specialty,Husband,,Male,0.0,1887.0,40.0,United-States,>50K
49.0,Private,225456.0,Bachelors,13.0,Married-civ-spouse,Exec-managerial,Husband,White,Male,0.0,0.0,40.0,United-States,>50K
29.0,Private,192384.0,HS-grad,,Never-married,Craft-repair,Not-in-family,White,,0.0,0.0,40.0,United-States,<=50K
19.0,State-gov,159269.0,Some-college,10.0,Never-married,Adm-clerical,Own-child,White,Male,0.0,0.0,15.0,United-States,<=50K
39.0,Private,277886.0,Bachelors,13.0,Married-civ-spouse,Sales,Wife,White,Female,0.0,0.0,30.0,United-States,<=50K
52.0,Private,228516.0,Some-college,10.0,Married-civ-spouse,Other-service,Husband,White,,0.0,0.0,35.0,,>50K
43.0,Self-emp-inc,82488.0,Bachelors,13.0,Married-civ-spouse,Sales,Own-child,Asian-Pac-Islander,Female,0.0,0.0,40.0,Philippines,>50K
38.0,Self-emp-inc,275223.0,Bachelors,13.0,Married-civ-spouse,Sales,Husband,White,Male,,0.0,40.0,United-States,>50K
56.0,,205735.0,,2.0,Separated,Machine-op-inspct,Unmarried,White,,0.0,0.0,40.0,United-States,<=50K
34.0,Private,287168.0,Some-college,10.0,Divorced,Adm-clerical,Unmarried,White,Male,0.0,0.0,40.0,United-States,<=50K
54.0,Private,319697.0,Some-college,10.0,Married-civ-spouse,Prof-specialty,,White,Female,0.0,,40.0,,<=50K
18.0,Private,152545.0,HS-grad,9.0,,Other-service,Own-child,White,Female,0.0,0.0,8.0,United-States,<=50K
46.0,Private,155489.0,,13.0,Married-civ-spouse,Prof-specialty,Husband,White,Male,0.0,0.0,50.0,United-States,>50K
52.0,Private,99184.0,HS-grad,9.0,Divorced,Transport-moving,,White,Male,0.0,0.0,40.0,United-States,<=50K
18.0,Private,165950.0,11th,7.0,Never-married,Other-service,Own-child,White,Female,0.0,0.0,21.0,United-States,<=50K
24.0,Private,269799.0,Assoc-voc,11.0,Never-married,Exec-managerial,Not-in-family,White,Male,0.0,0.0,40.0,United-States,<=50K
29.0,Self-emp-inc,156815.0,HS-grad,9.0,Married-civ-spouse,Other-service,Husband,White,Male,0.0,0.0,40.0,United-States,<=50K
136.7819770088162,Private,113398.0,,9.0,Never-married,Other-service,Other-relative,White,Male,0.0,0.0,25.0,United-States,>50K
50.0,Federal-gov,20179.0,Masters,14.0,Married-civ-spouse,Tech-support,Husband,White,Male,0.0,0.0,40.0,United-States,>50K
43.0,Private,253759.0,Some-college,10.0,Married-civ-spouse,Tech-support,,Black,Female,0.0,0.0,40.0,United-States,<=50K
19.0,Private,168693.0,HS-grad,9.0,Never-married,Sales,Own-child,White,Female,0.0,0.0,25.0,United-States,<=50K
64.0,Self-emp-not-inc,167149.0,7th-8th,4.0,Married-civ-spouse,Other-service,Husband,White,Male,0.0,0.0,25.0,United-States,<=50K
29.0,Self-emp-not-inc,102326.0,Bachelors,13.0,Married-civ-spouse,Exec-managerial,Husband,White,Male,0.0,0.0,40.0,United-States,>50K
48.0,Self-emp-inc,214994.0,Some-college,10.0,Married-civ-spouse,Exec-managerial,Husband,White,Male,0.0,0.0,55.0,United-States,>50K
37.0,Private,271767.0,Bachelors,13.0,Never-married,Exec-managerial,Not-in-family,White,Male,0.0,0.0,48.0,United-States,>50K
50.0,Private,108435.0,Masters,14.0,Married-civ-spouse,Exec-managerial,Husband,,Male,99999.0,0.0,60.0,United-States,>50K
37.0,Private,143058.0,10th,6.0,Married-civ-spouse,Craft-repair,Husband,White,Male,0.0,0.0,50.0,United-States,<=50K
43.0,Private,191765.0,HS-grad,9.0,Divorced,Tech-support,Unmarried,Black,Female,0.0,0.0,35.0,United-States,<=50K
53.0,Private,177705.0,Bachelors,13.0,Married-civ-spouse,Craft-repair,Husband,White,Male,0.0,0.0,44.0,United-States,>50K
51.0,Private,306108.0,Doctorate,16.0,Never-married,Prof-specialty,Not-in-family,White,Male,0.0,0.0,40.0,United-States,>50K
36.0,Self-emp-inc,487085.0,7th-8th,4.0,Never-married,Craft-repair,Unmarried,Black,Male,0.0,,40.0,United-States,<=50K
46.0,Private,172155.0,Bachelors,,Married-civ-spouse,Machine-op-inspct,Husband,White,Male,0.0,0.0,40.0,Peru,<=50K
40.0,Private,120277.0,HS-grad,9.0,,Handlers-cleaners,Own-child,White,Male,0.0,0.0,40.0,Ireland,<=50K
28.0,Local-gov,273051.0,Bachelors,13.0,Never-married,Tech-support,Not-in-family,White,Male,0.0,0.0,40.0,United-States,<=50K
25.0,Private,182656.0,Assoc-voc,11.0,Divorced,Adm-clerical,Unmarried,White,Female,0.0,0.0,40.0,United-States,<=50K
33.0,Private,273243.0,HS-grad,9.0,Married-civ-spouse,Craft-repair,Husband,Black,Male,0.0,0.0,40.0,United-States,<=50K
37.0,Private,99374.0,10th,,Married-civ-spouse,Transport-moving,Husband,White,Male,0.0,0.0,55.0,United-States,<=50K
34.0,Private,121966.0,Bachelors,13.0,Married-spouse-absent,Adm-clerical,Not-in-family,White,,0.0,0.0,45.0,United-States,<=50K
31.0,Private,247444.0,Assoc-voc,11.0,Married-civ-spouse,Machine-op-inspct,Husband,White,Male,0.0,0.0,40.0,Columbia,<=50K
52.0,Private,186224.0,HS-grad,9.0,Married-civ-spouse,Transport-moving,Husband,White,Male,0.0,0.0,40.0,United-States,<=50K
45.0,Self-emp-inc,200825.0,Bachelors,13.0,Married-civ-spouse,Exec-managerial,Husband,White,,0.0,0.0,50.0,United-States,>50K
35.0,Private,174077.0,Some-college,10.0,Divorced,Tech-support,Unmarried,White,Female,0.0,0.0,32.0,United-States,<=50K
60.0,Federal-gov,54701.0,,13.0,Married-civ-spouse,,Husband,White,Male,0.0,0.0,,United-States,>50K
43.0,Private,178780.0,Some-college,10.0,Married-civ-spouse,Exec-managerial,,White,Male,0.0,0.0,49.0,United-States,>50K
50.0,Private,767403.0,HS-grad,9.0,Married-civ-spouse,Machine-op-inspct,Husband,White,Male,3103.0,0.0,40.0,United-States,>50K
29.0,Local-gov,277323.0,HS-grad,9.0,Never-married,Protective-serv,Unmarried,White,Male,0.0,0.0,45.0,United-States,<=50K
33.0,Local-gov,107793.0,HS-grad,9.0,Married-civ-spouse,Craft-repair,Husband,White,Male,0.0,0.0,50.0,United-States,>50K
55.0,Self-emp-not-inc,248841.0,Masters,14.0,Married-civ-spouse,Prof-specialty,Husband,White,Male,0.0,1977.0,40.0,United-States,>50K
31.0,Private,214288.0,,10.0,,Craft-repair,Husband,,Male,0.0,,40.0,United-States,<=50K
52.0,Private,117295.0,1st-4th,,Married-civ-spouse,Exec-managerial,Husband,White,Male,0.0,0.0,50.0,United-States,>50K
46.0,Self-emp-inc,182655.0,Assoc-voc,11.0,Married-civ-spouse,Exec-managerial,Husband,White,Male,0.0,0.0,60.0,United-States,>50K
,Private,344275.0,HS-grad,9.0,Never-married,Transport-moving,Not-in-family,White,Male,0.0,0.0,70.0,United-States,<=50K
46.0,Private,230806.0,Some-college,10.0,Never-married,Exec-managerial,Not-in-family,White,Female,0.0,0.0,40.0,United-States,<=50K
33.0,,53373.0,10th,6.0,Never-married,Other-service,Unmarried,White,Male,0.0,0.0,40.0,United-States,<=50K
48.0,Private,101684.0,HS-grad,9.0,Married-civ-spouse,Sales,Husband,,Male,0.0,,40.0,United-States,<=50K
57.0,Private,199934.0,Bachelors,13.0,Married-civ-spouse,Exec-managerial,Husband,White,Male,0.0,0.0,40.0,United-States,>50K
31.0,Private,200835.0,Bachelors,13.0,Married-spouse-absent,Prof-specialty,Not-in-family,Asian-Pac-Islander,Male,0.0,0.0,40.0,Japan,<=50K
22.0,Private,306967.0,Some-college,,Never-married,Adm-clerical,Not-in-family,White,Female,0.0,0.0,25.0,United-States,<=50K
19.0,Private,201743.0,Some-college,10.0,Never-married,Other-service,Own-child,White,Female,0.0,0.0,20.0,,<=50K
32.0,Private,553405.0,Bachelors,,Married-civ-spouse,Sales,Husband,White,Male,,0.0,50.0,United-States,>50K
39.0,Private,172538.0,HS-grad,9.0,Never-married,Machine-op-inspct,Unmarried,White,Male,0.0,0.0,40.0,United-States,<=50K
36.0,Private,166289.0,HS-grad,9.0,Never-married,Adm-clerical,Own-child,Black,Female,0.0,0.0,40.0,United-States,<=50K
49.0,Self-emp-not-inc,211762.0,HS-grad,9.0,Married-civ-spouse,Craft-repair,Husband,White,Male,0.0,0.0,40.0,United-States,>50K
49.0,,94638.0,HS-grad,9.0,Separated,Adm-clerical,Unmarried,White,Female,0.0,0.0,40.0,United-States,<=50K
18.0,Private,210574.0,HS-grad,9.0,,Sales,Own-child,White,,0.0,0.0,20.0,United-States,<=50K
41.0,Self-emp-not-inc,408498.0,HS-grad,9.0,Married-civ-spouse,Exec-managerial,Husband,White,Male,0.0,0.0,50.0,United-States,<=50K
104.7819770088162,Federal-gov,76491.0,Bachelors,13.0,,Prof-specialty,Not-in-family,White,Male,0.0,0.0,55.0,United-States,>50K
37.0,State-gov,318891.0,Some-college,10.0,Divorced,Adm-clerical,Unmarried,,Female,0.0,0.0,40.0,United-States,<=50K
30.0,Private,127875.0,Bachelors,13.0,Married-civ-spouse,Adm-clerical,Wife,White,Female,0.0,0.0,40.0,,<=50K
31.0,Private,172865.0,5th-6th,3.0,Never-married,Farming-fishing,Own-child,White,,0.0,,25.0,Mexico,<=50K
43.0,Private,144371.0,HS-grad,9.0,Married-civ-spouse,Handlers-cleaners,Husband,White,Male,0.0,0.0,42.0,United-States,>50K
67.0,Private,174603.0,HS-grad,9.0,Never-married,Exec-managerial,Not-in-family,White,Female,0.0,0.0,35.0,United-States,<=50K
53.0,Self-emp-not-inc,168539.0,9th,5.0,Married-civ-spouse,Farming-fishing,,White,Male,0.0,0.0,70.0,United-States,<=50K
22.0,Private,170800.0,Assoc-voc,11.0,Never-married,Other-service,Own-child,White,Female,0.0,0.0,12.0,United-States,<=50K
21.0,Private,396790.0,HS-grad,9.0,Never-married,Transport-moving,Own-child,Black,Male,0.0,0.0,20.0,United-States,<=50K
,Private,145269.0,11th,7.0,Divorced,Craft-repair,Not-in-family,White,,,-2389.4466063488135,45.0,United-States,>50K
61.0,Self-emp-inc,84409.0,HS-grad,9.0,Married-civ-spouse,Exec-managerial,Husband,White,Male,0.0,0.0,35.0,United-States,>50K
20.0,Private,233198.0,HS-grad,9.0,Never-married,Craft-repair,Own-child,White,Male,0.0,0.0,40.0,United-States,<=50K
38.0,Self-emp-inc,308686.0,Bachelors,13.0,Married-civ-spouse,Prof-specialty,Husband,White,Male,0.0,0.0,70.0,United-States,>50K
24.0,Private,478457.0,11th,7.0,Never-married,Prof-specialty,Not-in-family,Black,Female,0.0,0.0,30.0,United-States,<=50K
29.0,Private,199118.0,Some-college,10.0,Never-married,Adm-clerical,Not-in-family,White,Female,0.0,0.0,40.0,Guatemala,<=50K
28.0,Private,300915.0,Bachelors,13.0,Married-civ-spouse,Prof-specialty,Husband,White,Male,0.0,1902.0,43.0,United-States,>50K
39.0,Private,236136.0,Assoc-voc,11.0,Divorced,Adm-clerical,Unmarried,Black,Female,0.0,0.0,40.0,United-States,<=50K
41.0,Private,163174.0,HS-grad,9.0,Never-married,,Not-in-family,White,Female,0.0,0.0,40.0,United-States,<=50K
53.0,Self-emp-inc,220786.0,Some-college,10.0,Widowed,Sales,Not-in-family,White,Female,0.0,0.0,60.0,United-States,<=50K
32.0,Private,211239.0,Some-college,10.0,Married-AF-spouse,Exec-managerial,Wife,White,Female,0.0,0.0,40.0,United-States,>50K
21.0,Private,119704.0,Some-college,10.0,Never-married,Sales,Unmarried,White,,0.0,0.0,35.0,United-States,<=50K
48.0,,83444.0,Assoc-voc,11.0,Married-civ-spouse,Exec-managerial,Husband,White,Male,0.0,0.0,43.0,,>50K
21.0,Private,63665.0,Some-college,10.0,Never-married,Other-service,Own-child,White,Male,0.0,0.0,15.0,United-States,<=50K
67.0,Local-gov,342175.0,Masters,14.0,Divorced,Adm-clerical,Not-in-family,White,Female,2009.0,0.0,40.0,United-States,<=50K
55.0,Private,174662.0,HS-grad,9.0,Married-civ-spouse,Transport-moving,Husband,White,Male,0.0,0.0,32.0,United-States,<=50K
17.0,,310885.0,7th-8th,4.0,Never-married,Other-service,Own-child,White,Male,0.0,0.0,36.0,Mexico,<=50K
24.0,Federal-gov,332194.0,9th,5.0,Never-married,Adm-clerical,Other-relative,Black,Male,0.0,0.0,40.0,United-States,<=50K
38.0,Private,197113.0,Some-college,10.0,Divorced,Adm-clerical,Unmarried,Black,Female,0.0,0.0,20.0,United-States,<=50K
71.0,Self-emp-inc,45741.0,Bachelors,13.0,Married-civ-spouse,Sales,Husband,White,Male,,0.0,30.0,United-States,>50K
45.0,Private,473171.0,HS-grad,9.0,Married-civ-spouse,Craft-repair,Husband,White,Male,0.0,0.0,40.0,United-States,<=50K
36.0,State-gov,291676.0,9th,5.0,Married-civ-spouse,Craft-repair,Husband,Black,Male,0.0,0.0,40.0,United-States,<=50K
54.0,Private,176240.0,Masters,14.0,Married-civ-spouse,Transport-moving,Husband,White,Male,7688.0,0.0,60.0,United-States,>50K
24.0,Private,145111.0,HS-grad,9.0,Never-married,Machine-op-inspct,Not-in-family,White,Male,,0.0,45.0,United-States,<=50K
19.0,Private,383637.0,HS-grad,9.0,Never-married,Other-service,Own-child,White,Male,0.0,0.0,20.0,United-States,<=50K
31.0,Private,339738.0,HS-grad,9.0,Married-civ-spouse,Transport-moving,Other-relative,Black,Male,0.0,0.0,40.0,United-States,<=50K
,Private,136094.0,HS-grad,9.0,Never-married,Handlers-cleaners,Own-child,White,Male,0.0,,40.0,United-States,<=50K
38.0,Private,185556.0,HS-grad,9.0,Divorced,Sales,Not-in-family,White,Male,0.0,0.0,50.0,United-States,>50K
36.0,Private,180150.0,12th,8.0,Divorced,Handlers-cleaners,Not-in-family,White,Male,0.0,0.0,40.0,United-States,<=50K
33.0,Private,97939.0,Assoc-acdm,12.0,Divorced,Machine-op-inspct,Not-in-family,White,Female,0.0,0.0,42.0,United-States,<=50K
29.0,Private,258862.0,Bachelors,13.0,Never-married,Craft-repair,Not-in-family,White,Female,0.0,0.0,45.0,United-States,<=50K
37.0,Private,151764.0,Some-college,10.0,Married-civ-spouse,Exec-managerial,Husband,White,Male,0.0,0.0,50.0,United-States,<=50K
33.0,Private,419895.0,5th-6th,3.0,Divorced,Handlers-cleaners,Unmarried,White,Male,0.0,0.0,40.0,Mexico,<=50K
42.0,Private,201505.0,Masters,14.0,Never-married,Sales,Not-in-family,White,Male,0.0,0.0,,United-States,<=50K
18.0,Private,271935.0,HS-grad,9.0,Never-married,Machine-op-inspct,Own-child,White,Female,0.0,0.0,40.0,United-States,<=50K
40.0,Self-emp-not-inc,155106.0,9th,5.0,Married-civ-spouse,Craft-repair,Husband,White,Male,0.0,0.0,40.0,United-States,>50K
22.0,Local-gov,198478.0,Some-college,10.0,Married-civ-spouse,Protective-serv,Husband,White,Male,0.0,0.0,40.0,United-States,<=50K
32.0,Private,309513.0,HS-grad,9.0,Married-civ-spouse,Craft-repair,Husband,White,Male,0.0,0.0,50.0,United-States,<=50K
35.0,Private,338948.0,HS-grad,9.0,Divorced,Craft-repair,,Black,Male,0.0,0.0,40.0,United-States,<=50K
20.0,Federal-gov,340217.0,HS-grad,9.0,Never-married,Adm-clerical,Own-child,White,Female,0.0,0.0,40.0,United-States,<=50K
24.0,Private,258298.0,Assoc-voc,11.0,Never-married,Tech-support,Not-in-family,White,Male,0.0,0.0,45.0,United-States,<=50K
21.0,Private,25505.0,Assoc-voc,11.0,Never-married,Adm-clerical,Unmarried,Black,Female,0.0,0.0,35.0,United-States,<=50K
24.0,Private,103277.0,HS-grad,9.0,Never-married,Adm-clerical,Not-in-family,White,Female,2597.0,0.0,40.0,United-States,<=50K
44.0,Private,109339.0,11th,7.0,Divorced,Machine-op-inspct,Unmarried,,Female,0.0,0.0,46.0,Puerto-Rico,<=50K
49.0,Private,124672.0,HS-grad,9.0,Married-civ-spouse,Craft-repair,Husband,White,Male,0.0,0.0,40.0,United-States,>50K
70.0,Private,141742.0,Assoc-voc,11.0,Married-civ-spouse,Machine-op-inspct,Husband,White,Male,9386.0,0.0,50.0,United-States,>50K
47.0,Private,139701.0,5th-6th,3.0,Never-married,Machine-op-inspct,Unmarried,,Female,0.0,0.0,40.0,Dominican-Republic,<=50K
49.0,Private,187308.0,Some-college,10.0,Married-civ-spouse,Other-service,Other-relative,White,Male,0.0,,35.0,,<=50K
43.0,Private,,,9.0,Married-civ-spouse,Craft-repair,Husband,White,Male,0.0,0.0,40.0,United-States,<=50K
28.0,Private,,HS-grad,,Married-civ-spouse,Craft-repair,Husband,White,Male,0.0,0.0,48.0,,<=50K
43.0,Private,216697.0,Some-college,10.0,Married-civ-spouse,Protective-serv,Husband,Other,Male,0.0,0.0,32.0,United-States,<=50K
39.0,Self-emp-not-inc,247975.0,Some-college,10.0,Never-married,Craft-repair,Not-in-family,Asian-Pac-Islander,Male,0.0,,30.0,,<=50K
22.0,Private,144238.0,11th,7.0,Never-married,Farming-fishing,Own-child,,Female,0.0,0.0,38.0,United-States,<=50K
39.0,Private,91996.0,HS-grad,9.0,Divorced,,Unmarried,White,Female,0.0,0.0,40.0,United-States,<=50K
40.0,Self-emp-not-inc,171615.0,Some-college,10.0,Never-married,Craft-repair,Not-in-family,White,Male,0.0,0.0,35.0,United-States,>50K
35.0,State-gov,167482.0,,9.0,Never-married,Protective-serv,Own-child,White,Male,0.0,1980.0,40.0,United-States,<=50K
20.0,Private,107658.0,Some-college,10.0,Never-married,Tech-support,Not-in-family,White,Female,0.0,0.0,10.0,Canada,<=50K
57.0,Self-emp-inc,103948.0,Bachelors,28.4862381985065,Divorced,Prof-specialty,Not-in-family,White,Male,0.0,0.0,80.0,United-States,>50K
35.0,Self-emp-not-inc,216129.0,12th,8.0,Never-married,Other-service,,Black,Female,0.0,0.0,40.0,Trinadad&Tobago,<=50K
27.0,Private,,HS-grad,9.0,Never-married,Sales,Not-in-family,White,Female,0.0,0.0,40.0,United-States,<=50K
40.0,Private,,HS-grad,9.0,Married-civ-spouse,Adm-clerical,Wife,White,Female,0.0,0.0,30.0,,>50K
54.0,Private,161691.0,Masters,14.0,Divorced,Prof-specialty,Not-in-family,,Female,0.0,,40.0,United-States,>50K
38.0,Private,680390.0,HS-grad,9.0,Divorced,Adm-clerical,Unmarried,White,Female,0.0,,20.0,United-States,<=50K
60.0,Private,199085.0,10th,6.0,Married-civ-spouse,Machine-op-inspct,Husband,White,Male,0.0,0.0,40.0,United-States,<=50K
42.0,Local-gov,255847.0,HS-grad,9.0,Married-civ-spouse,Transport-moving,Husband,White,Male,0.0,0.0,40.0,,<=50K
74.0,Private,70234.0,HS-grad,9.0,Widowed,Sales,Unmarried,White,Female,0.0,0.0,26.0,United-States,<=50K
32.0,Private,238944.0,HS-grad,9.0,Married-civ-spouse,Machine-op-inspct,Husband,White,Male,0.0,0.0,40.0,United-States,<=50K
30.0,Private,198953.0,Bachelors,13.0,Never-married,Exec-managerial,Not-in-family,,Female,0.0,0.0,40.0,United-States,<=50K
37.0,Private,51198.0,Some-college,10.0,Married-civ-spouse,Craft-repair,Husband,White,Male,0.0,0.0,45.0,United-States,<=50K
45.0,Local-gov,384627.0,Masters,14.0,,Prof-specialty,Wife,White,Female,2580.0,0.0,18.0,United-States,<=50K
69.0,Private,172354.0,Assoc-voc,11.0,Widowed,Adm-clerical,Not-in-family,White,,1848.0,0.0,50.0,United-States,<=50K
22.0,Private,180060.0,HS-grad,9.0,Never-married,Exec-managerial,Not-in-family,White,Male,0.0,0.0,40.0,Yugoslavia,<=50K
40.0,Private,126701.0,9th,5.0,Never-married,Transport-moving,Not-in-family,White,Male,0.0,0.0,45.0,United-States,<=50K
53.0,Self-emp-inc,135643.0,Bachelors,13.0,Married-civ-spouse,Adm-clerical,Wife,Asian-Pac-Islander,Female,0.0,,50.0,South,<=50K
,Private,246519.0,10th,6.0,Married-civ-spouse,Handlers-cleaners,Husband,White,,2105.0,0.0,45.0,United-States,<=50K
25.0,Private,164488.0,Some-college,10.0,Never-married,Handlers-cleaners,Own-child,White,Male,0.0,0.0,40.0,United-States,<=50K
50.0,State-gov,54709.0,HS-grad,,Divorced,Adm-clerical,Unmarried,White,Female,,0.0,46.0,United-States,<=50K
57.0,Private,36091.0,HS-grad,9.0,Separated,Other-service,Unmarried,Amer-Indian-Eskimo,Female,,0.0,112.63219978905336,United-States,>50K
26.0,Private,343506.0,HS-grad,9.0,Never-married,Other-service,Own-child,Black,Female,0.0,0.0,40.0,United-States,<=50K
49.0,Self-emp-not-inc,166003.0,HS-grad,9.0,Married-civ-spouse,Other-service,,White,Male,0.0,0.0,40.0,United-States,<=50K
51.0,Private,120173.0,Assoc-voc,11.0,Married-civ-spouse,Craft-repair,,White,Male,,0.0,50.0,United-States,>50K
70.0,Private,30713.0,HS-grad,,Married-civ-spouse,Farming-fishing,Husband,White,Male,0.0,0.0,30.0,United-States,<=50K
63.0,Private,181153.0,HS-grad,9.0,Married-civ-spouse,Sales,Husband,White,Male,0.0,0.0,35.0,United-States,<=50K
63.0,Self-emp-inc,38472.0,Some-college,10.0,Widowed,Sales,Not-in-family,White,Female,14084.0,0.0,60.0,United-States,>50K
17.0,Private,150262.0,11th,7.0,Never-married,Sales,Own-child,White,Female,0.0,0.0,20.0,United-States,<=50K
36.0,Private,240323.0,Some-college,10.0,Widowed,Adm-clerical,Unmarried,Black,Female,0.0,0.0,40.0,United-States,<=50K
35.0,Private,196491.0,Bachelors,13.0,Never-married,Sales,Not-in-family,White,Male,0.0,0.0,50.0,United-States,<=50K
21.0,Private,70261.0,Some-college,10.0,Never-married,,Own-child,White,Male,0.0,0.0,30.0,United-States,<=50K
37.0,Federal-gov,362006.0,HS-grad,9.0,Married-civ-spouse,Adm-clerical,Wife,White,Female,0.0,0.0,40.0,United-States,>50K
28.0,Private,209641.0,HS-grad,9.0,Never-married,Other-service,Not-in-family,White,Male,0.0,0.0,32.0,United-States,<=50K
45.0,Self-emp-not-inc,,Bachelors,13.0,Divorced,Exec-managerial,Unmarried,White,Male,0.0,0.0,50.0,,<=50K
33.0,Private,,HS-grad,9.0,Married-civ-spouse,Sales,Husband,White,Male,0.0,0.0,40.0,United-States,>50K
31.0,Private,205659.0,Some-college,10.0,Divorced,Adm-clerical,Unmarried,White,Female,,0.0,40.0,,<=50K
26.0,Private,101027.0,HS-grad,9.0,Married-civ-spouse,Sales,Husband,White,Male,0.0,0.0,48.0,United-States,<=50K
35.0,Private,356238.0,Assoc-acdm,12.0,,Other-service,Not-in-family,White,Female,0.0,0.0,80.0,United-States,>50K
45.0,Private,101320.0,HS-grad,9.0,Divorced,Adm-clerical,Unmarried,White,Female,-47889.20366261097,0.0,40.0,United-States,>50K
43.0,Self-emp-not-inc,277488.0,HS-grad,9.0,Married-civ-spouse,Farming-fishing,Husband,White,Male,0.0,0.0,30.0,United-States,<=50K
44.0,Private,108438.0,10th,6.0,Separated,Machine-op-inspct,Unmarried,Black,Female,,0.0,40.0,United-States,<=50K
23.0,Private,37514.0,Some-college,10.0,Never-married,Sales,Not-in-family,White,Male,0.0,0.0,55.0,United-States,<=50K
47.0,Private,284916.0,HS-grad,9.0,Married-civ-spouse,Sales,Husband,White,Male,,0.0,,United-States,>50K
35.0,Local-gov,116960.0,Masters,14.0,,Prof-specialty,Husband,White,Male,0.0,1887.0,40.0,United-States,>50K
36.0,Private,160035.0,HS-grad,9.0,Married-civ-spouse,Craft-repair,Husband,White,Male,3908.0,0.0,55.0,United-States,<=50K
37.0,,102936.0,,13.0,Divorced,Prof-specialty,Unmarried,White,Female,0.0,0.0,55.0,United-States,<=50K
46.0,Private,102359.0,Bachelors,13.0,Divorced,Prof-specialty,Not-in-family,White,Male,0.0,0.0,40.0,United-States,<=50K
41.0,Private,32627.0,HS-grad,,Divorced,Other-service,Not-in-family,White,Male,0.0,0.0,40.0,United-States,<=50K
46.0,Private,189762.0,Assoc-acdm,12.0,Never-married,Tech-support,Not-in-family,White,Male,,0.0,56.0,United-States,<=50K
53.0,Local-gov,202420.0,7th-8th,4.0,Married-civ-spouse,Transport-moving,Husband,Black,,0.0,0.0,40.0,,<=50K
34.0,Private,379412.0,HS-grad,9.0,Married-civ-spouse,Craft-repair,Husband,,Male,0.0,0.0,50.0,United-States,<=50K
44.0,Private,169397.0,HS-grad,9.0,Married-civ-spouse,Craft-repair,Husband,White,Male,0.0,,40.0,United-States,>50K
20.0,Private,33221.0,Some-college,10.0,Never-married,Other-service,Own-child,White,,0.0,0.0,25.0,United-States,<=50K
70.0,Local-gov,127463.0,HS-grad,9.0,Married-civ-spouse,Sales,Husband,White,Male,0.0,0.0,40.0,United-States,<=50K
23.0,Private,60847.0,Assoc-voc,11.0,,Sales,Unmarried,White,Female,,,60.0,United-States,<=50K
34.0,Private,207301.0,,9.0,Divorced,Machine-op-inspct,Unmarried,White,Female,0.0,0.0,20.0,United-States,<=50K
19.0,,140985.0,HS-grad,9.0,Never-married,Craft-repair,Own-child,White,Male,0.0,0.0,40.0,England,<=50K
37.0,Self-emp-not-inc,227253.0,Preschool,1.0,Married-civ-spouse,Sales,Husband,White,Male,0.0,0.0,30.0,Mexico,<=50K
30.0,Private,392812.0,HS-grad,9.0,Never-married,Handlers-cleaners,Not-in-family,White,Male,0.0,0.0,50.0,Germany,<=50K
62.0,Private,272209.0,HS-grad,9.0,Divorced,Priv-house-serv,,Black,Female,0.0,0.0,99.0,United-States,<=50K
46.0,State-gov,192779.0,Bachelors,13.0,,Exec-managerial,Husband,White,Male,55577.20366261097,,40.0,United-States,<=50K
28.0,,296537.0,HS-grad,9.0,,Craft-repair,Husband,White,Male,0.0,0.0,,United-States,<=50K
30.0,Private,110239.0,10th,6.0,Married-civ-spouse,Transport-moving,,White,,0.0,0.0,55.0,United-States,<=50K
34.0,Self-emp-not-inc,209768.0,HS-grad,9.0,Married-civ-spouse,Exec-managerial,Husband,White,Male,0.0,0.0,40.0,United-States,<=50K
28.0,Local-gov,210945.0,Bachelors,13.0,Never-married,Prof-specialty,Not-in-family,Black,Female,0.0,,60.0,United-States,<=50K
55.0,Self-emp-inc,304695.0,Prof-school,15.0,Married-civ-spouse,Prof-specialty,Husband,White,Male,0.0,,55.0,United-States,<=50K
45.0,Private,199058.0,Masters,14.0,Married-civ-spouse,Exec-managerial,Husband,White,Male,7298.0,0.0,50.0,United-States,>50K
61.0,Self-emp-inc,113544.0,Masters,14.0,Married-civ-spouse,,Husband,White,,0.0,0.0,,United-States,>50K
30.0,,201122.0,Bachelors,13.0,Married-civ-spouse,Prof-specialty,,White,Male,0.0,,40.0,United-States,>50K
54.0,Private,219737.0,HS-grad,9.0,Widowed,Sales,Not-in-family,White,Female,0.0,0.0,37.0,United-States,<=50K
23.0,Private,65038.0,HS-grad,9.0,,Sales,Own-child,White,Male,0.0,0.0,40.0,United-States,<=50K
63.0,Private,181929.0,,9.0,Widowed,Exec-managerial,Unmarried,White,Male,0.0,0.0,50.0,United-States,>50K
21.0,State-gov,145651.0,Some-college,10.0,Never-married,Sales,Own-child,Black,Female,0.0,1602.0,12.0,United-States,<=50K
33.0,Self-emp-not-inc,173495.0,HS-grad,9.0,Married-civ-spouse,Craft-repair,Husband,White,Male,0.0,0.0,50.0,United-States,<=50K
23.0,Private,133239.0,Assoc-voc,11.0,Never-married,,Not-in-family,White,Female,0.0,0.0,40.0,United-States,<=50K
49.0,,393715.0,Bachelors,13.0,Married-civ-spouse,Exec-managerial,Husband,White,Male,15024.0,0.0,50.0,United-States,>50K
43.0,Private,143583.0,10th,6.0,Married-civ-spouse,Handlers-cleaners,Husband,Black,Male,0.0,0.0,40.0,United-States,<=50K
47.0,Self-emp-not-inc,106252.0,,13.0,Divorced,Sales,Not-in-family,White,Female,0.0,0.0,50.0,United-States,<=50K
25.0,Private,193379.0,HS-grad,9.0,Never-married,Transport-moving,Not-in-family,White,Male,0.0,0.0,40.0,United-States,<=50K
29.0,Private,606111.0,Bachelors,13.0,Divorced,Exec-managerial,Not-in-family,White,Female,0.0,0.0,40.0,United-States,<=50K
33.0,Private,26252.0,Assoc-acdm,12.0,Never-married,Other-service,Unmarried,Amer-Indian-Eskimo,Female,0.0,0.0,40.0,United-States,<=50K
33.0,Private,150154.0,Bachelors,13.0,Married-civ-spouse,Sales,Husband,White,Male,0.0,0.0,40.0,United-States,<=50K
19.0,Private,89295.0,Some-college,10.0,Never-married,Machine-op-inspct,Own-child,White,Female,0.0,0.0,,United-States,<=50K
23.0,Private,164231.0,11th,7.0,Separated,Prof-specialty,Own-child,White,Male,0.0,0.0,35.0,United-States,<=50K
24.0,Private,403107.0,Preschool,1.0,Never-married,Adm-clerical,Not-in-family,White,Male,0.0,0.0,40.0,Mexico,<=50K
47.0,Federal-gov,87504.0,Bachelors,13.0,Divorced,Tech-support,Unmarried,White,Female,0.0,0.0,50.0,United-States,<=50K
37.0,Private,296212.0,HS-grad,,Separated,Handlers-cleaners,,White,Male,0.0,0.0,48.0,United-States,<=50K
23.0,Private,180339.0,HS-grad,9.0,Separated,Other-service,Unmarried,White,Female,0.0,0.0,40.0,United-States,<=50K
20.0,Private,323573.0,HS-grad,9.0,Never-married,Other-service,,White,,0.0,,20.0,United-States,<=50K
39.0,Self-emp-not-inc,251710.0,10th,6.0,Married-spouse-absent,Other-service,Not-in-family,White,Female,,1721.0,15.0,United-States,<=50K
40.0,Federal-gov,107584.0,Bachelors,13.0,Married-civ-spouse,Craft-repair,Husband,White,Male,0.0,0.0,40.0,United-States,>50K
28.0,Private,308709.0,Bachelors,13.0,Never-married,Sales,Not-in-family,White,Female,0.0,0.0,48.0,,<=50K
57.0,Private,289605.0,9th,,Never-married,Craft-repair,Not-in-family,White,Male,0.0,1617.0,,United-States,<=50K
50.0,Private,168212.0,Masters,14.0,Married-civ-spouse,Craft-repair,Husband,White,Male,0.0,1902.0,45.0,United-States,>50K
31.0,Private,140206.0,HS-grad,9.0,,Machine-op-inspct,Husband,White,Male,0.0,0.0,40.0,United-States,>50K
68.0,,107910.0,HS-grad,9.0,Never-married,Sales,Not-in-family,White,Female,0.0,0.0,40.0,United-States,<=50K
32.0,Private,112176.0,Some-college,10.0,Divorced,Sales,Own-child,White,Male,0.0,0.0,30.0,United-States,<=50K
19.0,Private,294029.0,11th,7.0,Never-married,Sales,Own-child,Other,Female,0.0,0.0,32.0,Nicaragua,<=50K
35.0,Private,385412.0,Bachelors,13.0,Never-married,Adm-clerical,Not-in-family,White,Female,0.0,0.0,40.0,United-States,<=50K
35.0,Self-emp-not-inc,31095.0,Assoc-voc,11.0,Never-married,Farming-fishing,Not-in-family,White,Male,0.0,0.0,60.0,United-States,<=50K
59.0,Self-emp-not-inc,78020.0,,,Married-civ-spouse,Exec-managerial,Husband,White,Male,0.0,0.0,40.0,United-States,<=50K
26.0,Local-gov,314798.0,Some-college,10.0,Never-married,Protective-serv,Not-in-family,White,Male,0.0,0.0,60.0,United-States,>50K
58.0,Private,272902.0,Bachelors,13.0,Widowed,Exec-managerial,Unmarried,White,Female,0.0,,40.0,United-States,<=50K
47.0,Private,151584.0,Prof-school,15.0,Married-civ-spouse,Exec-managerial,Husband,White,Male,7688.0,0.0,60.0,United-States,>50K
44.0,Self-emp-not-inc,234885.0,HS-grad,9.0,Married-civ-spouse,Sales,Wife,White,Female,0.0,0.0,40.0,United-States,>50K
23.0,Federal-gov,244480.0,Some-college,,Never-married,Adm-clerical,Unmarried,White,Female,0.0,0.0,15.0,United-States,<=50K
45.0,Private,,Masters,,Married-civ-spouse,Prof-specialty,Husband,White,Male,0.0,0.0,50.0,United-States,>50K
56.0,Private,70720.0,12th,8.0,Married-civ-spouse,Prof-specialty,Husband,White,Male,0.0,0.0,40.0,United-States,>50K
31.0,Private,208657.0,Some-college,10.0,Divorced,Adm-clerical,,White,Female,0.0,0.0,40.0,United-States,<=50K
49.0,Private,148549.0,Bachelors,13.0,Married-civ-spouse,Exec-managerial,Husband,White,Male,0.0,1902.0,50.0,United-States,>50K
,Private,221172.0,Bachelors,,Married-civ-spouse,Craft-repair,Husband,White,Male,0.0,0.0,40.0,United-States,>50K
46.0,State-gov,111163.0,HS-grad,9.0,Separated,Adm-clerical,Unmarried,White,Female,0.0,0.0,38.0,United-States,<=50K
68.0,Self-emp-not-inc,198884.0,HS-grad,9.0,Married-civ-spouse,Craft-repair,Husband,White,Male,0.0,0.0,25.0,United-States,<=50K
17.0,Private,231439.0,11th,7.0,Never-married,Handlers-cleaners,Own-child,White,Male,0.0,,,United-States,<=50K
54.0,Private,143804.0,10th,6.0,Married-civ-spouse,Machine-op-inspct,Husband,White,Male,0.0,0.0,40.0,United-States,<=50K
40.0,Private,277488.0,7th-8th,4.0,Married-civ-spouse,Machine-op-inspct,Husband,White,Male,0.0,0.0,40.0,United-States,<=50K
,Private,348430.0,HS-grad,9.0,Married-civ-spouse,Craft-repair,Husband,White,Male,0.0,0.0,40.0,United-States,>50K
38.0,Private,191137.0,10th,6.0,Married-civ-spouse,Other-service,Husband,White,Male,0.0,0.0,40.0,United-States,<=50K
,Private,283921.0,,10.0,Married-civ-spouse,Craft-repair,Husband,White,Male,0.0,0.0,40.0,United-States,<=50K
20.0,Private,39477.0,Some-college,10.0,Never-married,Farming-fishing,Not-in-family,White,Female,0.0,,40.0,United-States,<=50K
44.0,Federal-gov,55363.0,Bachelors,13.0,Married-civ-spouse,Prof-specialty,Husband,White,Male,0.0,1887.0,40.0,United-States,>50K
55.0,Self-emp-not-inc,110844.0,HS-grad,9.0,Married-civ-spouse,Exec-managerial,Wife,White,Female,0.0,0.0,40.0,United-States,<=50K
50.0,Private,118565.0,11th,7.0,Married-civ-spouse,Machine-op-inspct,Husband,Black,Male,0.0,0.0,40.0,United-States,<=50K
67.0,Self-emp-inc,106175.0,Bachelors,13.0,Married-civ-spouse,Exec-managerial,Husband,White,Male,0.0,2392.0,,United-States,>50K
45.0,Private,239058.0,Bachelors,13.0,Divorced,Adm-clerical,Unmarried,White,Female,0.0,0.0,45.0,United-States,<=50K
17.0,Private,206506.0,10th,6.0,Never-married,Handlers-cleaners,Other-relative,White,Male,0.0,0.0,10.0,El-Salvador,<=50K
51.0,Self-emp-inc,182211.0,Some-college,10.0,Divorced,,Own-child,White,Female,0.0,0.0,70.0,United-States,<=50K
24.0,Private,128487.0,Bachelors,13.0,Never-married,Adm-clerical,Not-in-family,White,Female,0.0,0.0,40.0,United-States,<=50K
29.0,State-gov,191355.0,Masters,14.0,Never-married,Prof-specialty,Not-in-family,,Male,0.0,0.0,40.0,United-States,<=50K
65.0,Local-gov,146454.0,,14.0,Married-civ-spouse,Prof-specialty,Husband,White,Male,0.0,,4.0,Greece,<=50K
58.0,State-gov,194068.0,Masters,14.0,Married-civ-spouse,Prof-specialty,Husband,White,Male,0.0,1977.0,50.0,United-States,>50K
50.0,Private,100109.0,Bachelors,13.0,Divorced,Exec-managerial,Unmarried,White,Male,0.0,0.0,45.0,United-States,>50K
17.0,Private,177629.0,11th,7.0,Never-married,Sales,Own-child,White,Female,0.0,0.0,20.0,United-States,<=50K
22.0,Local-gov,399020.0,Some-college,10.0,Never-married,Adm-clerical,Not-in-family,,Female,0.0,0.0,55.0,United-States,<=50K
53.0,Federal-gov,173093.0,Some-college,,Married-civ-spouse,Exec-managerial,Wife,Asian-Pac-Islander,Female,0.0,1887.0,40.0,Philippines,>50K
56.0,Private,177271.0,Masters,14.0,Married-civ-spouse,Exec-managerial,Husband,White,Male,0.0,0.0,50.0,United-States,>50K
51.0,Private,,HS-grad,9.0,Married-civ-spouse,Transport-moving,Husband,White,Male,0.0,0.0,50.0,United-States,<=50K
40.0,Private,194360.0,9th,5.0,Married-civ-spouse,Handlers-cleaners,Husband,White,Male,0.0,0.0,40.0,United-States,<=50K
35.0,Self-emp-not-inc,176101.0,HS-grad,9.0,Married-civ-spouse,Farming-fishing,Husband,,Male,,0.0,80.0,United-States,>50K
27.0,Private,225291.0,Some-college,10.0,,Adm-clerical,Not-in-family,White,Female,,0.0,40.0,,<=50K
57.0,Private,180636.0,Some-college,10.0,Married-civ-spouse,Craft-repair,Husband,White,Male,0.0,0.0,40.0,United-States,<=50K
29.0,Private,195446.0,HS-grad,9.0,Married-civ-spouse,Craft-repair,Husband,White,Male,0.0,0.0,40.0,United-States,<=50K
49.0,Self-emp-not-inc,,Doctorate,16.0,Never-married,Prof-specialty,Not-in-family,White,Male,99999.0,0.0,70.0,,>50K
31.0,Private,48189.0,HS-grad,9.0,Married-civ-spouse,Transport-moving,Husband,White,Male,0.0,0.0,45.0,United-States,<=50K
31.0,Private,43953.0,Bachelors,13.0,Married-civ-spouse,Prof-specialty,Wife,,Female,0.0,,35.0,United-States,<=50K
19.0,Private,87497.0,11th,7.0,Never-married,Transport-moving,Other-relative,White,Male,0.0,0.0,10.0,United-States,<=50K
55.0,Self-emp-not-inc,124975.0,HS-grad,9.0,Divorced,Craft-repair,Unmarried,White,Male,27828.0,0.0,55.0,United-States,>50K
57.0,State-gov,247624.0,Masters,14.0,Married-civ-spouse,,Husband,White,Male,0.0,0.0,40.0,United-States,>50K
62.0,Private,,Bachelors,13.0,Married-civ-spouse,Exec-managerial,Husband,,Male,0.0,1902.0,1.0,United-States,>50K
18.0,Private,208447.0,12th,8.0,Never-married,Handlers-cleaners,Own-child,White,Male,0.0,0.0,6.0,United-States,<=50K
67.0,Self-emp-inc,116986.0,12th,8.0,Married-civ-spouse,Exec-managerial,Husband,White,Male,0.0,0.0,20.0,United-States,<=50K
35.0,Private,117381.0,Bachelors,13.0,Never-married,Exec-managerial,Not-in-family,White,Male,8614.0,0.0,45.0,United-States,>50K
29.0,Private,444304.0,Bachelors,13.0,Married-civ-spouse,Prof-specialty,Husband,White,Male,0.0,0.0,40.0,United-States,>50K
55.0,Private,202220.0,HS-grad,9.0,Married-civ-spouse,Other-service,Wife,Black,Female,2407.0,0.0,35.0,United-States,<=50K
35.0,Private,54595.0,10th,6.0,Widowed,Other-service,Not-in-family,Black,Female,0.0,1980.0,40.0,United-States,<=50K
29.0,Private,255364.0,,10.0,Divorced,Other-service,Own-child,White,Male,594.0,0.0,24.0,United-States,<=50K
59.0,Private,70796.0,HS-grad,9.0,Married-civ-spouse,Priv-house-serv,Wife,Black,Female,0.0,0.0,15.0,United-States,<=50K
19.0,Private,306225.0,HS-grad,9.0,Never-married,Handlers-cleaners,Own-child,White,Male,0.0,0.0,25.0,United-States,<=50K
53.0,Private,149784.0,HS-grad,9.0,Married-civ-spouse,Machine-op-inspct,Husband,White,Male,0.0,,40.0,United-States,<=50K
74.0,Private,101590.0,Prof-school,15.0,Widowed,Adm-clerical,Not-in-family,Black,Female,,,20.0,United-States,<=50K
46.0,Local-gov,359193.0,Some-college,10.0,Divorced,Adm-clerical,Unmarried,White,Female,0.0,0.0,45.0,United-States,<=50K
51.0,Local-gov,26832.0,HS-grad,9.0,Married-civ-spouse,,Husband,White,Male,0.0,0.0,40.0,United-States,>50K
27.0,Private,33429.0,Some-college,10.0,Divorced,Adm-clerical,Unmarried,White,Female,0.0,0.0,40.0,United-States,<=50K
29.0,Private,233421.0,Bachelors,13.0,Married-civ-spouse,Craft-repair,Husband,White,Male,3411.0,0.0,45.0,United-States,<=50K
39.0,Private,444219.0,HS-grad,9.0,Married-civ-spouse,Craft-repair,Wife,Black,Female,0.0,0.0,45.0,United-States,<=50K
26.0,Private,,Bachelors,13.0,Never-married,,Not-in-family,White,Female,0.0,0.0,40.0,United-States,<=50K
55.0,Private,,Bachelors,13.0,Married-civ-spouse,Other-service,Other-relative,Asian-Pac-Islander,Male,0.0,0.0,35.0,Philippines,<=50K
37.0,Private,269722.0,HS-grad,9.0,Never-married,Adm-clerical,Own-child,White,Male,,0.0,38.0,United-States,<=50K
33.0,Private,172579.0,HS-grad,9.0,Married-civ-spouse,Craft-repair,Wife,White,Female,0.0,0.0,40.0,United-States,<=50K
20.0,Private,312017.0,Some-college,10.0,Never-married,Protective-serv,Own-child,White,Male,0.0,0.0,40.0,Germany,<=50K
30.0,Private,236770.0,HS-grad,9.0,Married-civ-spouse,,Husband,White,Male,0.0,0.0,40.0,United-States,<=50K
70.0,Private,132670.0,Masters,14.0,Married-civ-spouse,Sales,Husband,White,Male,9386.0,0.0,4.0,United-States,>50K
35.0,Private,235485.0,Bachelors,13.0,Married-civ-spouse,Exec-managerial,Husband,White,Male,0.0,0.0,40.0,United-States,>50K
25.0,State-gov,99076.0,Bachelors,13.0,Never-married,Other-service,Not-in-family,White,Female,,0.0,50.0,United-States,<=50K
47.0,Private,248059.0,Some-college,10.0,Married-civ-spouse,Other-service,Husband,,Male,0.0,0.0,47.0,United-States,>50K
24.0,Private,194247.0,Bachelors,13.0,Never-married,Sales,Not-in-family,White,Male,0.0,-2389.4466063488135,40.0,United-States,>50K
71.0,Private,29770.0,Some-college,10.0,Widowed,Other-service,Not-in-family,White,Female,0.0,0.0,28.0,United-States,<=50K
33.0,Private,70240.0,Some-college,10.0,Never-married,Other-service,Own-child,Asian-Pac-Islander,Female,0.0,0.0,40.0,Philippines,<=50K
48.0,Self-emp-inc,188694.0,Doctorate,16.0,Married-civ-spouse,Exec-managerial,Husband,White,Male,0.0,0.0,,United-States,>50K
24.0,Private,278391.0,Assoc-acdm,12.0,Never-married,Sales,Own-child,White,Male,0.0,0.0,,United-States,<=50K
35.0,Private,174938.0,HS-grad,9.0,Married-civ-spouse,Adm-clerical,Husband,White,Male,0.0,0.0,40.0,United-States,<=50K
45.0,Private,155659.0,HS-grad,9.0,Married-civ-spouse,Craft-repair,Husband,White,Male,0.0,0.0,40.0,United-States,>50K
44.0,Private,173590.0,Bachelors,13.0,Married-civ-spouse,Prof-specialty,Husband,White,Male,0.0,0.0,3.0,United-States,<=50K
74.0,Private,172787.0,HS-grad,9.0,Widowed,Adm-clerical,Not-in-family,White,,0.0,2282.0,35.0,United-States,>50K
21.0,Private,32950.0,Some-college,10.0,Never-married,Sales,Unmarried,White,Male,0.0,0.0,40.0,United-States,<=50K
24.0,State-gov,165201.0,Some-college,10.0,Married-civ-spouse,Adm-clerical,,White,Female,0.0,0.0,45.0,United-States,<=50K
39.0,Federal-gov,30673.0,9th,5.0,Married-civ-spouse,Machine-op-inspct,Husband,White,Male,0.0,0.0,40.0,United-States,>50K
18.0,Private,170094.0,HS-grad,9.0,Never-married,Handlers-cleaners,Own-child,,Female,0.0,0.0,20.0,United-States,<=50K
52.0,Private,253784.0,11th,7.0,Divorced,Other-service,Unmarried,White,Female,0.0,0.0,20.0,United-States,<=50K
72.0,Private,132753.0,Some-college,10.0,Married-civ-spouse,Adm-clerical,Husband,White,Male,0.0,0.0,-57.632199789053374,United-States,>50K
58.0,Federal-gov,30111.0,Some-college,10.0,Widowed,Prof-specialty,Unmarried,Amer-Indian-Eskimo,Female,0.0,0.0,40.0,United-States,<=50K
51.0,Private,103803.0,,9.0,Married-civ-spouse,Machine-op-inspct,Husband,Black,Male,0.0,0.0,50.0,United-States,<=50K
18.0,,112974.0,11th,7.0,Never-married,Prof-specialty,,White,Male,0.0,0.0,3.0,United-States,<=50K
31.0,Private,243773.0,9th,5.0,Never-married,Other-service,Unmarried,White,Female,0.0,0.0,20.0,United-States,<=50K
44.0,Private,88808.0,12th,8.0,Married-civ-spouse,Transport-moving,Husband,White,Male,0.0,0.0,,United-States,<=50K
68.0,Federal-gov,232151.0,Some-college,10.0,Divorced,Adm-clerical,Other-relative,Black,Female,2346.0,0.0,40.0,United-States,<=50K
46.0,Private,192208.0,10th,6.0,Married-civ-spouse,Craft-repair,Husband,White,Male,0.0,0.0,45.0,United-States,<=50K
35.0,Private,343403.0,Some-college,10.0,Never-married,Sales,Not-in-family,White,Female,,0.0,40.0,United-States,<=50K
39.0,Private,342768.0,Some-college,10.0,Married-civ-spouse,Transport-moving,Husband,White,Male,0.0,0.0,40.0,United-States,>50K
33.0,Private,123031.0,HS-grad,9.0,Married-spouse-absent,Adm-clerical,Unmarried,Amer-Indian-Eskimo,,0.0,0.0,40.0,United-States,<=50K
30.0,Private,118551.0,Bachelors,13.0,Never-married,Sales,Not-in-family,White,Female,0.0,0.0,35.0,United-States,>50K
49.0,Private,142287.0,Some-college,10.0,Married-civ-spouse,Adm-clerical,Husband,White,Male,0.0,1902.0,50.0,United-States,>50K
34.0,Private,377850.0,Some-college,10.0,Married-civ-spouse,Adm-clerical,Husband,White,Male,,0.0,50.0,United-States,>50K
29.0,Private,161478.0,Bachelors,13.0,Never-married,Adm-clerical,Not-in-family,Asian-Pac-Islander,Female,0.0,0.0,40.0,Japan,<=50K
30.0,Private,117963.0,Bachelors,13.0,Married-civ-spouse,Adm-clerical,Husband,,Male,0.0,0.0,40.0,United-States,>50K
42.0,Private,33155.0,HS-grad,9.0,Married-civ-spouse,Craft-repair,Husband,White,Male,0.0,0.0,85.0,United-States,<=50K
40.0,,193494.0,HS-grad,9.0,Married-civ-spouse,Handlers-cleaners,Husband,White,Male,0.0,,46.0,United-States,<=50K
34.0,Private,185063.0,Some-college,10.0,Married-civ-spouse,Machine-op-inspct,Husband,,Male,,0.0,45.0,United-States,>50K
19.0,Private,316797.0,7th-8th,4.0,Married-civ-spouse,,,White,Male,0.0,0.0,45.0,Mexico,<=50K
27.0,Self-emp-not-inc,208577.0,,10.0,Married-civ-spouse,Exec-managerial,Husband,White,Male,0.0,0.0,45.0,United-States,>50K
35.0,Private,115792.0,Bachelors,13.0,Married-civ-spouse,Prof-specialty,Husband,White,Male,0.0,0.0,55.0,United-States,<=50K
50.0,Self-emp-not-inc,29231.0,HS-grad,9.0,Married-civ-spouse,Exec-managerial,Husband,White,Male,0.0,0.0,45.0,United-States,>50K
20.0,,275421.0,Some-college,10.0,Never-married,Sales,,White,Female,0.0,,20.0,United-States,<=50K
28.0,Private,207473.0,Some-college,10.0,Married-civ-spouse,Transport-moving,Husband,White,Male,0.0,0.0,40.0,El-Salvador,<=50K
40.0,Private,189666.0,HS-grad,9.0,Married-civ-spouse,Other-service,Husband,White,Male,0.0,0.0,45.0,United-States,<=50K
45.0,Private,411273.0,7th-8th,4.0,Married-civ-spouse,Craft-repair,Husband,Black,Male,0.0,0.0,40.0,United-States,<=50K
46.0,Local-gov,125892.0,Some-college,10.0,Married-civ-spouse,Protective-serv,Husband,White,Male,0.0,0.0,40.0,United-States,>50K
48.0,Private,158685.0,HS-grad,9.0,Divorced,Other-service,Not-in-family,White,Female,0.0,0.0,16.0,United-States,<=50K
21.0,Private,344492.0,Some-college,10.0,Never-married,Other-service,Own-child,White,Female,0.0,0.0,30.0,United-States,<=50K
,Private,175912.0,HS-grad,9.0,Widowed,Machine-op-inspct,Unmarried,White,Male,914.0,0.0,40.0,United-States,<=50K
44.0,Private,52028.0,1st-4th,17.4862381985065,Married-civ-spouse,Other-service,Wife,Asian-Pac-Islander,Female,,0.0,40.0,Vietnam,>50K
20.0,Private,191948.0,HS-grad,9.0,Married-civ-spouse,Other-service,Other-relative,White,Female,0.0,0.0,40.0,United-States,<=50K
27.0,Private,160178.0,Some-college,10.0,Divorced,Adm-clerical,Not-in-family,White,Female,0.0,0.0,38.0,United-States,<=50K
40.0,Private,111336.0,HS-grad,,Divorced,Machine-op-inspct,Unmarried,Black,,0.0,0.0,28.0,United-States,<=50K
30.0,Private,236379.0,11th,7.0,Never-married,Transport-moving,Unmarried,White,Male,0.0,0.0,30.0,United-States,<=50K
45.0,Private,,Masters,14.0,Married-civ-spouse,Prof-specialty,Husband,White,Male,0.0,0.0,,United-States,<=50K
38.0,Private,,Bachelors,13.0,Never-married,Other-service,Not-in-family,White,Male,0.0,0.0,48.0,United-States,<=50K
40.0,Private,223881.0,Some-college,10.0,Divorced,Tech-support,Not-in-family,White,Male,0.0,0.0,50.0,United-States,<=50K
28.0,Self-emp-inc,109001.0,Bachelors,,Never-married,Exec-managerial,Own-child,White,Male,0.0,0.0,60.0,United-States,<=50K
28.0,Private,132326.0,,9.0,Never-married,Adm-clerical,Own-child,White,Male,0.0,0.0,40.0,United-States,<=50K
67.0,Local-gov,181220.0,Some-college,10.0,Divorced,Adm-clerical,Not-in-family,Black,Female,0.0,0.0,20.0,United-States,<=50K
50.0,Local-gov,-477278.9330611756,7th-8th,4.0,Married-civ-spouse,Transport-moving,Husband,White,Male,0.0,0.0,40.0,United-States,>50K
35.0,,475324.0,Bachelors,13.0,Married-civ-spouse,Exec-managerial,Husband,White,Male,0.0,0.0,40.0,United-States,>50K
24.0,Private,311311.0,Bachelors,13.0,Never-married,Machine-op-inspct,Not-in-family,White,Male,0.0,0.0,65.0,United-States,<=50K
55.0,Self-emp-inc,392325.0,Bachelors,13.0,,Sales,Husband,White,Male,99999.0,0.0,60.0,United-States,>50K
,Self-emp-not-inc,321865.0,Prof-school,15.0,Divorced,Prof-specialty,Not-in-family,White,Male,0.0,0.0,60.0,United-States,>50K
53.0,Private,321865.0,Prof-school,15.0,Never-married,Adm-clerical,Not-in-family,White,Male,0.0,0.0,40.0,United-States,>50K
35.0,Self-emp-not-inc,207568.0,7th-8th,4.0,Married-civ-spouse,Farming-fishing,Husband,White,Male,0.0,0.0,75.0,United-States,<=50K
42.0,State-gov,136996.0,Some-college,10.0,Married-civ-spouse,Protective-serv,Husband,Black,Male,0.0,0.0,48.0,United-States,<=50K
33.0,,189145.0,Bachelors,13.0,,Prof-specialty,Not-in-family,White,Female,0.0,0.0,20.0,United-States,<=50K
34.0,Private,287315.0,HS-grad,9.0,Divorced,Machine-op-inspct,Not-in-family,White,Male,0.0,,40.0,United-States,<=50K
51.0,Private,87205.0,Bachelors,13.0,Married-civ-spouse,Adm-clerical,,White,Female,7688.0,0.0,20.0,United-States,>50K
41.0,State-gov,309056.0,Doctorate,0.5137618014935015,Married-civ-spouse,Prof-specialty,Husband,White,Male,,0.0,50.0,United-States,<=50K
47.0,Self-emp-not-inc,173613.0,Some-college,10.0,Divorced,Exec-managerial,Not-in-family,White,Female,0.0,0.0,65.0,United-States,<=50K
46.0,Private,24728.0,HS-grad,9.0,Never-married,Craft-repair,Not-in-family,White,Female,0.0,0.0,48.0,United-States,<=50K
68.0,Private,253866.0,Bachelors,13.0,Married-civ-spouse,Sales,Husband,White,Male,0.0,0.0,30.0,United-States,<=50K
46.0,Local-gov,313635.0,Prof-school,15.0,Separated,Prof-specialty,Not-in-family,Black,Male,4650.0,0.0,40.0,United-States,<=50K
123.7819770088162,State-gov,191001.0,Bachelors,13.0,Married-civ-spouse,Adm-clerical,Husband,White,Male,7688.0,,40.0,United-States,<=50K
55.0,Self-emp-inc,147098.0,HS-grad,9.0,Divorced,Exec-managerial,Unmarried,White,Male,0.0,2444.0,60.0,United-States,>50K
20.0,Private,44793.0,Some-college,10.0,Never-married,Transport-moving,Not-in-family,White,Male,0.0,0.0,60.0,United-States,<=50K
19.0,Private,391329.0,Some-college,10.0,Never-married,Adm-clerical,Not-in-family,White,Female,0.0,0.0,30.0,United-States,<=50K
28.0,Private,70034.0,9th,5.0,Never-married,Machine-op-inspct,Own-child,White,Male,,0.0,40.0,Portugal,<=50K
22.0,Private,378104.0,HS-grad,9.0,Never-married,Handlers-cleaners,Own-child,White,Male,0.0,0.0,40.0,United-States,<=50K
22.0,Private,214542.0,Some-college,10.0,Never-married,Adm-clerical,Own-child,White,Male,0.0,0.0,40.0,United-States,<=50K
47.0,Private,139268.0,HS-grad,9.0,Married-civ-spouse,Tech-support,Husband,,Male,0.0,0.0,40.0,United-States,<=50K
,Private,127195.0,Some-college,10.0,Married-civ-spouse,Exec-managerial,Husband,White,Male,0.0,0.0,40.0,United-States,<=50K
43.0,Local-gov,233865.0,HS-grad,9.0,Married-civ-spouse,Exec-managerial,Husband,White,Male,0.0,0.0,40.0,United-States,>50K
42.0,Private,482211.0,HS-grad,9.0,Never-married,Craft-repair,Other-relative,White,Male,0.0,,40.0,,<=50K
24.0,Private,44493.0,Assoc-voc,11.0,Married-civ-spouse,Craft-repair,Wife,White,Female,0.0,0.0,40.0,United-States,<=50K
48.0,Self-emp-not-inc,191277.0,Doctorate,16.0,Married-civ-spouse,Prof-specialty,Husband,White,Male,0.0,1902.0,60.0,United-States,>50K
28.0,Private,246933.0,HS-grad,9.0,Never-married,Sales,Own-child,White,Male,0.0,0.0,40.0,United-States,<=50K
45.0,Private,80430.0,,9.0,,Other-service,Not-in-family,White,Female,0.0,0.0,40.0,United-States,<=50K
49.0,Self-emp-not-inc,308241.0,HS-grad,9.0,Married-civ-spouse,Sales,Wife,White,Female,0.0,0.0,60.0,United-States,<=50K
60.0,Private,80574.0,HS-grad,9.0,Divorced,Other-service,Unmarried,White,Female,0.0,0.0,38.0,United-States,<=50K
30.0,Private,238186.0,HS-grad,9.0,Married-civ-spouse,Machine-op-inspct,Other-relative,White,Male,0.0,2057.0,48.0,United-States,<=50K
,Private,160261.0,Assoc-voc,11.0,Married-civ-spouse,Tech-support,Husband,Asian-Pac-Islander,Male,0.0,0.0,10.0,United-States,<=50K
43.0,,145762.0,Bachelors,13.0,Married-civ-spouse,Exec-managerial,Husband,,Male,0.0,,40.0,,<=50K
42.0,Private,154374.0,HS-grad,9.0,Married-civ-spouse,Transport-moving,Husband,White,Male,0.0,0.0,50.0,United-States,>50K
45.0,Private,256367.0,12th,8.0,Divorced,Farming-fishing,Not-in-family,Black,Male,0.0,0.0,,United-States,<=50K
31.0,,,Bachelors,13.0,Divorced,Prof-specialty,Not-in-family,White,Male,0.0,0.0,40.0,,<=50K
63.0,Private,200127.0,HS-grad,9.0,Widowed,Adm-clerical,Not-in-family,White,Female,0.0,0.0,40.0,United-States,<=50K
35.0,Private,282951.0,Bachelors,13.0,Married-civ-spouse,Exec-managerial,Husband,White,Male,,0.0,70.0,United-States,<=50K
41.0,Local-gov,207685.0,Masters,14.0,Married-civ-spouse,Prof-specialty,Husband,White,Male,0.0,0.0,61.0,,>50K
24.0,Private,179423.0,HS-grad,9.0,Never-married,Adm-clerical,Own-child,White,Female,0.0,0.0,40.0,United-States,<=50K
58.0,Local-gov,100054.0,Masters,14.0,Married-civ-spouse,Prof-specialty,Husband,White,Male,0.0,0.0,40.0,United-States,>50K
46.0,Private,67001.0,Doctorate,16.0,Married-civ-spouse,Prof-specialty,Husband,White,Male,0.0,,40.0,United-States,>50K
35.0,Private,187625.0,,10.0,Married-civ-spouse,,Wife,White,Female,0.0,0.0,40.0,United-States,>50K
71.0,Self-emp-not-inc,141742.0,,9.0,Widowed,Farming-fishing,Unmarried,White,Male,1731.0,0.0,5.0,United-States,<=50K
29.0,State-gov,143139.0,10th,6.0,Never-married,Craft-repair,Unmarried,White,Male,0.0,0.0,-32.632199789053374,United-States,>50K
34.0,Private,329288.0,HS-grad,9.0,Married-civ-spouse,Machine-op-inspct,Husband,White,Male,4386.0,0.0,55.0,United-States,>50K
42.0,Private,99373.0,HS-grad,9.0,Never-married,Machine-op-inspct,Not-in-family,White,Female,0.0,0.0,40.0,United-States,<=50K
47.0,Private,155659.0,Some-college,10.0,Married-civ-spouse,Craft-repair,,,Male,55577.20366261097,0.0,55.0,United-States,<=50K
67.0,Private,23580.0,Assoc-acdm,12.0,Divorced,Tech-support,Not-in-family,White,Female,0.0,0.0,40.0,United-States,<=50K
43.0,Private,245056.0,HS-grad,9.0,Married-civ-spouse,,Husband,Black,Male,0.0,0.0,40.0,United-States,>50K
29.0,Self-emp-inc,168221.0,Bachelors,13.0,Married-civ-spouse,Exec-managerial,Husband,White,Male,0.0,1740.0,,United-States,<=50K
44.0,Private,180599.0,HS-grad,9.0,Never-married,Craft-repair,Own-child,White,Male,0.0,0.0,40.0,United-States,>50K
30.0,Private,190228.0,HS-grad,9.0,Married-civ-spouse,Handlers-cleaners,Husband,White,,0.0,0.0,40.0,United-States,<=50K
24.0,Private,278155.0,Some-college,10.0,Never-married,Machine-op-inspct,Not-in-family,White,Male,0.0,0.0,30.0,United-States,<=50K
25.0,Private,130302.0,HS-grad,9.0,Never-married,,Unmarried,White,Male,0.0,0.0,40.0,United-States,<=50K
40.0,Private,70539.0,Some-college,10.0,Married-civ-spouse,Sales,Husband,White,Male,4386.0,0.0,,United-States,<=50K
28.0,Self-emp-not-inc,254989.0,11th,7.0,,Sales,Own-child,White,Male,0.0,,40.0,United-States,<=50K
32.0,Private,86808.0,Some-college,10.0,Never-married,Other-service,Own-child,White,Female,0.0,,38.0,United-States,<=50K
35.0,Private,208165.0,HS-grad,9.0,Divorced,Exec-managerial,,White,Female,0.0,0.0,50.0,,<=50K
,Private,48988.0,Some-college,10.0,Never-married,Transport-moving,Not-in-family,White,Male,0.0,0.0,40.0,United-States,<=50K
19.0,Private,693066.0,12th,8.0,Never-married,Other-service,Own-child,White,Female,0.0,0.0,15.0,United-States,<=50K
19.0,,238144.0,Some-college,10.0,Divorced,Adm-clerical,Not-in-family,White,Female,0.0,0.0,20.0,United-States,<=50K
39.0,Private,181384.0,Assoc-acdm,12.0,Never-married,Adm-clerical,Not-in-family,,Male,0.0,0.0,20.0,United-States,<=50K
35.0,Local-gov,331395.0,Assoc-voc,11.0,Married-civ-spouse,Protective-serv,Husband,White,Male,0.0,0.0,42.0,United-States,<=50K
45.0,Local-gov,213620.0,Bachelors,13.0,Divorced,Prof-specialty,Not-in-family,White,Female,0.0,0.0,50.0,,>50K
54.0,Private,135388.0,HS-grad,9.0,Married-civ-spouse,Craft-repair,,White,Male,5178.0,0.0,40.0,United-States,>50K
52.0,Private,167527.0,11th,7.0,Widowed,Other-service,,Black,Female,0.0,0.0,40.0,United-States,<=50K
34.0,Private,398874.0,Bachelors,13.0,Never-married,Prof-specialty,Not-in-family,White,Male,0.0,0.0,42.0,United-States,<=50K
33.0,Private,118710.0,Assoc-voc,11.0,Divorced,Adm-clerical,Not-in-family,White,Male,0.0,0.0,40.0,,<=50K
131.7819770088162,Local-gov,260106.0,Prof-school,15.0,Divorced,Prof-specialty,Not-in-family,White,Female,0.0,0.0,50.0,United-States,>50K
21.0,Private,138768.0,Some-college,10.0,Never-married,Sales,Other-relative,,Male,0.0,0.0,40.0,United-States,<=50K
66.0,Private,423883.0,HS-grad,9.0,Married-civ-spouse,,Husband,,Male,0.0,0.0,40.0,United-States,<=50K
63.0,Local-gov,28856.0,7th-8th,4.0,Married-civ-spouse,Other-service,Husband,White,Male,0.0,,55.0,United-States,<=50K
30.0,,195602.0,12th,8.0,Married-civ-spouse,Farming-fishing,Husband,White,Male,0.0,0.0,44.0,United-States,<=50K
57.0,Self-emp-not-inc,247337.0,HS-grad,9.0,Married-civ-spouse,Sales,Husband,White,Male,0.0,0.0,72.0,United-States,<=50K
27.0,Private,118230.0,Some-college,10.0,Never-married,Adm-clerical,Own-child,White,Female,0.0,0.0,40.0,United-States,<=50K
49.0,Private,155489.0,Bachelors,13.0,Married-civ-spouse,Craft-repair,Husband,White,Male,0.0,0.0,40.0,United-States,<=50K
30.0,Local-gov,,Assoc-acdm,12.0,Married-civ-spouse,Protective-serv,Husband,White,Male,5013.0,0.0,45.0,United-States,<=50K
41.0,Private,176452.0,HS-grad,9.0,Married-civ-spouse,Tech-support,,White,Male,0.0,0.0,40.0,Peru,<=50K
27.0,,185647.0,HS-grad,9.0,Married-civ-spouse,Machine-op-inspct,Husband,White,Male,0.0,0.0,50.0,United-States,>50K
65.0,,226215.0,Bachelors,,Married-civ-spouse,Sales,Husband,White,Male,0.0,0.0,15.0,United-States,<=50K
21.0,Private,209067.0,HS-grad,9.0,Never-married,Other-service,Own-child,White,Female,0.0,,40.0,United-States,<=50K
35.0,Private,356838.0,Some-college,10.0,Married-civ-spouse,Tech-support,Husband,White,,2829.0,0.0,55.0,Poland,<=50K
,Private,251841.0,,11.0,Never-married,Exec-managerial,Not-in-family,White,Female,0.0,0.0,43.0,United-States,<=50K
42.0,,74334.0,Masters,14.0,Married-civ-spouse,Adm-clerical,Husband,Amer-Indian-Eskimo,Male,0.0,0.0,40.0,,>50K
40.0,Private,103513.0,Masters,14.0,Married-civ-spouse,Sales,Husband,White,Male,0.0,0.0,40.0,United-States,<=50K
31.0,Private,143851.0,Assoc-acdm,12.0,Married-civ-spouse,Prof-specialty,Wife,White,Female,0.0,0.0,40.0,United-States,>50K
35.0,Private,102976.0,HS-grad,9.0,Divorced,Exec-managerial,Not-in-family,White,Male,0.0,0.0,50.0,United-States,<=50K
25.0,Private,190107.0,Bachelors,13.0,Never-married,Prof-specialty,Not-in-family,White,Male,,0.0,35.0,United-States,<=50K
46.0,State-gov,421223.0,Some-college,10.0,Never-married,Exec-managerial,Not-in-family,White,Female,,0.0,40.0,United-States,<=50K
24.0,Private,176189.0,HS-grad,9.0,Married-civ-spouse,Machine-op-inspct,Husband,White,,0.0,0.0,40.0,United-States,<=50K
20.0,State-gov,318382.0,HS-grad,9.0,Never-married,Adm-clerical,Not-in-family,,Male,0.0,0.0,40.0,United-States,<=50K
37.0,Private,410034.0,Some-college,10.0,Divorced,,Not-in-family,White,Male,0.0,0.0,40.0,United-States,<=50K
36.0,Local-gov,298717.0,HS-grad,9.0,Married-civ-spouse,Exec-managerial,Husband,White,Male,,0.0,40.0,United-States,<=50K
29.0,State-gov,271012.0,10th,6.0,Never-married,Other-service,Own-child,Black,Female,0.0,0.0,40.0,United-States,<=50K
33.0,Private,168981.0,1st-4th,2.0,Never-married,,Own-child,White,Female,0.0,0.0,24.0,United-States,<=50K
38.0,Local-gov,326701.0,Assoc-acdm,12.0,Married-civ-spouse,Craft-repair,Husband,,Male,0.0,0.0,40.0,United-States,>50K
29.0,Private,241607.0,HS-grad,9.0,Never-married,Craft-repair,Not-in-family,White,Male,2597.0,0.0,40.0,United-States,<=50K
39.0,Private,306646.0,Assoc-acdm,12.0,Married-civ-spouse,Exec-managerial,Husband,White,Male,0.0,0.0,50.0,United-States,>50K
37.0,Private,189382.0,Assoc-acdm,,Divorced,Adm-clerical,Not-in-family,White,Female,0.0,1504.0,40.0,United-States,<=50K
52.0,Private,110563.0,Some-college,10.0,Married-civ-spouse,Exec-managerial,Husband,White,Male,0.0,0.0,40.0,United-States,>50K
45.0,Local-gov,251786.0,HS-grad,9.0,Never-married,Adm-clerical,Not-in-family,White,Female,0.0,0.0,37.0,United-States,<=50K
,Private,224752.0,Some-college,10.0,Divorced,Exec-managerial,Not-in-family,White,Female,0.0,0.0,40.0,United-States,<=50K
50.0,Self-emp-not-inc,183915.0,Bachelors,13.0,Married-civ-spouse,Craft-repair,Husband,White,Male,0.0,0.0,45.0,United-States,>50K
17.0,Private,94492.0,11th,7.0,Never-married,Sales,Own-child,White,Female,0.0,0.0,19.0,United-States,<=50K
39.0,Self-emp-inc,186934.0,Bachelors,13.0,Married-spouse-absent,Sales,Not-in-family,White,Male,0.0,2389.4466063488135,40.0,United-States,>50K
50.0,Private,158948.0,7th-8th,4.0,Married-civ-spouse,Craft-repair,Husband,White,Male,3411.0,0.0,40.0,United-States,<=50K
26.0,State-gov,294400.0,,9.0,Married-civ-spouse,,Husband,White,Male,0.0,0.0,38.0,United-States,<=50K
40.0,Private,220977.0,Doctorate,16.0,Married-civ-spouse,Exec-managerial,,Asian-Pac-Islander,Male,3103.0,0.0,40.0,India,>50K
41.0,Private,76625.0,HS-grad,9.0,Married-civ-spouse,Craft-repair,Husband,White,Male,0.0,0.0,40.0,United-States,<=50K
20.0,State-gov,205895.0,Some-college,10.0,Never-married,Adm-clerical,Own-child,White,Female,0.0,0.0,10.0,United-States,<=50K
47.0,Private,162034.0,Bachelors,13.0,Married-civ-spouse,Sales,Husband,White,Male,,0.0,60.0,United-States,>50K
41.0,Self-emp-not-inc,151990.0,Assoc-voc,11.0,,Prof-specialty,Wife,White,Female,0.0,0.0,15.0,United-States,>50K
33.0,Private,91163.0,HS-grad,9.0,,Other-service,Other-relative,Black,Female,0.0,0.0,40.0,United-States,<=50K
30.0,,433325.0,10th,6.0,Married-civ-spouse,Craft-repair,Husband,White,Male,0.0,0.0,40.0,Mexico,<=50K
31.0,Private,387116.0,Some-college,10.0,Never-married,Adm-clerical,Not-in-family,Black,Female,,0.0,36.0,Jamaica,<=50K
50.0,Private,233149.0,Assoc-voc,11.0,Married-civ-spouse,Sales,Husband,White,Male,0.0,-2389.4466063488135,,United-States,<=50K
40.0,Private,,10th,6.0,Divorced,Machine-op-inspct,Not-in-family,Black,Female,0.0,0.0,40.0,United-States,<=50K
42.0,Private,191765.0,HS-grad,9.0,Never-married,Adm-clerical,Other-relative,Black,Female,0.0,2339.0,40.0,Trinadad&Tobago,<=50K
36.0,Private,185099.0,HS-grad,9.0,Married-civ-spouse,Transport-moving,Husband,White,Male,0.0,0.0,70.0,United-States,>50K
27.0,Private,244402.0,Assoc-acdm,12.0,Never-married,Exec-managerial,Not-in-family,White,Female,0.0,0.0,40.0,,>50K
20.0,Private,318036.0,HS-grad,9.0,Never-married,Other-service,Not-in-family,White,Male,0.0,0.0,40.0,United-States,<=50K
39.0,Private,204501.0,Masters,14.0,Married-civ-spouse,Exec-managerial,Husband,White,Male,0.0,0.0,50.0,United-States,>50K
36.0,Local-gov,150309.0,Assoc-voc,11.0,Married-civ-spouse,Transport-moving,Husband,Amer-Indian-Eskimo,Male,0.0,0.0,40.0,United-States,<=50K
68.0,Private,148874.0,9th,5.0,Married-civ-spouse,Craft-repair,Husband,Black,Male,0.0,0.0,44.0,United-States,<=50K
42.0,Private,162003.0,Doctorate,16.0,Never-married,Prof-specialty,Not-in-family,White,Male,0.0,0.0,36.0,,>50K
,State-gov,129345.0,Some-college,10.0,Never-married,Protective-serv,Not-in-family,White,Male,0.0,0.0,,United-States,<=50K
38.0,,115289.0,HS-grad,9.0,Married-civ-spouse,Machine-op-inspct,Husband,White,Male,0.0,0.0,40.0,United-States,<=50K
48.0,State-gov,44434.0,,,Married-civ-spouse,Prof-specialty,Husband,White,Male,0.0,0.0,61.0,United-States,>50K
59.0,State-gov,200732.0,Masters,14.0,Married-civ-spouse,,Husband,Asian-Pac-Islander,Male,0.0,0.0,50.0,Philippines,>50K
54.0,Private,145098.0,Some-college,10.0,Married-civ-spouse,Sales,Husband,White,Male,0.0,0.0,40.0,United-States,>50K
44.0,Self-emp-not-inc,27242.0,Some-college,10.0,Never-married,Farming-fishing,Own-child,White,,0.0,0.0,,United-States,<=50K
39.0,,79586.0,Some-college,10.0,Married-civ-spouse,Tech-support,Husband,Asian-Pac-Islander,Male,0.0,0.0,35.0,India,>50K
41.0,Private,230961.0,HS-grad,9.0,Married-civ-spouse,Adm-clerical,Husband,White,Male,0.0,0.0,40.0,United-States,<=50K
37.0,Private,249720.0,Assoc-voc,11.0,Married-spouse-absent,Sales,,Black,Female,0.0,,32.0,United-States,<=50K
29.0,Private,,5th-6th,3.0,Married-civ-spouse,Other-service,Husband,White,Male,0.0,0.0,40.0,Mexico,<=50K
46.0,Private,,HS-grad,9.0,,Craft-repair,Husband,White,Male,0.0,0.0,40.0,United-States,>50K
48.0,Self-emp-not-inc,121124.0,Some-college,10.0,Married-civ-spouse,Prof-specialty,Husband,White,Male,0.0,0.0,35.0,United-States,>50K
37.0,Private,212465.0,HS-grad,9.0,Married-civ-spouse,,Husband,White,Male,0.0,0.0,40.0,United-States,<=50K
41.0,Federal-gov,333070.0,Some-college,10.0,Married-civ-spouse,Craft-repair,Husband,Black,Male,0.0,0.0,35.0,United-States,<=50K
44.0,Private,199031.0,Some-college,10.0,Divorced,Transport-moving,Own-child,White,Male,0.0,1380.0,40.0,United-States,<=50K
43.0,Local-gov,211860.0,HS-grad,9.0,Married-civ-spouse,Craft-repair,Husband,White,Male,0.0,0.0,40.0,United-States,>50K
37.0,Self-emp-not-inc,30973.0,HS-grad,9.0,Married-civ-spouse,Exec-managerial,Husband,White,Male,0.0,0.0,40.0,United-States,<=50K
35.0,Private,,11th,,Divorced,Transport-moving,Not-in-family,White,Male,0.0,0.0,40.0,United-States,<=50K
33.0,Private,44623.0,HS-grad,9.0,Married-civ-spouse,Exec-managerial,Husband,White,Male,0.0,0.0,45.0,United-States,<=50K
30.0,Private,247156.0,HS-grad,9.0,Never-married,Transport-moving,Own-child,Black,Male,0.0,0.0,40.0,United-States,<=50K
90.0,Private,137018.0,HS-grad,9.0,Never-married,Other-service,,White,Female,0.0,0.0,40.0,United-States,<=50K
46.0,Private,144844.0,HS-grad,9.0,Married-civ-spouse,Transport-moving,Husband,White,Male,0.0,0.0,,United-States,<=50K
49.0,Self-emp-not-inc,39140.0,HS-grad,9.0,Married-civ-spouse,Farming-fishing,Husband,,Male,,0.0,60.0,United-States,<=50K
17.0,Self-emp-not-inc,368700.0,11th,7.0,Never-married,Farming-fishing,Own-child,White,Male,0.0,0.0,10.0,United-States,<=50K
43.0,Federal-gov,94937.0,Bachelors,13.0,Divorced,Adm-clerical,Unmarried,White,Female,0.0,0.0,40.0,United-States,<=50K
58.0,Private,417419.0,7th-8th,4.0,Divorced,Machine-op-inspct,Own-child,White,Male,0.0,0.0,40.0,,<=50K
26.0,Private,136309.0,Assoc-acdm,12.0,Never-married,Tech-support,Not-in-family,White,Male,0.0,0.0,50.0,United-States,<=50K
47.0,Federal-gov,211123.0,HS-grad,9.0,,Craft-repair,Husband,White,Male,0.0,0.0,40.0,United-States,<=50K
26.0,Private,195734.0,HS-grad,9.0,Never-married,Adm-clerical,Own-child,White,Female,2354.0,0.0,40.0,United-States,<=50K
45.0,Private,123219.0,5th-6th,3.0,Never-married,Machine-op-inspct,Not-in-family,White,Male,0.0,0.0,40.0,United-States,<=50K
46.0,Private,148995.0,HS-grad,,Married-civ-spouse,Sales,Husband,White,Male,0.0,0.0,40.0,United-States,>50K
100.7819770088162,Private,203182.0,Bachelors,13.0,Never-married,Exec-managerial,Unmarried,White,Female,0.0,0.0,30.0,United-States,>50K
41.0,Private,126076.0,Some-college,,Divorced,Craft-repair,Not-in-family,White,Female,0.0,0.0,50.0,United-States,<=50K
22.0,Private,243178.0,Bachelors,13.0,Never-married,Adm-clerical,Own-child,White,Male,0.0,,20.0,United-States,<=50K
34.0,Private,235062.0,HS-grad,9.0,Never-married,Craft-repair,Not-in-family,White,Male,0.0,,45.0,United-States,<=50K
65.0,Private,274916.0,HS-grad,9.0,Widowed,Sales,Unmarried,White,Female,0.0,0.0,40.0,United-States,<=50K
,Private,96467.0,Bachelors,13.0,Never-married,Prof-specialty,Not-in-family,White,Female,0.0,0.0,40.0,United-States,<=50K
59.0,Private,200316.0,HS-grad,9.0,Married-civ-spouse,Craft-repair,Husband,,Male,0.0,0.0,40.0,United-States,<=50K
33.0,Private,62155.0,Some-college,10.0,,Sales,Not-in-family,Black,Male,0.0,0.0,35.0,United-States,<=50K
,Federal-gov,35406.0,,9.0,Widowed,Exec-managerial,Not-in-family,White,Female,,0.0,20.0,United-States,<=50K
18.0,Private,,12th,8.0,Never-married,Handlers-cleaners,Own-child,Black,Male,0.0,0.0,20.0,United-States,<=50K
23.0,Private,250918.0,Some-college,10.0,Never-married,Other-service,Not-in-family,Black,Male,0.0,0.0,30.0,United-States,<=50K
60.0,Self-emp-not-inc,197060.0,HS-grad,9.0,,Craft-repair,,White,Male,0.0,0.0,30.0,United-States,<=50K
41.0,Private,220694.0,Bachelors,,Divorced,Other-service,Not-in-family,White,Male,0.0,0.0,37.0,United-States,<=50K
39.0,Private,163205.0,Bachelors,13.0,Separated,,Not-in-family,White,Male,0.0,0.0,50.0,United-States,>50K
45.0,Local-gov,166181.0,HS-grad,9.0,Divorced,Other-service,Own-child,Black,,0.0,0.0,-32.632199789053374,United-States,>50K
39.0,Local-gov,86551.0,HS-grad,9.0,Divorced,Craft-repair,,White,Male,0.0,1876.0,40.0,United-States,<=50K
119.7819770088162,Private,41090.0,HS-grad,9.0,Married-civ-spouse,Craft-repair,Husband,White,Male,0.0,2002.0,60.0,United-States,>50K
34.0,Private,182006.0,11th,7.0,Never-married,Adm-clerical,Not-in-family,White,Female,4416.0,0.0,30.0,United-States,<=50K
59.0,Private,195835.0,7th-8th,4.0,Divorced,,Not-in-family,White,Male,,0.0,40.0,United-States,<=50K
23.0,Private,289982.0,HS-grad,9.0,Never-married,Sales,Not-in-family,White,Female,0.0,0.0,40.0,United-States,<=50K
37.0,Private,295127.0,HS-grad,9.0,Never-married,Machine-op-inspct,Not-in-family,White,Male,0.0,0.0,40.0,United-States,<=50K
32.0,Private,177531.0,10th,6.0,Divorced,Other-service,Unmarried,,Female,0.0,0.0,23.0,United-States,<=50K
27.0,Private,192936.0,Bachelors,13.0,,Exec-managerial,Not-in-family,White,Female,0.0,0.0,30.0,United-States,<=50K
52.0,Self-emp-not-inc,182796.0,Some-college,10.0,Married-civ-spouse,Farming-fishing,Husband,,Male,0.0,0.0,60.0,United-States,<=50K
47.0,Self-emp-not-inc,191175.0,5th-6th,3.0,Married-civ-spouse,Sales,Husband,White,Male,0.0,2179.0,50.0,Mexico,<=50K
29.0,Private,359155.0,Bachelors,13.0,Divorced,Tech-support,Unmarried,,,0.0,0.0,20.0,United-States,<=50K
,Self-emp-inc,111483.0,,13.0,,Prof-specialty,Own-child,White,Male,0.0,0.0,40.0,United-States,<=50K
53.0,Local-gov,231166.0,HS-grad,9.0,Separated,Transport-moving,Not-in-family,White,Male,0.0,,40.0,United-States,<=50K
26.0,Private,154785.0,Some-college,10.0,Married-spouse-absent,Adm-clerical,Own-child,Other,Female,0.0,0.0,35.0,United-States,<=50K
38.0,,140583.0,Masters,14.0,Married-civ-spouse,Farming-fishing,Husband,White,Male,-47889.20366261097,0.0,70.0,United-States,>50K
61.0,Self-emp-not-inc,113080.0,9th,5.0,Married-civ-spouse,Sales,Husband,White,Male,0.0,0.0,58.0,United-States,>50K
24.0,Private,127647.0,Some-college,10.0,Separated,Adm-clerical,Unmarried,White,Female,0.0,0.0,35.0,United-States,<=50K
59.0,State-gov,354948.0,Bachelors,13.0,Married-civ-spouse,Prof-specialty,Husband,White,Male,3103.0,0.0,40.0,United-States,>50K
65.0,Self-emp-inc,224357.0,HS-grad,9.0,Married-civ-spouse,Sales,Husband,White,Male,0.0,0.0,40.0,United-States,<=50K
39.0,Private,191807.0,HS-grad,9.0,Never-married,Machine-op-inspct,Unmarried,White,Male,0.0,0.0,48.0,United-States,<=50K
30.0,Private,455995.0,HS-grad,,Never-married,Craft-repair,Own-child,White,Male,0.0,0.0,40.0,United-States,<=50K
53.0,Private,104258.0,10th,6.0,Married-civ-spouse,Craft-repair,Husband,White,Male,0.0,0.0,40.0,United-States,<=50K
42.0,Private,,Some-college,10.0,Divorced,,Unmarried,White,Female,0.0,0.0,32.0,United-States,<=50K
30.0,Private,229051.0,9th,5.0,Married-civ-spouse,Other-service,Husband,White,Male,0.0,0.0,37.0,United-States,<=50K
19.0,Private,35245.0,HS-grad,9.0,Never-married,Handlers-cleaners,Own-child,White,Male,0.0,0.0,25.0,United-States,<=50K
34.0,Private,93394.0,HS-grad,9.0,Married-civ-spouse,Transport-moving,,White,Male,0.0,0.0,65.0,United-States,<=50K
40.0,Private,93955.0,Some-college,10.0,Married-civ-spouse,Prof-specialty,Wife,White,Female,0.0,0.0,40.0,United-States,<=50K
37.0,State-gov,160910.0,Doctorate,16.0,Married-civ-spouse,Prof-specialty,Husband,,Male,0.0,0.0,45.0,United-States,<=50K
32.0,Private,167476.0,HS-grad,9.0,Married-civ-spouse,Craft-repair,Husband,White,Male,0.0,0.0,45.0,United-States,<=50K
,Private,144396.0,11th,7.0,Divorced,Exec-managerial,Not-in-family,White,Female,0.0,0.0,38.0,United-States,<=50K
,Private,126011.0,Assoc-voc,11.0,Divorced,Tech-support,Own-child,White,Male,,0.0,40.0,United-States,<=50K
,Private,188362.0,HS-grad,9.0,Married-civ-spouse,Exec-managerial,Husband,White,,5178.0,0.0,40.0,United-States,>50K
28.0,Private,270973.0,Assoc-acdm,12.0,Never-married,,Own-child,White,Female,0.0,0.0,40.0,United-States,<=50K
49.0,Federal-gov,-515307.9330611756,Bachelors,13.0,Married-civ-spouse,Exec-managerial,,White,,0.0,0.0,40.0,United-States,<=50K
63.0,Self-emp-not-inc,181561.0,Some-college,10.0,Divorced,Exec-managerial,Not-in-family,White,Male,0.0,0.0,50.0,United-States,<=50K
56.0,Private,197369.0,7th-8th,4.0,Married-civ-spouse,Exec-managerial,Husband,White,Male,0.0,0.0,40.0,United-States,>50K
28.0,Private,791084.0,Some-college,10.0,Never-married,Craft-repair,Own-child,White,Male,0.0,0.0,50.0,United-States,<=50K
40.0,Self-emp-inc,137367.0,Some-college,10.0,Married-civ-spouse,Exec-managerial,Husband,Asian-Pac-Islander,Male,0.0,0.0,50.0,China,<=50K
30.0,Private,164190.0,HS-grad,9.0,Married-civ-spouse,Exec-managerial,,White,Male,0.0,0.0,40.0,United-States,>50K
62.0,Private,202958.0,Some-college,10.0,Married-civ-spouse,Machine-op-inspct,Husband,White,,0.0,2389.4466063488135,,United-States,>50K
53.0,Private,132304.0,,9.0,Divorced,Machine-op-inspct,Not-in-family,White,Female,0.0,0.0,40.0,Scotland,<=50K
,Private,109928.0,HS-grad,9.0,Never-married,Adm-clerical,Own-child,Black,Female,0.0,0.0,40.0,United-States,<=50K
35.0,Private,139086.0,HS-grad,9.0,Married-civ-spouse,Handlers-cleaners,Husband,White,Male,0.0,0.0,40.0,United-States,<=50K
72.0,Federal-gov,39110.0,11th,7.0,Divorced,Adm-clerical,Not-in-family,White,Female,0.0,0.0,8.0,Canada,<=50K
29.0,State-gov,309620.0,Masters,14.0,Married-civ-spouse,Prof-specialty,Husband,Asian-Pac-Islander,Male,0.0,0.0,20.0,Taiwan,<=50K
24.0,Local-gov,,Some-college,10.0,Divorced,Handlers-cleaners,Not-in-family,Black,Male,0.0,0.0,50.0,United-States,<=50K
24.0,Private,186452.0,HS-grad,9.0,Never-married,Exec-managerial,Not-in-family,White,Male,,0.0,50.0,United-States,<=50K
21.0,Private,351084.0,HS-grad,9.0,Never-married,Adm-clerical,Not-in-family,White,Female,0.0,0.0,40.0,United-States,<=50K
41.0,Private,67065.0,Assoc-voc,11.0,Married-civ-spouse,Sales,Husband,White,Male,0.0,0.0,40.0,United-States,<=50K
17.0,Private,227960.0,11th,7.0,Never-married,Other-service,Own-child,White,Male,0.0,0.0,10.0,Puerto-Rico,<=50K
47.0,Private,34248.0,Assoc-voc,11.0,Married-civ-spouse,Sales,Husband,White,Male,0.0,0.0,40.0,United-States,>50K
64.0,Private,30725.0,HS-grad,9.0,Married-civ-spouse,Craft-repair,Husband,White,Male,0.0,0.0,50.0,United-States,<=50K
51.0,Private,152596.0,HS-grad,9.0,Married-civ-spouse,Protective-serv,Husband,White,Male,0.0,,40.0,United-States,<=50K
42.0,Private,77373.0,Some-college,10.0,Married-civ-spouse,Handlers-cleaners,Husband,White,Male,0.0,0.0,38.0,United-States,<=50K
50.0,Private,338033.0,Some-college,10.0,Never-married,Other-service,Not-in-family,White,Male,0.0,0.0,32.0,United-States,<=50K
35.0,Federal-gov,22494.0,Bachelors,13.0,Divorced,Prof-specialty,Not-in-family,White,Female,0.0,0.0,50.0,United-States,>50K
45.0,Private,109434.0,Bachelors,13.0,Married-civ-spouse,Prof-specialty,Husband,White,Male,0.0,,55.0,United-States,<=50K
64.0,Local-gov,209899.0,Some-college,10.0,Married-civ-spouse,Protective-serv,Husband,White,Male,0.0,0.0,35.0,United-States,<=50K
35.0,State-gov,88215.0,Bachelors,13.0,Married-civ-spouse,Prof-specialty,Wife,Asian-Pac-Islander,Female,0.0,0.0,40.0,Philippines,>50K
117.7819770088162,Private,257942.0,Bachelors,13.0,Married-civ-spouse,Sales,Husband,White,Male,0.0,,60.0,United-States,<=50K
50.0,Self-emp-inc,219420.0,HS-grad,9.0,Married-civ-spouse,Sales,Husband,White,Male,0.0,0.0,50.0,United-States,>50K
39.0,Private,282489.0,HS-grad,9.0,Never-married,,Not-in-family,White,Female,0.0,0.0,25.0,United-States,<=50K
25.0,Private,49092.0,HS-grad,9.0,Married-civ-spouse,Transport-moving,Husband,White,Male,0.0,0.0,50.0,United-States,<=50K
36.0,Private,66687.0,HS-grad,9.0,Married-civ-spouse,Sales,Husband,White,Male,0.0,0.0,50.0,United-States,<=50K
44.0,Private,259479.0,HS-grad,9.0,Divorced,Transport-moving,Unmarried,White,Male,0.0,0.0,50.0,United-States,<=50K
,Private,162322.0,Assoc-voc,11.0,Never-married,Tech-support,Own-child,White,Female,0.0,0.0,40.0,United-States,<=50K
21.0,Private,214956.0,Some-college,10.0,Never-married,Tech-support,Own-child,White,Male,0.0,0.0,30.0,United-States,<=50K
44.0,Private,112262.0,Bachelors,13.0,Married-civ-spouse,Tech-support,Husband,White,Male,5178.0,0.0,40.0,United-States,>50K
68.0,Private,213720.0,,9.0,Married-civ-spouse,Sales,,White,Male,0.0,,40.0,United-States,<=50K
28.0,Private,232653.0,Bachelors,13.0,Married-civ-spouse,Exec-managerial,Husband,White,Male,0.0,0.0,40.0,United-States,<=50K
56.0,Private,174744.0,HS-grad,9.0,Married-civ-spouse,Other-service,Husband,White,Male,0.0,0.0,40.0,United-States,<=50K
40.0,Private,179735.0,Assoc-voc,11.0,Divorced,Adm-clerical,Unmarried,White,Female,0.0,0.0,50.0,United-States,<=50K
36.0,Self-emp-not-inc,358373.0,Bachelors,13.0,Never-married,Prof-specialty,Not-in-family,Black,Female,,0.0,30.0,United-States,<=50K
19.0,Private,328167.0,HS-grad,9.0,,Other-service,Own-child,White,Male,0.0,0.0,35.0,United-States,<=50K
26.0,Self-emp-inc,266639.0,Bachelors,,Never-married,Adm-clerical,Not-in-family,,,0.0,0.0,40.0,United-States,<=50K
32.0,Private,227931.0,Bachelors,13.0,Never-married,Exec-managerial,Not-in-family,White,Female,0.0,0.0,40.0,United-States,<=50K
26.0,State-gov,130557.0,Bachelors,13.0,,Exec-managerial,Not-in-family,White,Female,0.0,0.0,35.0,United-States,<=50K
45.0,Private,30457.0,Bachelors,13.0,Married-civ-spouse,Exec-managerial,Husband,White,Male,15024.0,0.0,40.0,United-States,>50K
27.0,Local-gov,47284.0,HS-grad,9.0,,Protective-serv,Not-in-family,Black,Male,0.0,0.0,40.0,United-States,<=50K
35.0,,304001.0,,10.0,Married-civ-spouse,Craft-repair,Husband,White,Male,0.0,0.0,40.0,United-States,<=50K
40.0,Private,77247.0,12th,8.0,Married-civ-spouse,Craft-repair,Husband,White,Male,0.0,0.0,50.0,United-States,>50K
34.0,Private,149507.0,HS-grad,9.0,Married-civ-spouse,Craft-repair,Husband,White,Male,0.0,0.0,55.0,United-States,>50K
22.0,Private,83704.0,Some-college,10.0,Never-married,Adm-clerical,Own-child,White,Male,0.0,0.0,30.0,United-States,<=50K
19.0,Private,169758.0,Some-college,,Never-married,Sales,Own-child,White,Male,0.0,0.0,35.0,United-States,<=50K
48.0,Private,30289.0,10th,,Married-civ-spouse,Craft-repair,Husband,White,Male,0.0,0.0,30.0,United-States,<=50K
48.0,Self-emp-not-inc,397466.0,Some-college,10.0,Married-civ-spouse,Exec-managerial,Husband,White,Male,0.0,0.0,60.0,United-States,<=50K
56.0,Private,,Some-college,10.0,Married-civ-spouse,Adm-clerical,Wife,White,Female,0.0,0.0,35.0,United-States,>50K
47.0,Private,213408.0,9th,5.0,,Machine-op-inspct,Unmarried,White,Female,0.0,0.0,40.0,Cuba,<=50K
24.0,Private,325596.0,Assoc-voc,11.0,Married-civ-spouse,Machine-op-inspct,Husband,White,,0.0,0.0,45.0,United-States,<=50K
28.0,Private,302903.0,Bachelors,13.0,Married-civ-spouse,Prof-specialty,Wife,Asian-Pac-Islander,Female,0.0,1485.0,40.0,,<=50K
20.0,Self-emp-not-inc,186014.0,Some-college,10.0,Never-married,Adm-clerical,Own-child,White,Female,0.0,0.0,12.0,Germany,<=50K
,Private,108913.0,HS-grad,9.0,Never-married,Other-service,,White,Male,0.0,0.0,40.0,United-States,<=50K
61.0,Private,438587.0,5th-6th,3.0,Married-civ-spouse,Machine-op-inspct,Husband,,Male,0.0,0.0,40.0,United-States,<=50K
40.0,Private,76487.0,HS-grad,9.0,Married-civ-spouse,Machine-op-inspct,Husband,White,Male,0.0,0.0,40.0,United-States,<=50K
,Private,53642.0,Assoc-voc,11.0,Married-civ-spouse,Adm-clerical,Husband,White,Male,0.0,0.0,40.0,United-States,<=50K
,Private,172918.0,HS-grad,9.0,Never-married,Machine-op-inspct,Own-child,White,Male,0.0,,,United-States,<=50K
37.0,Local-gov,343052.0,HS-grad,9.0,Separated,Adm-clerical,Unmarried,White,Female,0.0,,40.0,United-States,<=50K
59.0,Federal-gov,243612.0,HS-grad,9.0,,Machine-op-inspct,Unmarried,White,Female,0.0,0.0,40.0,United-States,<=50K
44.0,Private,177905.0,,10.0,Divorced,,Unmarried,White,Male,0.0,0.0,58.0,United-States,>50K
30.0,Private,368570.0,HS-grad,9.0,Married-civ-spouse,Adm-clerical,Husband,White,Male,0.0,0.0,50.0,United-States,<=50K
47.0,Private,,Some-college,10.0,,Exec-managerial,Unmarried,,Female,0.0,,40.0,,<=50K
46.0,Private,180695.0,Some-college,10.0,Never-married,Adm-clerical,Own-child,White,Female,0.0,0.0,40.0,United-States,<=50K
25.0,Private,66935.0,Bachelors,13.0,Never-married,Exec-managerial,Own-child,White,,0.0,0.0,40.0,United-States,<=50K
78.0,Private,111189.0,7th-8th,,Never-married,Machine-op-inspct,Not-in-family,,Female,0.0,0.0,35.0,Dominican-Republic,<=50K
36.0,Private,635913.0,HS-grad,9.0,Married-spouse-absent,Other-service,Not-in-family,Black,Male,0.0,0.0,112.63219978905336,United-States,>50K
24.0,Local-gov,103277.0,Bachelors,,Never-married,Prof-specialty,Own-child,White,Female,0.0,0.0,50.0,United-States,<=50K
32.0,Private,269355.0,Some-college,,Married-civ-spouse,Transport-moving,Husband,White,Male,5178.0,0.0,50.0,,>50K
42.0,Private,303725.0,HS-grad,9.0,Never-married,Machine-op-inspct,Unmarried,Black,Female,0.0,0.0,40.0,United-States,<=50K
53.0,Self-emp-not-inc,108815.0,HS-grad,9.0,Married-civ-spouse,Craft-repair,Husband,White,Male,0.0,0.0,60.0,United-States,<=50K
23.0,Private,224424.0,Bachelors,13.0,Never-married,Other-service,Own-child,White,Male,0.0,,40.0,,<=50K
44.0,State-gov,395078.0,HS-grad,24.4862381985065,Divorced,,Not-in-family,White,Female,0.0,0.0,40.0,United-States,>50K
32.0,Private,,HS-grad,9.0,Married-civ-spouse,Craft-repair,Husband,,Male,0.0,0.0,40.0,United-States,<=50K
47.0,Local-gov,193012.0,Masters,14.0,Divorced,Protective-serv,Not-in-family,Black,Male,0.0,0.0,50.0,United-States,>50K
31.0,Private,,HS-grad,,Never-married,Exec-managerial,Own-child,White,Male,0.0,0.0,40.0,United-States,<=50K
44.0,Private,239876.0,Bachelors,13.0,Divorced,Prof-specialty,Unmarried,Black,Male,0.0,0.0,40.0,United-States,<=50K
40.0,Self-emp-not-inc,33310.0,Prof-school,15.0,Divorced,Other-service,Not-in-family,White,,0.0,2339.0,35.0,United-States,<=50K
32.0,Self-emp-not-inc,134737.0,Bachelors,13.0,Married-civ-spouse,Machine-op-inspct,Husband,White,Male,0.0,0.0,70.0,United-States,>50K
39.0,Self-emp-inc,304001.0,Some-college,10.0,Divorced,Craft-repair,Not-in-family,White,Male,3325.0,0.0,40.0,United-States,<=50K
45.0,State-gov,284763.0,Some-college,10.0,Divorced,Prof-specialty,Unmarried,Black,Female,0.0,0.0,40.0,United-States,<=50K
50.0,Private,185283.0,Some-college,10.0,Married-civ-spouse,Craft-repair,Husband,White,Male,0.0,0.0,40.0,United-States,<=50K
46.0,Private,76131.0,5th-6th,3.0,Married-civ-spouse,Other-service,Wife,Asian-Pac-Islander,Female,0.0,0.0,40.0,,>50K
25.0,Private,,Some-college,10.0,,Other-service,Not-in-family,White,Male,0.0,0.0,40.0,United-States,<=50K
42.0,Private,209547.0,Some-college,10.0,Married-civ-spouse,Sales,Husband,White,Male,5178.0,0.0,40.0,,>50K
37.0,,191137.0,HS-grad,9.0,Married-civ-spouse,Adm-clerical,Husband,White,Male,0.0,0.0,42.0,United-States,<=50K
34.0,Private,141118.0,Masters,14.0,,Prof-specialty,Own-child,White,Female,0.0,0.0,60.0,United-States,>50K
47.0,Private,200734.0,Bachelors,13.0,Never-married,Exec-managerial,Unmarried,Black,Female,0.0,0.0,45.0,United-States,<=50K
40.0,Local-gov,241851.0,Prof-school,,,Exec-managerial,Husband,White,Male,0.0,0.0,50.0,,>50K
24.0,Private,44738.0,HS-grad,9.0,Never-married,Handlers-cleaners,Other-relative,White,,0.0,0.0,40.0,United-States,<=50K
60.0,Federal-gov,49921.0,9th,5.0,Divorced,Other-service,Not-in-family,,Female,0.0,0.0,40.0,United-States,<=50K
52.0,Private,145879.0,Some-college,10.0,Married-civ-spouse,Sales,Husband,White,Male,0.0,0.0,65.0,United-States,<=50K
22.0,Private,199266.0,HS-grad,9.0,Never-married,Other-service,Not-in-family,White,Female,0.0,0.0,45.0,United-States,<=50K
39.0,Private,269455.0,HS-grad,9.0,Married-civ-spouse,Farming-fishing,Husband,White,Male,0.0,0.0,45.0,United-States,<=50K
59.0,Private,124318.0,HS-grad,9.0,Divorced,Exec-managerial,Other-relative,White,Female,0.0,0.0,45.0,United-States,<=50K
68.0,Self-emp-inc,777417.9330611756,HS-grad,9.0,Widowed,Other-service,Unmarried,White,Female,0.0,0.0,15.0,United-States,>50K
52.0,Self-emp-not-inc,30008.0,Masters,14.0,Married-civ-spouse,Farming-fishing,Husband,White,Male,0.0,0.0,,United-States,<=50K
24.0,Private,188274.0,Assoc-acdm,12.0,Never-married,,Own-child,White,Male,0.0,0.0,40.0,United-States,<=50K
22.0,Private,123727.0,Some-college,10.0,Never-married,Handlers-cleaners,,White,Female,0.0,0.0,30.0,United-States,<=50K
25.0,Private,195994.0,Bachelors,13.0,Never-married,Adm-clerical,,White,Female,0.0,0.0,35.0,United-States,<=50K
43.0,Local-gov,225165.0,Some-college,10.0,Married-civ-spouse,Protective-serv,Husband,White,Male,0.0,0.0,40.0,United-States,<=50K
52.0,Private,243616.0,5th-6th,,Separated,Craft-repair,Unmarried,Black,Female,4101.0,0.0,40.0,United-States,<=50K
25.0,Private,148300.0,Bachelors,13.0,Never-married,Prof-specialty,Own-child,White,,0.0,0.0,15.0,United-States,<=50K
,Self-emp-not-inc,199058.0,Bachelors,13.0,Never-married,Prof-specialty,Not-in-family,White,Male,0.0,0.0,35.0,United-States,>50K
41.0,Self-emp-not-inc,209344.0,HS-grad,9.0,Married-civ-spouse,Sales,Other-relative,White,Female,,0.0,40.0,Cuba,<=50K
22.0,Private,385540.0,10th,6.0,Never-married,Other-service,Not-in-family,White,Male,,0.0,40.0,Mexico,<=50K
45.0,Private,96798.0,5th-6th,,Divorced,Transport-moving,Unmarried,White,Male,0.0,0.0,40.0,United-States,<=50K
43.0,Private,33310.0,,9.0,Divorced,Adm-clerical,Not-in-family,White,Female,0.0,,40.0,United-States,<=50K
53.0,Private,200576.0,11th,7.0,Divorced,Craft-repair,Other-relative,White,Female,0.0,0.0,40.0,United-States,<=50K
61.0,Private,149648.0,11th,7.0,Widowed,Machine-op-inspct,Not-in-family,White,Female,,0.0,40.0,United-States,<=50K
40.0,Private,374367.0,Assoc-voc,11.0,Separated,Sales,,Black,Male,0.0,0.0,44.0,United-States,<=50K
20.0,Private,51816.0,HS-grad,9.0,Never-married,,Own-child,Black,Male,0.0,0.0,40.0,United-States,<=50K
48.0,Private,199763.0,HS-grad,9.0,Married-civ-spouse,Prof-specialty,,White,Female,0.0,0.0,8.0,United-States,<=50K
32.0,State-gov,304212.0,HS-grad,9.0,Never-married,Exec-managerial,,White,Male,0.0,0.0,50.0,United-States,<=50K
22.0,Private,221406.0,Some-college,10.0,Never-married,Other-service,Not-in-family,White,Female,0.0,0.0,20.0,United-States,<=50K
33.0,Local-gov,107417.0,Masters,14.0,Married-civ-spouse,Prof-specialty,Husband,White,Male,0.0,0.0,40.0,United-States,>50K
34.0,Private,129775.0,HS-grad,9.0,Divorced,Transport-moving,Not-in-family,White,Male,0.0,0.0,40.0,United-States,<=50K
37.0,Local-gov,257588.0,HS-grad,9.0,Divorced,Adm-clerical,Unmarried,White,Female,0.0,0.0,40.0,United-States,<=50K
34.0,Private,467108.0,Some-college,10.0,Never-married,Prof-specialty,Not-in-family,White,,0.0,0.0,50.0,United-States,>50K
19.0,Private,322866.0,HS-grad,9.0,Never-married,Other-service,Own-child,Black,Female,0.0,0.0,40.0,United-States,<=50K
23.0,Private,196674.0,Some-college,10.0,Separated,Craft-repair,Not-in-family,White,Male,0.0,0.0,40.0,United-States,<=50K
41.0,Private,174540.0,Some-college,10.0,Married-civ-spouse,Prof-specialty,Husband,Black,Male,0.0,,4.0,United-States,<=50K
30.0,Private,279923.0,Some-college,10.0,Never-married,Sales,Not-in-family,Black,Male,0.0,0.0,40.0,United-States,<=50K
58.0,Self-emp-inc,210563.0,HS-grad,9.0,Married-civ-spouse,Sales,Wife,White,Female,15024.0,0.0,35.0,United-States,>50K
20.0,Private,174391.0,HS-grad,9.0,Never-married,Handlers-cleaners,Own-child,White,Female,0.0,0.0,40.0,United-States,<=50K
21.0,Private,206008.0,Some-college,10.0,Never-married,Adm-clerical,Own-child,Black,Male,0.0,0.0,50.0,United-States,<=50K
64.0,Private,121036.0,Some-college,10.0,Never-married,Tech-support,,White,Male,0.0,0.0,40.0,United-States,>50K
54.0,Local-gov,31533.0,Masters,14.0,Married-civ-spouse,Adm-clerical,Husband,White,Male,7298.0,0.0,40.0,United-States,>50K
,Private,46561.0,HS-grad,9.0,Divorced,Craft-repair,Not-in-family,White,Male,0.0,0.0,60.0,United-States,<=50K
17.0,Private,112795.0,10th,6.0,Never-married,Other-service,Own-child,White,,0.0,0.0,15.0,United-States,<=50K
26.0,Private,132749.0,Some-college,10.0,Never-married,Other-service,Own-child,White,Female,0.0,0.0,45.0,United-States,<=50K
47.0,Private,341814.0,Bachelors,13.0,Married-civ-spouse,Prof-specialty,Wife,White,Female,0.0,0.0,45.0,United-States,<=50K
29.0,Private,151476.0,Some-college,10.0,Separated,Sales,Not-in-family,White,Female,0.0,0.0,40.0,United-States,<=50K
63.0,Self-emp-not-inc,35021.0,Bachelors,13.0,Married-civ-spouse,Prof-specialty,Husband,Asian-Pac-Islander,Male,0.0,1977.0,,China,>50K
36.0,Private,325374.0,Some-college,10.0,Married-civ-spouse,Craft-repair,Husband,White,Male,0.0,0.0,40.0,United-States,<=50K
35.0,Self-emp-not-inc,190895.0,Bachelors,13.0,Divorced,Exec-managerial,Not-in-family,White,Male,0.0,0.0,25.0,United-States,<=50K
39.0,Private,,Bachelors,13.0,Married-civ-spouse,Exec-managerial,Husband,White,,0.0,0.0,50.0,United-States,>50K
29.0,Private,134331.0,10th,6.0,Married-civ-spouse,Craft-repair,Husband,White,Male,0.0,0.0,40.0,United-States,<=50K
37.0,Private,,,9.0,Never-married,Machine-op-inspct,Own-child,White,Male,0.0,0.0,40.0,United-States,<=50K
35.0,Private,150057.0,Some-college,10.0,,Exec-managerial,Husband,White,Male,,0.0,40.0,United-States,>50K
54.0,Local-gov,172991.0,HS-grad,9.0,Married-civ-spouse,Transport-moving,Husband,White,Male,0.0,0.0,40.0,United-States,<=50K
46.0,Self-emp-not-inc,,,,Married-civ-spouse,,Husband,White,Male,0.0,0.0,45.0,United-States,<=50K
18.0,Private,219841.0,11th,7.0,Never-married,Handlers-cleaners,,White,Male,0.0,0.0,12.0,United-States,<=50K
,Without-pay,212588.0,Some-college,10.0,Married-civ-spouse,Farming-fishing,Own-child,White,Male,0.0,0.0,65.0,United-States,<=50K
40.0,Private,174373.0,Bachelors,13.0,Married-civ-spouse,Exec-managerial,Husband,White,Male,0.0,0.0,50.0,United-States,>50K
32.0,Private,151053.0,HS-grad,9.0,Married-civ-spouse,Handlers-cleaners,Husband,,Male,0.0,0.0,40.0,United-States,>50K
46.0,Private,57929.0,HS-grad,9.0,Divorced,Other-service,Not-in-family,White,Male,0.0,0.0,25.0,United-States,<=50K
31.0,Private,110083.0,HS-grad,9.0,Separated,Exec-managerial,Unmarried,,Female,0.0,0.0,40.0,United-States,<=50K
19.0,Private,220101.0,Some-college,10.0,Never-married,Adm-clerical,Not-in-family,White,Female,0.0,0.0,40.0,United-States,<=50K
31.0,Private,185814.0,HS-grad,9.0,Never-married,Transport-moving,Unmarried,Black,Female,0.0,2389.4466063488135,30.0,United-States,>50K
18.0,Private,301762.0,HS-grad,9.0,Never-married,Adm-clerical,Own-child,White,Female,0.0,0.0,25.0,,<=50K
,Private,195118.0,HS-grad,9.0,Never-married,Handlers-cleaners,Other-relative,White,Male,-47889.20366261097,0.0,,United-States,>50K
18.0,Private,,HS-grad,9.0,Married-civ-spouse,Priv-house-serv,Not-in-family,White,Female,3103.0,0.0,40.0,United-States,<=50K
35.0,Private,175232.0,HS-grad,9.0,Divorced,Handlers-cleaners,Other-relative,White,Male,0.0,0.0,40.0,United-States,<=50K
57.0,Private,140426.0,Doctorate,16.0,Married-civ-spouse,,Husband,White,Male,0.0,1977.0,40.0,Germany,>50K
55.0,Private,165881.0,HS-grad,9.0,Married-civ-spouse,Exec-managerial,Husband,White,Male,0.0,0.0,40.0,United-States,>50K
31.0,Private,72887.0,Bachelors,13.0,Married-civ-spouse,Prof-specialty,Husband,Asian-Pac-Islander,Male,0.0,0.0,,United-States,>50K
19.0,Private,258470.0,HS-grad,9.0,Never-married,Handlers-cleaners,Not-in-family,White,Male,0.0,0.0,40.0,United-States,<=50K
25.0,Private,460322.0,Bachelors,13.0,Never-married,Other-service,Own-child,White,Male,0.0,0.0,43.0,United-States,<=50K
47.0,Private,101684.0,HS-grad,9.0,Married-civ-spouse,Craft-repair,Husband,White,Male,0.0,0.0,40.0,United-States,<=50K
18.0,Private,36275.0,HS-grad,9.0,Never-married,,Own-child,White,Male,0.0,0.0,25.0,United-States,<=50K
19.0,Private,,HS-grad,9.0,Never-married,Sales,Not-in-family,White,Male,0.0,0.0,38.0,United-States,<=50K
70.0,Self-emp-not-inc,268832.0,Assoc-voc,11.0,Married-civ-spouse,Farming-fishing,Husband,White,Male,0.0,,24.0,United-States,>50K
43.0,Private,195258.0,HS-grad,9.0,Married-civ-spouse,Adm-clerical,Husband,White,Male,0.0,0.0,40.0,United-States,>50K
29.0,Local-gov,95471.0,Bachelors,,Married-civ-spouse,Exec-managerial,Husband,White,Male,0.0,0.0,55.0,United-States,<=50K
34.0,Self-emp-inc,28984.0,Assoc-voc,11.0,Divorced,Sales,Unmarried,White,Female,0.0,0.0,40.0,United-States,<=50K
23.0,Private,126550.0,HS-grad,9.0,Never-married,Craft-repair,Other-relative,White,Male,0.0,0.0,40.0,United-States,<=50K
38.0,Private,65390.0,12th,8.0,,Craft-repair,Not-in-family,White,Male,0.0,0.0,40.0,United-States,<=50K
32.0,State-gov,147215.0,,13.0,Married-civ-spouse,Exec-managerial,,White,Female,0.0,0.0,55.0,United-States,>50K
52.0,Private,202115.0,HS-grad,9.0,Married-civ-spouse,Other-service,Wife,White,Female,0.0,0.0,25.0,United-States,<=50K
41.0,Federal-gov,186601.0,HS-grad,9.0,Separated,,Not-in-family,Black,Female,0.0,0.0,40.0,United-States,<=50K
23.0,Private,158996.0,Some-college,10.0,Married-civ-spouse,Handlers-cleaners,Husband,White,Male,0.0,0.0,38.0,United-States,<=50K
46.0,Private,190115.0,,,Married-civ-spouse,Craft-repair,Husband,White,Male,0.0,0.0,40.0,United-States,>50K
33.0,Private,36222.0,Doctorate,16.0,Married-civ-spouse,,Husband,White,Male,0.0,0.0,45.0,United-States,>50K
75.0,Self-emp-inc,98116.0,Some-college,10.0,Widowed,Sales,Not-in-family,White,Male,0.0,0.0,40.0,United-States,>50K
37.0,Private,692463.9330611756,Doctorate,16.0,Married-civ-spouse,Prof-specialty,Husband,White,Male,0.0,0.0,99.0,France,<=50K
51.0,Self-emp-inc,304955.0,HS-grad,9.0,Married-civ-spouse,,Husband,White,Male,7688.0,0.0,50.0,United-States,>50K
39.0,,124090.0,9th,5.0,Married-civ-spouse,Craft-repair,Husband,White,Male,,0.0,,United-States,<=50K
39.0,State-gov,218249.0,Some-college,10.0,Separated,Prof-specialty,Unmarried,Black,Female,0.0,0.0,37.0,United-States,<=50K
48.0,Private,182566.0,Bachelors,13.0,Married-civ-spouse,Sales,Husband,Black,Male,0.0,0.0,40.0,United-States,>50K
45.0,State-gov,35969.0,Masters,14.0,Married-civ-spouse,Prof-specialty,Husband,White,,0.0,0.0,60.0,United-States,>50K
39.0,Private,347434.0,9th,5.0,Married-civ-spouse,Handlers-cleaners,Husband,White,,0.0,0.0,,Mexico,<=50K
49.0,Private,237920.0,Doctorate,16.0,Married-civ-spouse,Sales,Husband,White,Male,0.0,0.0,60.0,United-States,<=50K
28.0,Private,137898.0,HS-grad,9.0,Married-civ-spouse,Machine-op-inspct,Wife,White,Female,0.0,0.0,40.0,United-States,<=50K
47.0,Self-emp-not-inc,145290.0,HS-grad,9.0,,Exec-managerial,Husband,White,Male,0.0,2415.0,50.0,United-States,>50K
37.0,Private,219141.0,11th,7.0,Married-civ-spouse,Handlers-cleaners,,Black,Male,7688.0,0.0,40.0,United-States,>50K
43.0,Self-emp-not-inc,325775.0,HS-grad,9.0,Married-civ-spouse,Adm-clerical,Wife,White,Female,0.0,0.0,15.0,United-States,<=50K
140.7819770088162,Self-emp-not-inc,369734.0,HS-grad,9.0,Married-civ-spouse,Adm-clerical,Wife,White,Female,0.0,0.0,40.0,United-States,>50K
49.0,Federal-gov,,Bachelors,13.0,Married-civ-spouse,Exec-managerial,Husband,White,Male,7298.0,0.0,40.0,United-States,>50K
51.0,Private,153870.0,Some-college,10.0,Married-civ-spouse,Transport-moving,Husband,White,Male,,2603.0,,United-States,<=50K
67.0,Self-emp-not-inc,127543.0,10th,6.0,Married-civ-spouse,Farming-fishing,Husband,White,Male,2414.0,0.0,80.0,United-States,<=50K
31.0,Private,,HS-grad,9.0,Never-married,,Not-in-family,White,Female,,0.0,40.0,United-States,<=50K
45.0,Private,187563.0,HS-grad,9.0,Married-civ-spouse,Craft-repair,Husband,,,5013.0,0.0,45.0,United-States,<=50K
20.0,Private,175800.0,Some-college,10.0,Never-married,Adm-clerical,Not-in-family,White,Female,0.0,0.0,,United-States,<=50K
,Private,351381.0,Assoc-voc,11.0,Never-married,Adm-clerical,Not-in-family,,Female,0.0,0.0,40.0,United-States,<=50K
25.0,Private,181814.0,HS-grad,9.0,Never-married,Craft-repair,Other-relative,White,Female,0.0,0.0,40.0,United-States,<=50K
18.0,Local-gov,134935.0,12th,8.0,Never-married,Protective-serv,Own-child,White,Male,0.0,0.0,40.0,United-States,<=50K
22.0,Private,285580.0,Bachelors,13.0,Never-married,Exec-managerial,Own-child,White,Male,,0.0,45.0,United-States,<=50K
64.0,Private,212838.0,HS-grad,9.0,Married-civ-spouse,,Husband,White,Male,0.0,0.0,65.0,United-States,>50K
40.0,Private,177083.0,HS-grad,9.0,Divorced,Exec-managerial,Unmarried,,Female,0.0,0.0,50.0,United-States,<=50K
23.0,Private,27776.0,Some-college,10.0,Married-civ-spouse,Transport-moving,Husband,White,Male,0.0,0.0,24.0,United-States,<=50K
55.0,Private,314164.0,Prof-school,15.0,Married-civ-spouse,Prof-specialty,Husband,White,Male,0.0,0.0,40.0,,>50K
35.0,Private,30673.0,12th,,Married-civ-spouse,Craft-repair,Husband,White,Male,0.0,0.0,84.0,United-States,<=50K
23.0,,197286.0,Some-college,,Never-married,Sales,Own-child,White,Female,0.0,0.0,8.0,United-States,<=50K
36.0,Private,36423.0,Some-college,,Married-civ-spouse,Adm-clerical,Husband,White,Male,0.0,0.0,60.0,United-States,<=50K
,Private,331381.0,Bachelors,13.0,Never-married,Adm-clerical,Not-in-family,White,Male,0.0,0.0,40.0,United-States,<=50K
46.0,Private,99835.0,Prof-school,15.0,Married-civ-spouse,Prof-specialty,Husband,White,Male,0.0,0.0,,United-States,>50K
56.0,,183081.0,Some-college,10.0,Married-civ-spouse,Sales,Husband,White,Male,0.0,0.0,45.0,United-States,<=50K
18.0,Private,165532.0,Some-college,10.0,Never-married,Sales,Own-child,,Male,0.0,-2389.4466063488135,15.0,United-States,>50K
38.0,Private,227945.0,Masters,14.0,Married-civ-spouse,Prof-specialty,Husband,White,Male,99999.0,0.0,65.0,United-States,>50K
47.0,Private,344157.0,11th,7.0,Divorced,Handlers-cleaners,Not-in-family,,Male,0.0,0.0,40.0,United-States,<=50K
38.0,Private,218015.0,Some-college,10.0,Married-civ-spouse,Craft-repair,Husband,White,Male,0.0,0.0,48.0,United-States,>50K
47.0,Private,246739.0,Bachelors,13.0,Married-civ-spouse,Exec-managerial,Husband,White,Male,99999.0,0.0,55.0,United-States,>50K
48.0,State-gov,353824.0,HS-grad,9.0,,Protective-serv,Husband,White,Male,0.0,0.0,72.0,United-States,>50K
46.0,,133616.0,Some-college,10.0,Divorced,Adm-clerical,Unmarried,White,,0.0,0.0,40.0,United-States,<=50K
27.0,Private,258102.0,5th-6th,3.0,Never-married,Transport-moving,Not-in-family,White,Male,0.0,0.0,40.0,Mexico,<=50K
37.0,Private,131463.0,10th,6.0,Divorced,Other-service,Unmarried,White,Female,0.0,0.0,,United-States,<=50K
23.0,Private,24395.0,HS-grad,9.0,Never-married,Handlers-cleaners,Own-child,White,Female,-47889.20366261097,0.0,30.0,United-States,>50K
25.0,Self-emp-not-inc,121285.0,Bachelors,13.0,Never-married,Sales,Not-in-family,White,Female,0.0,,40.0,United-States,<=50K
22.0,,160120.0,10th,6.0,Never-married,Transport-moving,Own-child,Asian-Pac-Islander,Male,0.0,0.0,30.0,,<=50K
43.0,Local-gov,96102.0,Some-college,10.0,Married-civ-spouse,Protective-serv,Husband,White,Male,0.0,1887.0,40.0,United-States,>50K
19.0,Private,229516.0,7th-8th,4.0,Never-married,Machine-op-inspct,Other-relative,White,Male,0.0,0.0,40.0,United-States,<=50K
37.0,Self-emp-not-inc,98941.0,Prof-school,15.0,Married-civ-spouse,Prof-specialty,Husband,White,Male,7688.0,0.0,50.0,United-States,>50K
22.0,Private,163519.0,Some-college,10.0,Never-married,Handlers-cleaners,Own-child,White,Male,0.0,0.0,25.0,United-States,<=50K
24.0,Private,-441505.9330611756,Assoc-acdm,12.0,Never-married,Handlers-cleaners,Own-child,White,Male,0.0,0.0,30.0,United-States,>50K
46.0,Private,358886.0,HS-grad,9.0,Married-civ-spouse,Machine-op-inspct,Husband,White,Male,0.0,0.0,,United-States,<=50K
21.0,Private,342575.0,Some-college,10.0,Never-married,Sales,Own-child,Black,Female,0.0,0.0,35.0,United-States,<=50K
71.0,Self-emp-inc,66624.0,Bachelors,13.0,Married-civ-spouse,,Husband,White,Male,0.0,2392.0,60.0,United-States,>50K
23.0,Private,180497.0,Bachelors,13.0,Never-married,Tech-support,Own-child,Black,Female,0.0,0.0,32.0,United-States,<=50K
64.0,Private,285610.0,11th,7.0,Divorced,Machine-op-inspct,Not-in-family,White,Female,0.0,0.0,40.0,United-States,<=50K
34.0,Private,346122.0,HS-grad,9.0,Never-married,Tech-support,Not-in-family,White,Male,0.0,0.0,40.0,United-States,<=50K
50.0,Private,194397.0,Bachelors,13.0,Divorced,Exec-managerial,Not-in-family,White,Female,0.0,0.0,40.0,United-States,<=50K
18.0,Private,115725.0,11th,7.0,Never-married,Other-service,Own-child,White,Female,0.0,0.0,,United-States,<=50K
43.0,Local-gov,265698.0,Bachelors,13.0,Married-civ-spouse,Prof-specialty,Wife,White,Female,0.0,0.0,45.0,United-States,>50K
,Private,117767.0,Some-college,10.0,Never-married,Sales,Own-child,White,Male,,0.0,18.0,United-States,<=50K
41.0,Local-gov,248748.0,,13.0,Never-married,Prof-specialty,Unmarried,Black,Female,0.0,0.0,40.0,United-States,<=50K
53.0,State-gov,205949.0,Assoc-acdm,12.0,,Adm-clerical,Unmarried,Amer-Indian-Eskimo,Female,0.0,0.0,40.0,United-States,<=50K
62.0,Private,155256.0,HS-grad,9.0,Married-civ-spouse,Exec-managerial,Husband,White,Male,0.0,0.0,45.0,United-States,>50K
61.0,Private,149653.0,HS-grad,9.0,Married-civ-spouse,Exec-managerial,Husband,White,Male,,0.0,50.0,United-States,<=50K
45.0,Private,135525.0,Masters,14.0,Divorced,Adm-clerical,Unmarried,White,Female,0.0,0.0,40.0,United-States,<=50K
21.0,State-gov,204425.0,Some-college,10.0,Never-married,Exec-managerial,Own-child,White,Female,0.0,0.0,20.0,United-States,<=50K
30.0,Private,184435.0,HS-grad,9.0,Never-married,Adm-clerical,Not-in-family,Black,Male,0.0,0.0,40.0,United-States,<=50K
17.0,Private,241185.0,12th,8.0,Never-married,Prof-specialty,Own-child,White,Male,0.0,0.0,20.0,United-States,<=50K
28.0,Private,301654.0,Bachelors,13.0,,Prof-specialty,Not-in-family,,Female,0.0,0.0,40.0,United-States,<=50K
44.0,Self-emp-not-inc,90021.0,HS-grad,9.0,Married-civ-spouse,Craft-repair,Husband,White,Male,0.0,0.0,30.0,United-States,<=50K
27.0,Private,146719.0,HS-grad,9.0,Divorced,Sales,Own-child,White,Female,0.0,0.0,35.0,United-States,<=50K
50.0,Private,136836.0,HS-grad,9.0,Divorced,Prof-specialty,Unmarried,Black,Female,0.0,,40.0,United-States,<=50K
41.0,Private,,Bachelors,13.0,Divorced,Exec-managerial,Unmarried,Black,Female,0.0,0.0,,United-States,>50K
34.0,Local-gov,117963.0,Bachelors,13.0,Married-civ-spouse,Transport-moving,Husband,White,Male,0.0,0.0,40.0,United-States,>50K
27.0,Private,183523.0,Bachelors,13.0,Never-married,Exec-managerial,Not-in-family,White,Male,0.0,0.0,45.0,United-States,<=50K
27.0,Self-emp-not-inc,37302.0,Assoc-acdm,12.0,Married-civ-spouse,,Husband,White,Male,7688.0,0.0,70.0,United-States,>50K
49.0,Private,199763.0,Some-college,10.0,Divorced,Machine-op-inspct,Not-in-family,White,Female,0.0,0.0,35.0,United-States,<=50K
18.0,Private,324011.0,9th,5.0,Never-married,Farming-fishing,,White,Male,0.0,0.0,20.0,United-States,<=50K
19.0,Private,163015.0,Some-college,10.0,Never-married,Sales,Own-child,White,Female,0.0,0.0,20.0,United-States,<=50K
32.0,Private,464621.0,Some-college,10.0,Never-married,Farming-fishing,Own-child,Amer-Indian-Eskimo,Male,0.0,0.0,40.0,United-States,<=50K
52.0,Private,321959.0,Some-college,10.0,Married-civ-spouse,Tech-support,Husband,Black,Male,0.0,0.0,40.0,United-States,>50K
27.0,,198587.0,HS-grad,9.0,Never-married,Sales,Unmarried,Black,Female,0.0,0.0,60.0,United-States,<=50K
23.0,Private,157145.0,HS-grad,9.0,Separated,Machine-op-inspct,Not-in-family,White,Male,0.0,0.0,40.0,,<=50K
23.0,Federal-gov,856314.9330611756,Some-college,10.0,Never-married,Adm-clerical,Own-child,White,Female,0.0,0.0,25.0,United-States,>50K
30.0,,208068.0,HS-grad,9.0,Married-civ-spouse,Craft-repair,Husband,Other,Male,0.0,0.0,40.0,Mexico,<=50K
31.0,Federal-gov,142470.0,Bachelors,13.0,Never-married,Exec-managerial,,Black,Female,0.0,0.0,40.0,United-States,<=50K
46.0,State-gov,107682.0,HS-grad,9.0,Divorced,Adm-clerical,Not-in-family,White,Female,0.0,0.0,38.0,United-States,<=50K
23.0,Private,64520.0,10th,6.0,Never-married,Craft-repair,Not-in-family,,Male,0.0,0.0,40.0,United-States,<=50K
50.0,Private,63000.0,Some-college,10.0,Married-civ-spouse,Sales,Husband,White,Male,0.0,0.0,60.0,United-States,>50K
35.0,Local-gov,103260.0,Masters,14.0,Married-civ-spouse,Prof-specialty,Wife,White,Female,0.0,0.0,35.0,United-States,>50K
58.0,Private,142326.0,Bachelors,13.0,Divorced,Prof-specialty,Not-in-family,White,Female,0.0,0.0,50.0,United-States,<=50K
47.0,Private,358382.0,HS-grad,9.0,Never-married,Other-service,Not-in-family,Black,Male,0.0,0.0,40.0,United-States,<=50K
39.0,Private,34996.0,HS-grad,9.0,Married-civ-spouse,Other-service,Wife,White,Female,0.0,0.0,40.0,United-States,<=50K
36.0,Private,359678.0,HS-grad,9.0,Never-married,Machine-op-inspct,Not-in-family,Black,,0.0,0.0,48.0,United-States,<=50K
34.0,Private,338416.0,10th,6.0,Divorced,Machine-op-inspct,,Black,Male,0.0,0.0,60.0,United-States,<=50K
42.0,Private,256179.0,Some-college,10.0,Married-civ-spouse,Machine-op-inspct,Wife,Black,,0.0,0.0,48.0,United-States,>50K
40.0,Private,105794.0,Prof-school,15.0,Never-married,Prof-specialty,Not-in-family,White,Female,14084.0,0.0,50.0,United-States,>50K
38.0,Private,298871.0,HS-grad,9.0,Married-civ-spouse,Transport-moving,Husband,Asian-Pac-Islander,Male,0.0,0.0,40.0,China,<=50K
33.0,Private,209900.0,Some-college,,Never-married,Tech-support,Own-child,White,Male,0.0,0.0,20.0,United-States,<=50K
20.0,Private,238685.0,Some-college,10.0,,Sales,Not-in-family,White,Female,0.0,0.0,30.0,United-States,<=50K
42.0,Private,89073.0,HS-grad,9.0,Married-civ-spouse,Prof-specialty,Husband,White,Male,0.0,0.0,48.0,United-States,<=50K
,Private,129836.0,HS-grad,9.0,Married-civ-spouse,Other-service,Wife,White,Female,0.0,0.0,10.0,United-States,<=50K
23.0,Private,129345.0,Some-college,10.0,Never-married,Other-service,Not-in-family,White,Male,0.0,0.0,50.0,United-States,<=50K
49.0,Private,111558.0,HS-grad,9.0,Married-civ-spouse,Adm-clerical,Wife,White,Female,0.0,1977.0,25.0,United-States,>50K
69.0,State-gov,50468.0,Prof-school,15.0,Married-civ-spouse,Adm-clerical,Husband,,Male,0.0,0.0,34.0,United-States,>50K
31.0,Private,33124.0,Prof-school,15.0,Never-married,Prof-specialty,Not-in-family,White,Female,0.0,0.0,99.0,United-States,<=50K
48.0,Self-emp-inc,667344.9330611756,10th,6.0,Married-civ-spouse,Farming-fishing,Husband,White,Male,0.0,0.0,80.0,United-States,>50K
21.0,Self-emp-inc,225442.0,HS-grad,9.0,Never-married,Farming-fishing,Own-child,White,Male,0.0,0.0,40.0,United-States,<=50K
24.0,Private,324960.0,Assoc-acdm,12.0,Never-married,Adm-clerical,Not-in-family,White,Male,0.0,0.0,30.0,United-States,<=50K
,State-gov,232742.0,Some-college,10.0,Never-married,Adm-clerical,Unmarried,Black,Female,0.0,0.0,40.0,,<=50K
31.0,Private,182237.0,10th,6.0,Separated,Transport-moving,Unmarried,White,Male,0.0,0.0,40.0,United-States,<=50K
23.0,Private,107882.0,Bachelors,13.0,Never-married,Tech-support,Own-child,White,,0.0,0.0,50.0,United-States,<=50K
17.0,Private,108085.0,12th,8.0,Never-married,Other-service,Own-child,White,Female,0.0,0.0,24.0,United-States,<=50K
38.0,Private,67666.0,Masters,14.0,Never-married,Exec-managerial,,Black,Female,0.0,0.0,38.0,United-States,<=50K
27.0,Private,386040.0,Assoc-voc,11.0,Married-civ-spouse,Craft-repair,Husband,White,Male,0.0,0.0,40.0,Mexico,<=50K
25.0,Private,122999.0,HS-grad,9.0,Never-married,Craft-repair,Other-relative,White,,0.0,0.0,40.0,United-States,<=50K
23.0,Federal-gov,350680.0,Assoc-acdm,12.0,Never-married,Exec-managerial,Own-child,White,Female,0.0,0.0,40.0,Poland,<=50K
47.0,Private,83046.0,Bachelors,13.0,Never-married,Exec-managerial,Not-in-family,White,Male,0.0,0.0,40.0,United-States,<=50K
35.0,Private,25955.0,11th,7.0,Never-married,Other-service,Unmarried,Amer-Indian-Eskimo,Male,0.0,0.0,40.0,United-States,<=50K
26.0,Local-gov,177482.0,Assoc-acdm,12.0,Married-civ-spouse,Protective-serv,Husband,White,Male,0.0,0.0,45.0,United-States,>50K
19.0,Private,261259.0,HS-grad,9.0,Never-married,,Own-child,White,Male,0.0,0.0,20.0,United-States,<=50K
30.0,Private,36340.0,11th,7.0,Divorced,Other-service,Unmarried,,Female,0.0,,35.0,United-States,<=50K
53.0,Private,209906.0,1st-4th,2.0,Married-civ-spouse,Other-service,Husband,Black,Male,0.0,0.0,,Puerto-Rico,<=50K
40.0,Private,43711.0,HS-grad,9.0,Never-married,Machine-op-inspct,Not-in-family,White,Male,0.0,,45.0,United-States,<=50K
50.0,Self-emp-not-inc,107581.0,HS-grad,9.0,Married-civ-spouse,Sales,Husband,White,Male,0.0,0.0,50.0,United-States,<=50K
,Private,284834.0,Assoc-acdm,12.0,Divorced,Adm-clerical,Not-in-family,White,Female,47889.20366261097,0.0,40.0,United-States,>50K
28.0,Local-gov,401886.0,HS-grad,9.0,Never-married,Adm-clerical,Other-relative,White,Male,0.0,0.0,20.0,United-States,<=50K
51.0,Private,,,10.0,Divorced,Craft-repair,Not-in-family,White,Male,,0.0,48.0,United-States,>50K
23.0,Private,137994.0,Some-college,10.0,Never-married,Machine-op-inspct,Own-child,Black,Female,0.0,0.0,40.0,United-States,<=50K
82.0,Self-emp-inc,220667.0,7th-8th,4.0,Widowed,Exec-managerial,Not-in-family,White,Female,0.0,0.0,40.0,United-States,<=50K
24.0,Private,241857.0,Some-college,10.0,Never-married,Adm-clerical,Not-in-family,Black,Female,0.0,0.0,35.0,United-States,<=50K
54.0,Private,104421.0,Some-college,10.0,Divorced,Adm-clerical,,,Female,0.0,0.0,40.0,United-States,<=50K
39.0,Local-gov,352628.0,Assoc-acdm,12.0,Married-civ-spouse,Craft-repair,Wife,White,Female,0.0,,50.0,United-States,>50K
49.0,Private,107399.0,HS-grad,9.0,Separated,Sales,Unmarried,White,Female,0.0,0.0,40.0,United-States,<=50K
58.0,Private,126104.0,10th,6.0,Divorced,Other-service,Unmarried,White,Female,47889.20366261097,0.0,65.0,United-States,>50K
31.0,Private,188108.0,HS-grad,9.0,Never-married,Craft-repair,Own-child,White,Male,4101.0,0.0,40.0,United-States,<=50K
32.0,Self-emp-not-inc,295010.0,Some-college,10.0,Separated,Other-service,Unmarried,White,Female,0.0,0.0,40.0,United-States,<=50K
21.0,Private,110677.0,Some-college,10.0,Married-civ-spouse,Other-service,Other-relative,White,Female,0.0,0.0,30.0,United-States,<=50K
30.0,Private,113433.0,,10.0,Never-married,Machine-op-inspct,Own-child,Black,Female,0.0,0.0,40.0,United-States,<=50K
,Self-emp-not-inc,237729.0,HS-grad,9.0,Married-civ-spouse,Prof-specialty,Wife,White,Female,3411.0,0.0,65.0,United-States,<=50K
47.0,Private,280030.0,HS-grad,9.0,Married-civ-spouse,Craft-repair,Husband,White,Male,0.0,0.0,52.0,United-States,<=50K
43.0,Private,111252.0,Some-college,10.0,Married-civ-spouse,Transport-moving,Husband,White,,0.0,0.0,42.0,United-States,<=50K
40.0,Private,136986.0,Masters,14.0,Married-civ-spouse,Exec-managerial,Husband,White,Male,99999.0,0.0,52.0,United-States,>50K
64.0,Self-emp-not-inc,,HS-grad,9.0,Married-civ-spouse,Prof-specialty,Husband,White,Male,0.0,0.0,60.0,United-States,>50K
22.0,Self-emp-inc,150683.0,HS-grad,9.0,Never-married,Machine-op-inspct,Own-child,White,Male,0.0,0.0,24.0,United-States,<=50K
44.0,Private,-487710.9330611756,HS-grad,9.0,Never-married,Other-service,Unmarried,White,Male,0.0,0.0,40.0,United-States,>50K
30.0,Private,299223.0,Some-college,10.0,Divorced,Sales,Unmarried,Amer-Indian-Eskimo,,0.0,0.0,,United-States,<=50K
51.0,Private,106819.0,7th-8th,4.0,Never-married,,Own-child,White,Male,0.0,0.0,19.0,United-States,<=50K
46.0,Private,110646.0,Assoc-acdm,12.0,Married-civ-spouse,Adm-clerical,Wife,White,Female,0.0,0.0,56.0,United-States,<=50K
45.0,Private,220641.0,Some-college,10.0,Divorced,Exec-managerial,Unmarried,,Female,,0.0,-32.632199789053374,United-States,>50K
25.0,Private,207621.0,HS-grad,9.0,Never-married,Adm-clerical,Own-child,White,Female,0.0,0.0,40.0,United-States,<=50K
30.0,Private,446358.0,,9.0,Never-married,,Unmarried,White,Male,0.0,0.0,41.0,United-States,<=50K
65.0,Private,71075.0,Some-college,10.0,Divorced,Sales,Not-in-family,White,Female,0.0,0.0,20.0,United-States,<=50K
60.0,Private,109530.0,Assoc-voc,11.0,Married-civ-spouse,Tech-support,Husband,White,Male,7298.0,0.0,40.0,United-States,>50K
38.0,Private,210866.0,HS-grad,9.0,Married-civ-spouse,Exec-managerial,Husband,White,Male,0.0,0.0,44.0,United-States,>50K
58.0,Self-emp-inc,189933.0,Some-college,10.0,Married-civ-spouse,Exec-managerial,Husband,White,Male,0.0,0.0,,United-States,>50K
26.0,,95806.0,Some-college,10.0,Never-married,Craft-repair,Not-in-family,White,Male,3325.0,0.0,40.0,United-States,<=50K
62.0,Self-emp-not-inc,173631.0,,10.0,Married-civ-spouse,Exec-managerial,Husband,White,Male,0.0,0.0,70.0,United-States,<=50K
,Federal-gov,360527.0,Masters,14.0,Married-civ-spouse,Prof-specialty,,White,Male,0.0,0.0,,United-States,>50K
31.0,Local-gov,206609.0,HS-grad,9.0,Married-civ-spouse,Protective-serv,Husband,White,Male,0.0,0.0,40.0,United-States,>50K
58.0,Private,131608.0,Bachelors,13.0,Married-civ-spouse,Sales,Husband,White,Male,0.0,0.0,55.0,United-States,>50K
33.0,Local-gov,120064.0,Bachelors,13.0,Never-married,Prof-specialty,Not-in-family,White,,0.0,0.0,45.0,United-States,<=50K
32.0,Self-emp-inc,190290.0,HS-grad,9.0,Married-civ-spouse,Craft-repair,Husband,White,Male,0.0,0.0,40.0,United-States,>50K
34.0,Private,164190.0,Some-college,10.0,Married-civ-spouse,Prof-specialty,Husband,,Male,0.0,1902.0,38.0,United-States,>50K
32.0,Private,131568.0,Some-college,10.0,Married-civ-spouse,Machine-op-inspct,Husband,White,Male,0.0,0.0,40.0,United-States,<=50K
38.0,Private,183585.0,HS-grad,9.0,,Prof-specialty,Not-in-family,White,Female,0.0,0.0,40.0,United-States,<=50K
44.0,State-gov,267464.0,Some-college,10.0,Separated,Tech-support,Own-child,Black,Female,0.0,0.0,40.0,United-States,<=50K
41.0,Private,215453.0,1st-4th,2.0,Married-civ-spouse,Other-service,Husband,White,Male,0.0,0.0,43.0,Mexico,<=50K
37.0,Self-emp-not-inc,103925.0,Bachelors,13.0,Married-civ-spouse,Sales,Wife,,Female,0.0,0.0,50.0,United-States,<=50K
48.0,Local-gov,189762.0,HS-grad,9.0,Married-civ-spouse,Craft-repair,Husband,White,Male,0.0,,40.0,United-States,>50K
27.0,Self-emp-not-inc,189030.0,Bachelors,13.0,Never-married,Sales,Not-in-family,,Male,0.0,0.0,40.0,United-States,<=50K
56.0,Local-gov,273084.0,Masters,14.0,Married-civ-spouse,Exec-managerial,Husband,Black,Male,0.0,0.0,40.0,United-States,>50K
47.0,Private,268022.0,HS-grad,9.0,Married-civ-spouse,Transport-moving,Husband,White,Male,0.0,0.0,55.0,United-States,>50K
30.0,Private,352426.0,Some-college,10.0,Never-married,Sales,Unmarried,White,Male,0.0,0.0,60.0,Mexico,<=50K
138.7819770088162,Self-emp-not-inc,33717.0,11th,7.0,Married-civ-spouse,Farming-fishing,Husband,White,Male,0.0,0.0,50.0,United-States,>50K
24.0,,,11th,7.0,Never-married,,Own-child,White,Male,0.0,0.0,,United-States,<=50K
19.0,Private,218956.0,Some-college,10.0,Never-married,Tech-support,Own-child,White,Male,0.0,0.0,20.0,United-States,<=50K
23.0,Private,74568.0,Some-college,10.0,Never-married,Exec-managerial,Not-in-family,White,Male,0.0,0.0,40.0,United-States,<=50K
31.0,Private,113364.0,Assoc-acdm,12.0,Married-civ-spouse,Machine-op-inspct,Husband,White,Male,,0.0,,United-States,<=50K
18.0,Private,125441.0,11th,7.0,Never-married,Other-service,Own-child,White,Male,1055.0,0.0,20.0,United-States,<=50K
52.0,Private,96359.0,Doctorate,16.0,Married-civ-spouse,Exec-managerial,Husband,White,,0.0,0.0,57.0,United-States,>50K
,Self-emp-inc,152307.0,HS-grad,9.0,Married-civ-spouse,Craft-repair,Husband,White,Male,0.0,1485.0,40.0,United-States,<=50K
51.0,Private,197600.0,Bachelors,13.0,Married-civ-spouse,Exec-managerial,Husband,White,Male,0.0,0.0,,United-States,>50K
41.0,Private,193882.0,Bachelors,13.0,Married-civ-spouse,Farming-fishing,Husband,White,Male,0.0,0.0,40.0,United-States,<=50K
22.0,Private,202153.0,Some-college,10.0,Never-married,Other-service,Own-child,White,Female,0.0,0.0,40.0,United-States,<=50K
35.0,Private,144937.0,HS-grad,9.0,Married-civ-spouse,Craft-repair,Husband,White,Male,0.0,0.0,42.0,United-States,<=50K
31.0,Private,,HS-grad,9.0,Married-spouse-absent,Handlers-cleaners,Not-in-family,,Male,0.0,0.0,40.0,Mexico,<=50K
46.0,Private,233493.0,,9.0,Married-civ-spouse,Machine-op-inspct,Husband,White,Male,0.0,1579.0,40.0,United-States,<=50K
48.0,,119199.0,Bachelors,13.0,Divorced,Sales,Unmarried,White,Female,0.0,0.0,44.0,United-States,<=50K
51.0,Private,160703.0,12th,8.0,Married-civ-spouse,Craft-repair,Husband,White,Male,0.0,0.0,45.0,United-States,<=50K
37.0,Private,549174.0,HS-grad,9.0,Married-civ-spouse,Craft-repair,Husband,White,Male,0.0,0.0,50.0,United-States,>50K
25.0,,206600.0,10th,6.0,Never-married,Other-service,Not-in-family,White,Male,0.0,0.0,24.0,Nicaragua,<=50K
53.0,Private,249347.0,Assoc-voc,11.0,Divorced,Craft-repair,Not-in-family,White,Male,0.0,0.0,40.0,Cuba,>50K
27.0,Private,199118.0,Some-college,10.0,,Adm-clerical,Own-child,White,Female,0.0,0.0,40.0,Mexico,<=50K
35.0,Self-emp-inc,126738.0,Assoc-acdm,12.0,Never-married,Farming-fishing,Own-child,White,Male,0.0,0.0,,United-States,<=50K
40.0,,92717.0,HS-grad,9.0,Never-married,Other-service,Unmarried,Black,,0.0,0.0,40.0,United-States,<=50K
27.0,Private,203776.0,Bachelors,13.0,Married-civ-spouse,Sales,Husband,White,Male,7688.0,0.0,45.0,United-States,>50K
,Private,143342.0,Some-college,10.0,Divorced,Machine-op-inspct,Not-in-family,White,Female,0.0,0.0,40.0,United-States,<=50K
65.0,Private,255386.0,HS-grad,9.0,Never-married,Craft-repair,Other-relative,Asian-Pac-Islander,Male,0.0,0.0,40.0,Cambodia,<=50K
44.0,Private,227065.0,Bachelors,13.0,Married-civ-spouse,Exec-managerial,Husband,,Male,0.0,0.0,40.0,United-States,>50K
52.0,,230657.0,HS-grad,9.0,Married-civ-spouse,Machine-op-inspct,Husband,Other,Male,3781.0,0.0,40.0,Columbia,<=50K
37.0,Private,115429.0,HS-grad,9.0,Married-civ-spouse,Craft-repair,Husband,,Male,0.0,,25.0,United-States,<=50K
34.0,Private,35644.0,Some-college,10.0,Married-civ-spouse,Craft-repair,Husband,White,Male,0.0,0.0,40.0,United-States,>50K
31.0,Private,381153.0,10th,6.0,Married-civ-spouse,Tech-support,Husband,White,Male,0.0,0.0,40.0,,>50K
30.0,Private,102821.0,Some-college,10.0,Married-civ-spouse,Craft-repair,Not-in-family,White,,0.0,0.0,40.0,Mexico,<=50K
38.0,Private,187069.0,HS-grad,,Married-civ-spouse,Transport-moving,Husband,White,Male,0.0,0.0,45.0,,<=50K
28.0,Private,62535.0,HS-grad,9.0,Married-civ-spouse,Craft-repair,Husband,White,Male,0.0,0.0,43.0,United-States,<=50K
30.0,State-gov,46144.0,HS-grad,9.0,Married-AF-spouse,Adm-clerical,Own-child,White,Female,0.0,0.0,38.0,United-States,<=50K
36.0,Private,246449.0,Some-college,10.0,Married-civ-spouse,Exec-managerial,Husband,White,Male,0.0,0.0,60.0,United-States,>50K
19.0,Private,39623.0,Some-college,10.0,Never-married,Sales,Own-child,White,Female,0.0,0.0,25.0,United-States,<=50K
35.0,Local-gov,85548.0,Some-college,10.0,Separated,Adm-clerical,Unmarried,Amer-Indian-Eskimo,Female,0.0,0.0,40.0,United-States,<=50K
18.0,Private,171088.0,,10.0,Never-married,Sales,Own-child,White,Female,0.0,0.0,10.0,United-States,<=50K
59.0,Private,147098.0,HS-grad,9.0,Married-civ-spouse,Craft-repair,Husband,White,Male,0.0,0.0,40.0,United-States,>50K
64.0,Private,118944.0,,10.0,Married-civ-spouse,Exec-managerial,Wife,White,Female,0.0,0.0,40.0,United-States,>50K
60.0,State-gov,165827.0,Doctorate,16.0,Married-civ-spouse,,Husband,White,Male,7688.0,0.0,60.0,United-States,>50K
54.0,State-gov,93415.0,Bachelors,13.0,Never-married,,Unmarried,Asian-Pac-Islander,Female,0.0,0.0,,United-States,>50K
40.0,,259307.0,Some-college,10.0,Never-married,Exec-managerial,Not-in-family,White,Male,0.0,0.0,50.0,United-States,<=50K
41.0,Private,233955.0,Masters,14.0,Married-civ-spouse,Prof-specialty,Husband,Asian-Pac-Islander,Male,,0.0,45.0,China,>50K
32.0,Private,269182.0,Some-college,10.0,Separated,Tech-support,Unmarried,Black,Female,3887.0,,40.0,United-States,<=50K
33.0,Private,73054.0,HS-grad,9.0,Divorced,Sales,Unmarried,White,Female,0.0,0.0,40.0,United-States,<=50K
36.0,Private,108320.0,HS-grad,9.0,Divorced,Machine-op-inspct,Not-in-family,White,Male,4101.0,0.0,40.0,United-States,<=50K
38.0,Private,131827.0,Bachelors,13.0,Married-civ-spouse,Craft-repair,Husband,White,Male,0.0,0.0,70.0,United-States,<=50K
60.0,Private,282923.0,Some-college,10.0,Married-civ-spouse,Prof-specialty,Husband,White,Male,7298.0,0.0,40.0,United-States,>50K
39.0,Private,234901.0,Assoc-acdm,12.0,Separated,Adm-clerical,Unmarried,White,Male,0.0,0.0,40.0,,<=50K
54.0,Private,28683.0,HS-grad,9.0,Married-civ-spouse,Sales,Husband,White,Male,3464.0,0.0,40.0,United-States,<=50K
57.0,Private,225927.0,10th,6.0,Married-civ-spouse,Machine-op-inspct,Husband,White,Male,0.0,0.0,40.0,United-States,<=50K
44.0,Private,190739.0,HS-grad,9.0,Never-married,Other-service,Other-relative,Black,Male,0.0,0.0,32.0,United-States,<=50K
48.0,Private,119471.0,Doctorate,16.0,Married-civ-spouse,Prof-specialty,Husband,Asian-Pac-Islander,Male,0.0,0.0,40.0,India,>50K
39.0,Private,30828.0,,9.0,Divorced,Handlers-cleaners,,White,Male,0.0,,40.0,United-States,<=50K
73.0,Private,349347.0,7th-8th,4.0,Married-civ-spouse,Handlers-cleaners,Husband,White,Male,,0.0,25.0,United-States,<=50K
40.0,Private,47902.0,HS-grad,9.0,Married-civ-spouse,Exec-managerial,Husband,White,Male,0.0,0.0,40.0,United-States,<=50K
37.0,Private,112497.0,Bachelors,13.0,Married-civ-spouse,Sales,Husband,White,Male,0.0,0.0,60.0,United-States,<=50K
36.0,Federal-gov,203836.0,Some-college,10.0,Married-civ-spouse,Handlers-cleaners,Husband,White,Male,0.0,0.0,50.0,United-States,<=50K
42.0,Private,37869.0,Some-college,10.0,Divorced,Machine-op-inspct,Not-in-family,White,Male,0.0,1590.0,40.0,,<=50K
28.0,Private,69621.0,Assoc-acdm,12.0,Never-married,Sales,Not-in-family,White,Female,0.0,0.0,60.0,United-States,<=50K
46.0,Self-emp-not-inc,328216.0,Prof-school,15.0,Married-civ-spouse,Prof-specialty,,White,Male,0.0,0.0,45.0,United-States,>50K
46.0,Private,124071.0,Masters,14.0,Widowed,Prof-specialty,Not-in-family,White,Female,0.0,,44.0,United-States,<=50K
23.0,Federal-gov,102684.0,,10.0,Never-married,Adm-clerical,Not-in-family,White,Male,0.0,0.0,60.0,United-States,<=50K
50.0,Private,35224.0,HS-grad,9.0,Married-civ-spouse,Craft-repair,Husband,White,Male,0.0,0.0,40.0,United-States,<=50K
55.0,Private,183884.0,HS-grad,,Divorced,Craft-repair,Not-in-family,White,Male,0.0,0.0,45.0,United-States,<=50K
46.0,Private,94809.0,Some-college,10.0,Divorced,Priv-house-serv,Unmarried,White,Female,0.0,,30.0,United-States,<=50K
,Private,230478.0,Assoc-acdm,12.0,Divorced,Exec-managerial,Not-in-family,White,Male,0.0,0.0,60.0,United-States,>50K
25.0,Private,213412.0,Bachelors,13.0,Never-married,Tech-support,Unmarried,White,Male,0.0,0.0,40.0,United-States,<=50K
42.0,Private,173628.0,Bachelors,13.0,Married-civ-spouse,Exec-managerial,Husband,White,Male,0.0,0.0,40.0,United-States,>50K
74.0,Self-emp-not-inc,292915.0,Bachelors,13.0,Married-civ-spouse,,Husband,White,Male,0.0,,12.0,,>50K
59.0,Private,314149.0,Assoc-voc,11.0,Married-civ-spouse,Sales,Husband,White,Male,0.0,1740.0,50.0,United-States,<=50K
27.0,Private,704108.0,Bachelors,13.0,Never-married,Prof-specialty,Not-in-family,White,Male,,0.0,50.0,United-States,<=50K
41.0,State-gov,205153.0,Masters,14.0,Married-civ-spouse,Exec-managerial,,White,Male,0.0,0.0,50.0,United-States,>50K
21.0,Private,256504.0,HS-grad,9.0,Never-married,Other-service,Not-in-family,White,Female,0.0,0.0,40.0,United-States,<=50K
42.0,Self-emp-not-inc,320744.0,HS-grad,9.0,Married-civ-spouse,Sales,Husband,White,Male,3908.0,0.0,45.0,United-States,<=50K
42.0,Self-emp-inc,149102.0,Assoc-voc,11.0,Never-married,,,White,Male,0.0,,40.0,United-States,<=50K
42.0,Self-emp-not-inc,209301.0,HS-grad,9.0,Married-civ-spouse,Craft-repair,Husband,White,Male,0.0,0.0,50.0,United-States,<=50K
26.0,Private,473625.0,HS-grad,9.0,Married-civ-spouse,,Wife,White,Female,0.0,0.0,30.0,United-States,<=50K
33.0,Local-gov,156464.0,Masters,14.0,Married-civ-spouse,Exec-managerial,Husband,White,Male,0.0,0.0,40.0,United-States,<=50K
48.0,Private,20296.0,HS-grad,9.0,Divorced,Adm-clerical,Not-in-family,White,Female,0.0,0.0,37.0,United-States,>50K
25.0,Private,82560.0,Assoc-acdm,12.0,Never-married,Other-service,Own-child,White,Male,0.0,0.0,43.0,United-States,<=50K
58.0,Self-emp-not-inc,140729.0,Bachelors,28.4862381985065,Married-civ-spouse,Farming-fishing,Husband,White,Male,0.0,0.0,35.0,United-States,>50K
65.0,Private,205309.0,HS-grad,9.0,Married-civ-spouse,Adm-clerical,Husband,White,Male,0.0,0.0,20.0,United-States,<=50K
56.0,Private,250517.0,Assoc-voc,11.0,,Craft-repair,Husband,White,Male,0.0,0.0,-27.632199789053377,United-States,>50K
32.0,Private,106541.0,5th-6th,3.0,Married-civ-spouse,Other-service,Other-relative,White,Male,0.0,0.0,40.0,United-States,<=50K
38.0,Private,153976.0,HS-grad,9.0,Married-civ-spouse,Craft-repair,Husband,White,Male,0.0,0.0,40.0,United-States,<=50K
27.0,Private,109611.0,9th,5.0,Married-civ-spouse,Machine-op-inspct,Wife,White,Female,0.0,0.0,37.0,Portugal,<=50K
52.0,Private,370552.0,Preschool,1.0,Married-civ-spouse,,Husband,White,Male,0.0,,40.0,El-Salvador,<=50K
27.0,Private,101618.0,HS-grad,9.0,,Exec-managerial,Husband,White,Male,0.0,0.0,50.0,United-States,<=50K
19.0,Private,134252.0,Some-college,10.0,Never-married,Sales,Own-child,White,Male,0.0,0.0,15.0,United-States,<=50K
65.0,Private,282779.0,Masters,14.0,Married-civ-spouse,Adm-clerical,Other-relative,White,Female,0.0,0.0,40.0,United-States,>50K
41.0,Private,304175.0,Bachelors,13.0,Married-civ-spouse,Prof-specialty,Husband,White,Male,0.0,0.0,55.0,United-States,>50K
45.0,Private,114459.0,HS-grad,9.0,Married-civ-spouse,Craft-repair,Husband,White,Male,0.0,0.0,50.0,United-States,>50K
24.0,,304602.0,HS-grad,9.0,Never-married,Handlers-cleaners,Own-child,White,Male,0.0,0.0,,United-States,<=50K
34.0,Private,49469.0,HS-grad,9.0,,Exec-managerial,Not-in-family,White,Male,0.0,0.0,50.0,United-States,<=50K
19.0,State-gov,354104.0,Some-college,10.0,Never-married,Prof-specialty,Own-child,White,,0.0,0.0,10.0,United-States,<=50K
37.0,Private,212512.0,HS-grad,,Married-civ-spouse,Machine-op-inspct,Husband,White,Male,3464.0,0.0,50.0,United-States,<=50K
87.0,Private,143574.0,HS-grad,9.0,Married-spouse-absent,Sales,Not-in-family,,,0.0,0.0,16.0,United-States,<=50K
29.0,Private,169544.0,Assoc-voc,11.0,Never-married,Tech-support,Not-in-family,White,Male,0.0,0.0,40.0,United-States,<=50K
24.0,Private,136687.0,HS-grad,9.0,Separated,Machine-op-inspct,Unmarried,Other,Female,0.0,0.0,40.0,United-States,<=50K
37.0,Private,118681.0,HS-grad,,Never-married,Machine-op-inspct,Not-in-family,White,Male,0.0,0.0,38.0,Puerto-Rico,<=50K
,Local-gov,167159.0,Some-college,10.0,Married-civ-spouse,Protective-serv,Husband,,Male,0.0,0.0,70.0,United-States,>50K
58.0,Private,187487.0,HS-grad,9.0,Married-civ-spouse,Machine-op-inspct,Husband,White,Male,0.0,0.0,40.0,United-States,<=50K
31.0,Private,197886.0,Bachelors,13.0,Married-civ-spouse,Exec-managerial,Husband,White,Male,0.0,,50.0,United-States,>50K
38.0,Self-emp-not-inc,203988.0,Doctorate,16.0,Married-civ-spouse,Prof-specialty,Husband,White,Male,,0.0,55.0,United-States,>50K
33.0,Private,112305.0,Assoc-voc,11.0,Never-married,,Unmarried,White,Female,0.0,0.0,10.0,United-States,<=50K
26.0,State-gov,106812.0,Assoc-voc,11.0,Divorced,Exec-managerial,Not-in-family,White,Female,0.0,0.0,38.0,United-States,<=50K
29.0,Private,197618.0,HS-grad,,Never-married,Adm-clerical,Not-in-family,White,,0.0,0.0,40.0,United-States,<=50K
30.0,Private,267161.0,Some-college,10.0,Married-civ-spouse,Tech-support,Wife,Black,Female,0.0,0.0,45.0,United-States,<=50K
31.0,Self-emp-not-inc,162442.0,Bachelors,13.0,Married-civ-spouse,Exec-managerial,Wife,White,Female,0.0,0.0,40.0,United-States,>50K
41.0,Private,122626.0,HS-grad,9.0,Divorced,Handlers-cleaners,Unmarried,White,Male,0.0,0.0,48.0,United-States,<=50K
34.0,Private,104293.0,Bachelors,13.0,Never-married,Adm-clerical,,White,Female,0.0,0.0,40.0,United-States,<=50K
26.0,Private,182308.0,Some-college,10.0,Married-civ-spouse,Prof-specialty,Husband,White,Male,0.0,0.0,40.0,United-States,<=50K
78.0,Private,135692.0,,10.0,Married-civ-spouse,Craft-repair,Husband,White,,0.0,0.0,40.0,United-States,<=50K
26.0,Private,206600.0,Bachelors,13.0,Never-married,Craft-repair,Own-child,White,Male,0.0,0.0,40.0,Mexico,<=50K
,Private,109633.0,Bachelors,13.0,Married-civ-spouse,Prof-specialty,Wife,White,Female,0.0,0.0,16.0,United-States,>50K
23.0,Private,263886.0,Some-college,10.0,Never-married,Sales,Not-in-family,Black,,0.0,0.0,20.0,United-States,<=50K
65.0,Self-emp-not-inc,,Bachelors,13.0,Divorced,Other-service,Not-in-family,White,,,0.0,35.0,United-States,<=50K
39.0,Self-emp-not-inc,50096.0,Some-college,10.0,Married-civ-spouse,Farming-fishing,Husband,White,,0.0,0.0,80.0,United-States,<=50K
,Private,216010.0,HS-grad,9.0,Separated,,Own-child,White,Female,0.0,0.0,40.0,United-States,<=50K
63.0,Private,137843.0,Some-college,10.0,Married-civ-spouse,Sales,Husband,White,Male,7298.0,0.0,48.0,United-States,>50K
27.0,Private,107812.0,Some-college,10.0,Married-civ-spouse,Sales,Husband,White,,0.0,0.0,,United-States,<=50K
23.0,Private,27776.0,Assoc-voc,11.0,Never-married,Machine-op-inspct,Not-in-family,White,Male,0.0,0.0,40.0,United-States,<=50K
49.0,Private,,Bachelors,13.0,Married-civ-spouse,Adm-clerical,Husband,White,Male,5178.0,0.0,40.0,United-States,>50K
43.0,Private,176138.0,Bachelors,13.0,Married-civ-spouse,Exec-managerial,Husband,White,Male,0.0,0.0,50.0,United-States,<=50K
51.0,Self-emp-not-inc,111283.0,HS-grad,9.0,Divorced,Exec-managerial,Not-in-family,White,Female,99999.0,0.0,35.0,United-States,>50K
49.0,Self-emp-inc,26502.0,Bachelors,13.0,Divorced,Prof-specialty,Unmarried,White,Male,6497.0,0.0,45.0,United-States,<=50K
48.0,Self-emp-inc,76482.0,Some-college,10.0,Married-civ-spouse,Farming-fishing,Husband,White,Male,0.0,0.0,50.0,United-States,<=50K
29.0,Private,135296.0,Bachelors,13.0,Never-married,Exec-managerial,Not-in-family,,Female,0.0,2258.0,45.0,United-States,>50K
36.0,Self-emp-not-inc,104772.0,Bachelors,13.0,Married-civ-spouse,Prof-specialty,Husband,White,Male,3908.0,0.0,40.0,United-States,<=50K
24.0,Private,132053.0,Assoc-acdm,12.0,Never-married,Adm-clerical,Own-child,White,Female,0.0,0.0,35.0,United-States,<=50K
18.0,Private,375515.0,11th,7.0,Never-married,Sales,Own-child,White,,0.0,0.0,20.0,United-States,<=50K
41.0,State-gov,34895.0,Bachelors,13.0,Never-married,Tech-support,Not-in-family,White,Female,0.0,0.0,43.0,United-States,<=50K
28.0,Private,209934.0,Some-college,10.0,Never-married,Machine-op-inspct,Own-child,White,Male,0.0,0.0,40.0,Mexico,<=50K
33.0,Private,110592.0,Bachelors,13.0,Married-civ-spouse,Prof-specialty,Husband,White,Male,0.0,0.0,50.0,United-States,>50K
28.0,Private,67218.0,7th-8th,4.0,Married-civ-spouse,Sales,,White,Male,0.0,0.0,40.0,United-States,<=50K
48.0,Private,165484.0,Bachelors,13.0,Separated,Sales,Not-in-family,White,Male,0.0,0.0,65.0,United-States,>50K
48.0,Private,94461.0,HS-grad,9.0,Widowed,,Not-in-family,White,Female,0.0,0.0,16.0,United-States,<=50K
27.0,Private,223751.0,Some-college,10.0,Never-married,Craft-repair,Not-in-family,,Male,0.0,0.0,,United-States,<=50K
27.0,,193898.0,Bachelors,13.0,Divorced,Exec-managerial,Not-in-family,White,Male,0.0,0.0,52.0,United-States,<=50K
36.0,Private,166549.0,Some-college,10.0,Married-civ-spouse,Adm-clerical,Husband,White,Male,0.0,0.0,40.0,United-States,<=50K
42.0,Self-emp-not-inc,121718.0,HS-grad,9.0,Married-civ-spouse,,Husband,White,Male,0.0,0.0,24.0,,<=50K
43.0,Federal-gov,838268.9330611756,Bachelors,13.0,,Prof-specialty,Husband,White,Male,,0.0,40.0,Philippines,<=50K
54.0,Private,96062.0,Bachelors,13.0,Married-civ-spouse,Prof-specialty,Husband,White,Male,,0.0,40.0,United-States,<=50K
43.0,Private,477983.0,HS-grad,9.0,Married-civ-spouse,Handlers-cleaners,Husband,Black,Male,0.0,0.0,40.0,United-States,<=50K
28.0,Private,132686.0,Some-college,10.0,,Exec-managerial,Husband,White,Male,0.0,0.0,40.0,United-States,>50K
31.0,Local-gov,158291.0,Bachelors,13.0,Never-married,Craft-repair,Not-in-family,White,Male,8614.0,0.0,40.0,United-States,>50K
27.0,Private,220754.0,HS-grad,9.0,Never-married,Adm-clerical,Not-in-family,White,Female,0.0,0.0,70.0,United-States,<=50K
36.0,Local-gov,410034.0,Bachelors,13.0,Married-civ-spouse,Prof-specialty,Husband,White,Male,0.0,1887.0,40.0,United-States,>50K
33.0,Private,296538.0,HS-grad,9.0,Married-civ-spouse,Sales,Husband,White,Male,0.0,0.0,45.0,United-States,>50K
27.0,Federal-gov,47907.0,Bachelors,13.0,Never-married,Adm-clerical,Not-in-family,White,Female,0.0,0.0,,United-States,<=50K
46.0,Private,151584.0,Bachelors,13.0,Married-civ-spouse,Sales,Husband,White,Male,0.0,0.0,30.0,United-States,>50K
47.0,Self-emp-not-inc,304223.0,Some-college,10.0,Married-civ-spouse,Sales,Husband,White,Male,,0.0,40.0,United-States,<=50K
23.0,Self-emp-not-inc,448026.0,Assoc-voc,11.0,Never-married,Craft-repair,Not-in-family,White,Male,0.0,0.0,45.0,United-States,<=50K
30.0,Self-emp-not-inc,148959.0,,,Divorced,Craft-repair,Not-in-family,White,Male,0.0,0.0,35.0,United-States,<=50K
26.0,Private,,HS-grad,9.0,Divorced,Machine-op-inspct,Not-in-family,White,Male,0.0,0.0,40.0,United-States,<=50K
44.0,Private,199202.0,Masters,14.0,,Adm-clerical,Husband,White,Male,0.0,0.0,50.0,United-States,<=50K
57.0,Private,,9th,5.0,Married-civ-spouse,Craft-repair,Husband,Black,Male,0.0,0.0,40.0,United-States,>50K
24.0,Self-emp-not-inc,37440.0,Bachelors,13.0,Never-married,Farming-fishing,Unmarried,White,Male,0.0,0.0,50.0,United-States,<=50K
28.0,Private,115579.0,Assoc-voc,11.0,Never-married,Tech-support,Own-child,White,Female,0.0,0.0,,United-States,<=50K
33.0,Private,215596.0,,,Married-civ-spouse,Craft-repair,Husband,Other,Male,0.0,0.0,40.0,,<=50K
38.0,State-gov,,HS-grad,9.0,Never-married,,Unmarried,Black,Female,114.0,0.0,38.0,United-States,<=50K
22.0,Private,163519.0,Bachelors,13.0,Never-married,Sales,Own-child,,Female,0.0,,40.0,United-States,<=50K
31.0,Private,208785.0,11th,7.0,Never-married,Craft-repair,,White,Male,0.0,,30.0,United-States,<=50K
34.0,State-gov,177331.0,Some-college,,Married-civ-spouse,Prof-specialty,Husband,Black,Male,4386.0,0.0,40.0,United-States,>50K
49.0,Self-emp-inc,246891.0,Bachelors,13.0,Married-civ-spouse,Adm-clerical,Husband,White,Male,0.0,0.0,40.0,United-States,>50K
46.0,Private,35961.0,,12.0,Divorced,Sales,Not-in-family,White,Female,0.0,0.0,25.0,Germany,<=50K
32.0,Private,204663.0,HS-grad,9.0,Never-married,Transport-moving,Own-child,White,Male,0.0,0.0,,United-States,<=50K
47.0,Private,153883.0,Bachelors,13.0,Married-civ-spouse,Prof-specialty,Husband,Black,Male,7688.0,0.0,45.0,United-States,>50K
46.0,Self-emp-inc,204928.0,Some-college,10.0,Married-civ-spouse,Sales,Husband,White,Male,0.0,0.0,40.0,United-States,<=50K
39.0,Private,113725.0,Masters,14.0,Divorced,Exec-managerial,Not-in-family,White,Female,8614.0,0.0,40.0,United-States,>50K
73.0,Self-emp-not-inc,110787.0,Doctorate,16.0,Married-civ-spouse,Exec-managerial,Husband,White,Male,1409.0,0.0,2.0,United-States,<=50K
33.0,Private,169496.0,HS-grad,9.0,Married-civ-spouse,Handlers-cleaners,Husband,White,Male,0.0,0.0,40.0,United-States,<=50K
44.0,Private,62258.0,,7.0,Never-married,Other-service,Not-in-family,White,Female,0.0,0.0,40.0,United-States,<=50K
27.0,Local-gov,187746.0,Bachelors,13.0,Never-married,Prof-specialty,Own-child,White,Female,3325.0,0.0,25.0,United-States,<=50K
36.0,Private,,Bachelors,13.0,Married-civ-spouse,Prof-specialty,Husband,White,Male,0.0,0.0,45.0,United-States,>50K
24.0,Private,89347.0,11th,7.0,Never-married,Machine-op-inspct,Not-in-family,White,Female,0.0,0.0,40.0,United-States,<=50K
30.0,Private,169002.0,,11.0,Never-married,Adm-clerical,Own-child,White,Male,0.0,0.0,40.0,United-States,<=50K
30.0,,347132.0,Some-college,10.0,Never-married,Machine-op-inspct,Not-in-family,Black,Female,0.0,0.0,40.0,United-States,<=50K
20.0,Private,355236.0,Some-college,10.0,Never-married,Exec-managerial,Own-child,White,Female,0.0,0.0,16.0,United-States,<=50K
47.0,Private,358382.0,Some-college,10.0,Separated,Prof-specialty,Not-in-family,Black,Male,,0.0,40.0,United-States,<=50K
48.0,Private,246891.0,Some-college,10.0,Widowed,Sales,Unmarried,White,Male,0.0,0.0,50.0,United-States,>50K
34.0,Local-gov,79190.0,,13.0,,Prof-specialty,Wife,White,Female,0.0,0.0,50.0,United-States,<=50K
61.0,Private,154536.0,10th,6.0,Widowed,Craft-repair,Unmarried,Black,Female,0.0,2001.0,40.0,United-States,<=50K
45.0,Private,168556.0,Some-college,,Divorced,Machine-op-inspct,Not-in-family,White,Male,0.0,,40.0,United-States,<=50K
46.0,Private,269034.0,Some-college,10.0,Married-civ-spouse,Craft-repair,Husband,Other,Male,0.0,0.0,40.0,Dominican-Republic,<=50K
33.0,Self-emp-not-inc,155151.0,Some-college,10.0,Married-civ-spouse,Sales,,White,Male,0.0,1740.0,50.0,United-States,<=50K
27.0,Private,35032.0,Some-college,10.0,Married-civ-spouse,Handlers-cleaners,Husband,White,Male,0.0,0.0,40.0,United-States,>50K
53.0,Local-gov,294547.0,Some-college,10.0,Divorced,Protective-serv,,White,Male,0.0,0.0,48.0,United-States,<=50K
18.0,Private,206008.0,Some-college,10.0,Never-married,Sales,Unmarried,White,Male,2176.0,0.0,40.0,United-States,<=50K
46.0,Private,166181.0,Some-college,,,Adm-clerical,Own-child,Black,Female,,0.0,36.0,United-States,<=50K
26.0,Private,94392.0,11th,7.0,Separated,Other-service,Unmarried,White,Female,0.0,0.0,20.0,United-States,<=50K
43.0,Self-emp-inc,198871.0,Assoc-voc,11.0,Married-civ-spouse,Farming-fishing,Husband,White,Male,,0.0,88.0,United-States,<=50K
26.0,Private,302603.0,HS-grad,9.0,Never-married,,Own-child,White,Male,0.0,0.0,45.0,United-States,<=50K
22.0,Private,190916.0,Some-college,10.0,Never-married,Tech-support,Own-child,White,,0.0,0.0,40.0,United-States,<=50K
38.0,Federal-gov,65706.0,Some-college,10.0,Divorced,Exec-managerial,Unmarried,White,Female,0.0,0.0,38.0,United-States,<=50K
37.0,,,HS-grad,9.0,Married-civ-spouse,Transport-moving,Husband,,Male,0.0,0.0,45.0,United-States,<=50K
25.0,Private,168403.0,Bachelors,13.0,Never-married,Prof-specialty,,White,Male,0.0,1741.0,40.0,United-States,<=50K
29.0,Private,39388.0,HS-grad,9.0,Divorced,Sales,,White,Male,0.0,0.0,40.0,United-States,<=50K
39.0,Private,128392.0,HS-grad,9.0,Married-civ-spouse,Machine-op-inspct,Husband,White,Male,0.0,1887.0,40.0,United-States,>50K
48.0,Local-gov,127921.0,,13.0,Married-civ-spouse,Prof-specialty,Husband,White,Male,0.0,0.0,40.0,United-States,<=50K
39.0,Self-emp-not-inc,267412.0,Assoc-voc,11.0,Married-civ-spouse,Farming-fishing,Husband,White,Male,0.0,0.0,60.0,United-States,<=50K
48.0,Private,99385.0,HS-grad,9.0,,Adm-clerical,Not-in-family,White,,0.0,,40.0,United-States,<=50K
51.0,Federal-gov,36186.0,Bachelors,13.0,Married-civ-spouse,Prof-specialty,Husband,White,Male,0.0,0.0,40.0,United-States,>50K
59.0,Private,179594.0,HS-grad,9.0,Married-civ-spouse,Sales,Husband,White,Male,0.0,0.0,,United-States,<=50K
19.0,Self-emp-not-inc,242965.0,Some-college,10.0,Never-married,Other-service,Own-child,White,Female,0.0,0.0,24.0,United-States,<=50K
54.0,Private,35459.0,HS-grad,24.4862381985065,Never-married,Sales,Not-in-family,White,Male,,0.0,40.0,United-States,>50K
42.0,Private,228320.0,Some-college,10.0,Married-civ-spouse,Tech-support,Husband,White,Male,0.0,0.0,50.0,United-States,>50K
41.0,Local-gov,297248.0,Prof-school,15.0,Married-civ-spouse,Prof-specialty,Husband,White,Male,0.0,,45.0,,>50K
28.0,Private,184078.0,HS-grad,9.0,Divorced,Adm-clerical,Not-in-family,White,Female,0.0,0.0,40.0,United-States,<=50K
28.0,Private,148429.0,HS-grad,9.0,Married-civ-spouse,Machine-op-inspct,Husband,White,,0.0,0.0,40.0,United-States,<=50K
,Private,224215.0,Some-college,10.0,Married-civ-spouse,Craft-repair,Husband,White,,0.0,0.0,40.0,United-States,>50K
44.0,Private,105862.0,Some-college,10.0,Married-civ-spouse,Exec-managerial,Wife,White,Female,0.0,,70.0,United-States,>50K
47.0,Private,,Prof-school,15.0,Married-civ-spouse,Prof-specialty,Husband,White,Male,99999.0,0.0,48.0,United-States,>50K
40.0,Self-emp-not-inc,151960.0,Some-college,10.0,Divorced,Craft-repair,Unmarried,White,Female,0.0,0.0,38.0,United-States,<=50K
36.0,State-gov,,Bachelors,,Married-civ-spouse,Adm-clerical,Wife,White,Female,0.0,0.0,40.0,United-States,>50K
41.0,Self-emp-inc,140365.0,Bachelors,13.0,Married-civ-spouse,Exec-managerial,Husband,White,Male,0.0,1902.0,55.0,United-States,>50K
25.0,Private,147804.0,HS-grad,9.0,Married-civ-spouse,Transport-moving,Husband,White,Male,0.0,0.0,60.0,United-States,<=50K
36.0,Private,236391.0,Some-college,10.0,Married-civ-spouse,Exec-managerial,Husband,White,Male,0.0,0.0,45.0,United-States,>50K
38.0,Private,289148.0,HS-grad,9.0,Married-spouse-absent,Craft-repair,Unmarried,White,Female,0.0,0.0,40.0,United-States,<=50K
33.0,,164190.0,Assoc-voc,11.0,Married-civ-spouse,Craft-repair,Husband,White,Male,7298.0,0.0,40.0,United-States,>50K
47.0,Private,-520075.9330611756,Bachelors,13.0,Married-civ-spouse,Craft-repair,Husband,White,Male,15024.0,0.0,50.0,United-States,<=50K
31.0,State-gov,174957.0,Some-college,10.0,Married-civ-spouse,Protective-serv,Husband,White,Male,0.0,0.0,50.0,United-States,<=50K
46.0,Private,268281.0,Bachelors,13.0,Never-married,Prof-specialty,Not-in-family,White,Female,0.0,0.0,40.0,United-States,<=50K
39.0,Private,189623.0,Bachelors,13.0,Divorced,Sales,Unmarried,,Male,0.0,0.0,60.0,United-States,<=50K
28.0,Private,,9th,5.0,Married-civ-spouse,Craft-repair,Husband,White,Male,0.0,0.0,112.63219978905336,United-States,>50K
33.0,Private,140206.0,Prof-school,15.0,Married-civ-spouse,,Husband,White,Male,0.0,0.0,40.0,United-States,>50K
35.0,Self-emp-not-inc,241998.0,Bachelors,13.0,Married-civ-spouse,Craft-repair,Husband,White,Male,0.0,0.0,45.0,United-States,<=50K
34.0,Private,205733.0,HS-grad,9.0,Never-married,Adm-clerical,Not-in-family,White,Female,0.0,0.0,40.0,United-States,<=50K
50.0,Private,257933.0,Some-college,10.0,Divorced,Adm-clerical,Not-in-family,White,Female,0.0,0.0,40.0,United-States,<=50K
34.0,Private,339142.0,HS-grad,9.0,Separated,Handlers-cleaners,Unmarried,White,Female,0.0,0.0,40.0,United-States,<=50K
62.0,State-gov,159699.0,Bachelors,13.0,Married-civ-spouse,Adm-clerical,Husband,White,Male,0.0,0.0,38.0,United-States,<=50K
19.0,Private,194608.0,9th,5.0,Never-married,Handlers-cleaners,Own-child,White,Female,0.0,0.0,40.0,United-States,<=50K
48.0,Federal-gov,50567.0,Some-college,,Married-spouse-absent,Exec-managerial,Not-in-family,White,Female,,0.0,40.0,United-States,<=50K
47.0,Private,,HS-grad,9.0,Divorced,Other-service,Unmarried,Black,Female,0.0,0.0,40.0,United-States,<=50K
,Private,331395.0,Some-college,10.0,Never-married,Exec-managerial,Not-in-family,White,Male,0.0,0.0,50.0,United-States,<=50K
41.0,Private,443508.0,Bachelors,13.0,Married-civ-spouse,Transport-moving,Husband,,Male,0.0,0.0,48.0,Canada,>50K
20.0,Private,183594.0,Some-college,-5.4862381985064985,Never-married,Transport-moving,Own-child,White,Male,0.0,0.0,40.0,United-States,>50K
24.0,Private,180060.0,,12.0,Never-married,Craft-repair,Not-in-family,White,Male,2354.0,0.0,40.0,United-States,<=50K
40.0,Private,199900.0,Assoc-acdm,12.0,Married-civ-spouse,Exec-managerial,Husband,White,Male,0.0,1848.0,55.0,United-States,>50K
40.0,Private,202922.0,Some-college,10.0,Married-civ-spouse,Adm-clerical,Husband,White,Male,0.0,0.0,40.0,United-States,<=50K
37.0,Private,251396.0,Assoc-acdm,12.0,,Exec-managerial,Husband,White,Male,0.0,0.0,65.0,United-States,>50K
44.0,State-gov,101603.0,Bachelors,13.0,Married-civ-spouse,Exec-managerial,Husband,White,Male,0.0,0.0,40.0,United-States,>50K
24.0,Private,246207.0,Bachelors,,Never-married,Machine-op-inspct,Own-child,Black,Female,0.0,0.0,40.0,United-States,<=50K
33.0,Local-gov,177695.0,HS-grad,9.0,Married-civ-spouse,Other-service,Husband,Amer-Indian-Eskimo,Male,0.0,0.0,40.0,United-States,<=50K
,Private,50490.0,HS-grad,9.0,Married-civ-spouse,Sales,Husband,White,,0.0,0.0,45.0,,>50K
,Private,226535.0,HS-grad,9.0,Never-married,Transport-moving,Not-in-family,,Male,4865.0,0.0,40.0,United-States,<=50K
29.0,Self-emp-not-inc,229341.0,HS-grad,9.0,Never-married,Craft-repair,Not-in-family,White,Male,0.0,0.0,50.0,United-States,>50K
37.0,Private,433491.0,HS-grad,9.0,Never-married,Other-service,Own-child,White,Male,0.0,0.0,40.0,United-States,<=50K
44.0,Private,160837.0,5th-6th,3.0,Married-civ-spouse,Other-service,Husband,White,Male,0.0,0.0,40.0,Puerto-Rico,<=50K
55.0,Local-gov,61708.0,Bachelors,13.0,Married-civ-spouse,Exec-managerial,Husband,White,Male,0.0,0.0,40.0,United-States,>50K
27.0,Private,278720.0,HS-grad,9.0,Married-civ-spouse,Craft-repair,Husband,White,Male,,0.0,45.0,United-States,>50K
45.0,Federal-gov,163434.0,HS-grad,9.0,Divorced,Adm-clerical,Not-in-family,White,Male,0.0,0.0,40.0,United-States,<=50K
36.0,Private,231948.0,,9.0,Married-civ-spouse,Craft-repair,Husband,White,Male,0.0,0.0,64.0,United-States,>50K
38.0,Private,272476.0,Bachelors,13.0,Married-civ-spouse,Prof-specialty,Wife,White,Female,0.0,0.0,24.0,,>50K
,Federal-gov,,Some-college,10.0,Married-civ-spouse,Adm-clerical,Husband,Black,Male,0.0,0.0,32.0,United-States,<=50K
57.0,Private,171242.0,Some-college,10.0,Married-civ-spouse,Prof-specialty,Husband,White,Male,0.0,0.0,40.0,United-States,>50K
38.0,Private,218188.0,Assoc-acdm,12.0,Never-married,Other-service,Own-child,White,Female,0.0,0.0,25.0,United-States,<=50K
42.0,Private,67243.0,HS-grad,9.0,,Craft-repair,Husband,White,Male,0.0,0.0,50.0,Portugal,<=50K
51.0,Private,123011.0,Bachelors,13.0,Divorced,Exec-managerial,Not-in-family,White,Male,0.0,2559.0,50.0,United-States,>50K
31.0,Private,561334.0,HS-grad,9.0,Divorced,Transport-moving,Not-in-family,White,Male,0.0,0.0,40.0,United-States,<=50K
55.0,Federal-gov,31728.0,Some-college,10.0,Married-civ-spouse,Adm-clerical,Wife,White,Female,0.0,0.0,40.0,United-States,>50K
,,194231.0,Masters,14.0,Divorced,Sales,Not-in-family,,Female,0.0,0.0,40.0,United-States,>50K
26.0,Local-gov,566066.0,,,Never-married,Protective-serv,Unmarried,Black,,0.0,0.0,40.0,United-States,<=50K
34.0,Private,340458.0,HS-grad,9.0,Divorced,Machine-op-inspct,Unmarried,White,Female,0.0,0.0,40.0,United-States,<=50K
46.0,Private,154430.0,Masters,,Divorced,Exec-managerial,Not-in-family,White,Female,0.0,0.0,50.0,United-States,>50K
43.0,Private,206927.0,Bachelors,13.0,Married-civ-spouse,Sales,Husband,White,Male,15024.0,0.0,50.0,United-States,>50K
20.0,Private,110597.0,Some-college,10.0,Never-married,Sales,Own-child,White,Female,0.0,0.0,30.0,United-States,<=50K
46.0,Private,70754.0,,13.0,Married-civ-spouse,Prof-specialty,Husband,White,Male,0.0,0.0,40.0,United-States,>50K
55.0,Federal-gov,238192.0,HS-grad,9.0,Married-civ-spouse,Tech-support,Husband,White,,0.0,1887.0,,United-States,>50K
43.0,State-gov,241506.0,Bachelors,13.0,Divorced,Prof-specialty,Unmarried,White,,1506.0,0.0,36.0,United-States,<=50K
26.0,Self-emp-not-inc,227858.0,Some-college,10.0,Never-married,Other-service,Not-in-family,,Female,0.0,0.0,48.0,United-States,<=50K
27.0,Private,192140.0,HS-grad,9.0,Never-married,Adm-clerical,Not-in-family,White,Female,0.0,0.0,20.0,United-States,<=50K
52.0,Private,125932.0,7th-8th,4.0,Widowed,Other-service,Not-in-family,White,Female,0.0,0.0,40.0,United-States,<=50K
47.0,Private,102308.0,Masters,14.0,Married-civ-spouse,Exec-managerial,Husband,White,Male,99999.0,0.0,50.0,United-States,>50K
50.0,Private,77905.0,Bachelors,,Divorced,Adm-clerical,,White,Female,0.0,0.0,8.0,United-States,<=50K
35.0,Private,202027.0,Bachelors,13.0,Divorced,Exec-managerial,Not-in-family,White,Male,27828.0,0.0,50.0,United-States,>50K
32.0,Private,347112.0,Bachelors,13.0,Never-married,Exec-managerial,Not-in-family,,Female,,0.0,45.0,United-States,<=50K
50.0,State-gov,24185.0,Bachelors,13.0,Married-civ-spouse,Exec-managerial,Husband,White,Male,0.0,0.0,38.0,United-States,>50K
38.0,Private,176458.0,HS-grad,9.0,,Other-service,Unmarried,White,Female,0.0,,35.0,United-States,<=50K
38.0,Private,365307.0,HS-grad,9.0,Separated,Adm-clerical,Not-in-family,White,,,0.0,32.0,United-States,<=50K
44.0,Federal-gov,151933.0,Some-college,10.0,Married-civ-spouse,Adm-clerical,Husband,White,Male,0.0,1485.0,40.0,United-States,>50K
20.0,,182661.0,,10.0,Never-married,Sales,Own-child,Black,,0.0,0.0,20.0,United-States,<=50K
38.0,Private,30509.0,Assoc-voc,11.0,Married-civ-spouse,Prof-specialty,Wife,White,Female,3908.0,0.0,50.0,United-States,<=50K
33.0,State-gov,306309.0,Masters,14.0,Never-married,Prof-specialty,Not-in-family,White,Male,,0.0,50.0,,<=50K
37.0,Private,89559.0,HS-grad,9.0,Divorced,Adm-clerical,Unmarried,White,Female,0.0,0.0,40.0,United-States,<=50K
76.0,Private,204113.0,HS-grad,9.0,Widowed,Protective-serv,Not-in-family,White,Female,7896.0,0.0,18.0,United-States,<=50K
37.0,State-gov,224700.0,Assoc-voc,11.0,Divorced,Protective-serv,Unmarried,Black,Male,,0.0,40.0,United-States,<=50K
46.0,Private,97883.0,Some-college,10.0,,Adm-clerical,Not-in-family,White,Female,0.0,0.0,40.0,United-States,<=50K
53.0,Private,191389.0,,9.0,Divorced,Exec-managerial,Not-in-family,White,Female,0.0,0.0,112.63219978905336,United-States,>50K
29.0,Private,464536.0,Bachelors,13.0,Married-civ-spouse,Other-service,Husband,White,Male,0.0,0.0,40.0,United-States,<=50K
56.0,Private,105363.0,Bachelors,13.0,Married-civ-spouse,Exec-managerial,Husband,White,Male,4508.0,,40.0,United-States,<=50K
50.0,Private,229318.0,HS-grad,9.0,Married-civ-spouse,Machine-op-inspct,Husband,Black,Male,0.0,0.0,50.0,Trinadad&Tobago,<=50K
50.0,State-gov,141608.0,HS-grad,9.0,Married-civ-spouse,Other-service,Wife,White,,0.0,0.0,30.0,United-States,<=50K
40.0,Private,121492.0,Some-college,10.0,Never-married,Machine-op-inspct,Not-in-family,Black,Male,0.0,0.0,48.0,United-States,<=50K
23.0,Private,199884.0,HS-grad,9.0,Never-married,Adm-clerical,Unmarried,White,Female,0.0,,45.0,United-States,<=50K
47.0,Private,275095.0,9th,5.0,Widowed,Exec-managerial,Unmarried,White,Female,0.0,0.0,50.0,United-States,<=50K
38.0,Private,,Some-college,10.0,Divorced,Tech-support,Unmarried,White,Female,0.0,0.0,50.0,United-States,<=50K
62.0,Private,96460.0,HS-grad,,Separated,Prof-specialty,Not-in-family,White,Female,0.0,,40.0,United-States,<=50K
38.0,Private,278557.0,Bachelors,13.0,Married-civ-spouse,Sales,Husband,White,,0.0,0.0,50.0,United-States,>50K
40.0,Private,205175.0,HS-grad,9.0,Widowed,Machine-op-inspct,Unmarried,Black,Female,0.0,0.0,37.0,United-States,<=50K
26.0,Private,112847.0,,11.0,Never-married,Tech-support,Own-child,White,Male,0.0,0.0,40.0,United-States,<=50K
31.0,Private,187901.0,Some-college,10.0,Never-married,Sales,Not-in-family,,Female,0.0,1504.0,40.0,United-States,<=50K
23.0,Private,208908.0,Bachelors,13.0,,Other-service,Not-in-family,White,Female,0.0,0.0,30.0,United-States,<=50K
29.0,Private,132675.0,11th,7.0,Separated,Other-service,Own-child,Black,Female,0.0,0.0,40.0,United-States,<=50K
24.0,Private,418405.0,HS-grad,9.0,Married-civ-spouse,Craft-repair,Husband,White,Male,0.0,0.0,40.0,United-States,<=50K
31.0,,141410.0,Some-college,10.0,Never-married,Transport-moving,Not-in-family,Black,Male,0.0,0.0,40.0,United-States,<=50K
64.0,State-gov,186376.0,Bachelors,13.0,Married-civ-spouse,Prof-specialty,,White,,5178.0,0.0,40.0,United-States,>50K
70.0,Self-emp-not-inc,177199.0,HS-grad,24.4862381985065,Married-civ-spouse,Exec-managerial,Husband,White,Male,0.0,0.0,3.0,United-States,>50K
47.0,Private,175990.0,HS-grad,9.0,Married-civ-spouse,Other-service,Wife,White,Female,0.0,0.0,30.0,United-States,>50K
47.0,Private,349151.0,Assoc-voc,11.0,Married-civ-spouse,Machine-op-inspct,Husband,White,Male,0.0,0.0,45.0,,>50K
21.0,Private,225823.0,Some-college,10.0,Never-married,Adm-clerical,Not-in-family,White,Female,47889.20366261097,0.0,40.0,United-States,>50K
27.0,Private,110648.0,Bachelors,,Never-married,Tech-support,Own-child,White,Male,0.0,0.0,40.0,United-States,<=50K
67.0,Self-emp-not-inc,141085.0,HS-grad,9.0,Divorced,Prof-specialty,Not-in-family,White,Female,0.0,0.0,20.0,United-States,<=50K
34.0,State-gov,154246.0,Bachelors,13.0,Divorced,Prof-specialty,Not-in-family,White,Male,4865.0,0.0,55.0,United-States,<=50K
25.0,Private,143280.0,10th,6.0,Never-married,Priv-house-serv,Own-child,,Female,0.0,0.0,24.0,United-States,<=50K
19.0,Private,271446.0,Some-college,,Never-married,Other-service,Own-child,White,Female,0.0,0.0,25.0,United-States,<=50K
21.0,Private,118186.0,Some-college,10.0,Never-married,Sales,Own-child,,Female,0.0,0.0,20.0,United-States,<=50K
55.0,Private,52953.0,HS-grad,9.0,Divorced,Other-service,Unmarried,,Female,0.0,0.0,40.0,,<=50K
,Self-emp-not-inc,268639.0,Some-college,10.0,,Prof-specialty,Wife,White,Female,0.0,2057.0,60.0,Canada,<=50K
42.0,Private,197344.0,HS-grad,9.0,Married-civ-spouse,,Husband,White,Male,,0.0,45.0,United-States,<=50K
48.0,Self-emp-not-inc,31267.0,HS-grad,9.0,Married-civ-spouse,Other-service,Husband,White,Male,3411.0,0.0,70.0,United-States,<=50K
60.0,Private,170310.0,5th-6th,3.0,Married-civ-spouse,Transport-moving,Husband,White,Male,0.0,0.0,40.0,United-States,<=50K
47.0,Private,192776.0,Bachelors,13.0,Married-civ-spouse,Prof-specialty,Husband,White,Male,0.0,0.0,50.0,United-States,<=50K
,Private,350440.0,HS-grad,9.0,Married-civ-spouse,Exec-managerial,Husband,Asian-Pac-Islander,Male,0.0,0.0,40.0,United-States,>50K
51.0,Private,126528.0,HS-grad,9.0,Separated,Craft-repair,,White,Male,0.0,0.0,60.0,United-States,<=50K
60.0,Self-emp-inc,142494.0,10th,6.0,Married-civ-spouse,Craft-repair,Husband,White,Male,0.0,0.0,40.0,United-States,<=50K
28.0,Private,273929.0,HS-grad,9.0,Married-civ-spouse,Sales,Husband,,Male,0.0,,60.0,United-States,<=50K
68.0,Private,351711.0,Some-college,10.0,Married-civ-spouse,Adm-clerical,Husband,White,Male,0.0,0.0,40.0,United-States,<=50K
53.0,Local-gov,321770.0,HS-grad,9.0,Married-spouse-absent,Transport-moving,Other-relative,White,Female,0.0,0.0,35.0,United-States,<=50K
30.0,Private,60426.0,HS-grad,9.0,Married-civ-spouse,Adm-clerical,Own-child,Amer-Indian-Eskimo,Female,0.0,0.0,40.0,United-States,<=50K
33.0,Self-emp-inc,154227.0,,9.0,Married-civ-spouse,Sales,Husband,White,Male,0.0,0.0,50.0,United-States,>50K
49.0,Self-emp-inc,246739.0,Some-college,10.0,Married-civ-spouse,Craft-repair,Husband,White,,0.0,0.0,45.0,United-States,>50K
30.0,,175083.0,HS-grad,9.0,Divorced,Transport-moving,Not-in-family,White,,0.0,0.0,52.0,United-States,<=50K
44.0,Private,187629.0,Assoc-acdm,12.0,Never-married,Craft-repair,Not-in-family,White,Male,0.0,0.0,25.0,United-States,<=50K
47.0,Private,155489.0,HS-grad,9.0,Married-civ-spouse,Transport-moving,Husband,White,Male,7688.0,0.0,,United-States,>50K
42.0,Private,318255.0,HS-grad,24.4862381985065,Divorced,Adm-clerical,Unmarried,,Female,0.0,0.0,40.0,United-States,>50K
19.0,Private,369463.0,HS-grad,9.0,Never-married,Adm-clerical,Own-child,White,Female,0.0,0.0,40.0,United-States,<=50K
44.0,Private,323627.0,Bachelors,13.0,Never-married,Exec-managerial,Not-in-family,White,Female,,,5.0,United-States,<=50K
27.0,Private,57052.0,HS-grad,9.0,Married-civ-spouse,,Husband,White,Male,2885.0,0.0,40.0,United-States,<=50K
39.0,Local-gov,143385.0,HS-grad,9.0,Married-civ-spouse,Craft-repair,Husband,White,Male,0.0,,40.0,United-States,<=50K
-49.7819770088162,Private,57617.0,Some-college,10.0,Never-married,Other-service,Not-in-family,White,Female,0.0,0.0,34.0,United-States,>50K
36.0,Private,172104.0,Prof-school,15.0,Never-married,Prof-specialty,Not-in-family,Other,Male,0.0,0.0,40.0,India,>50K
55.0,Private,419732.0,Some-college,10.0,Divorced,Other-service,Unmarried,White,Female,0.0,0.0,38.0,United-States,<=50K
40.0,Private,123306.0,Assoc-voc,11.0,Married-civ-spouse,Prof-specialty,Husband,White,Male,0.0,0.0,40.0,United-States,>50K
38.0,Local-gov,156383.0,Some-college,10.0,Never-married,Protective-serv,Unmarried,Black,Female,0.0,0.0,40.0,United-States,<=50K
29.0,Self-emp-not-inc,142519.0,HS-grad,9.0,Married-civ-spouse,Machine-op-inspct,Husband,White,Male,0.0,0.0,,United-States,<=50K
46.0,Local-gov,109089.0,Prof-school,15.0,Married-civ-spouse,Protective-serv,Husband,White,Male,0.0,0.0,40.0,United-States,>50K
,Private,281384.0,HS-grad,9.0,,Other-service,Other-relative,White,Female,0.0,0.0,10.0,United-States,<=50K
35.0,Private,257042.0,Some-college,10.0,Married-civ-spouse,Prof-specialty,Husband,White,Male,0.0,0.0,50.0,United-States,<=50K
34.0,Private,325658.0,HS-grad,9.0,Married-civ-spouse,Transport-moving,Husband,White,Male,0.0,0.0,40.0,United-States,<=50K
31.0,Private,144064.0,HS-grad,9.0,Married-civ-spouse,Craft-repair,Husband,White,Male,0.0,0.0,48.0,United-States,>50K
,Private,170411.0,Bachelors,13.0,Married-civ-spouse,Protective-serv,Husband,White,Male,,0.0,40.0,United-States,>50K
45.0,Private,102147.0,Assoc-voc,11.0,Divorced,Exec-managerial,Not-in-family,White,Male,0.0,0.0,40.0,United-States,>50K
23.0,Federal-gov,39603.0,Some-college,10.0,Never-married,Craft-repair,,Amer-Indian-Eskimo,,0.0,0.0,40.0,United-States,<=50K
46.0,State-gov,192323.0,HS-grad,9.0,Divorced,,,White,Male,0.0,0.0,40.0,United-States,<=50K
18.0,Local-gov,28357.0,HS-grad,9.0,Never-married,Adm-clerical,Own-child,White,Female,0.0,0.0,40.0,United-States,<=50K
,Private,186256.0,Some-college,,Married-civ-spouse,Adm-clerical,Husband,,Male,0.0,0.0,40.0,United-States,<=50K
124.7819770088162,Private,185385.0,HS-grad,9.0,Married-civ-spouse,Sales,Husband,White,Male,0.0,0.0,65.0,United-States,<=50K
57.0,Private,296152.0,,10.0,Divorced,Exec-managerial,Other-relative,White,Female,594.0,0.0,10.0,United-States,<=50K
55.0,Private,169276.0,HS-grad,9.0,Divorced,Machine-op-inspct,Other-relative,Black,Male,0.0,0.0,40.0,United-States,<=50K
62.0,Self-emp-not-inc,171315.0,Bachelors,13.0,Married-civ-spouse,Prof-specialty,Husband,White,Male,0.0,0.0,60.0,United-States,>50K
69.0,State-gov,170458.0,HS-grad,9.0,Married-civ-spouse,Other-service,Husband,White,Male,0.0,0.0,20.0,United-States,<=50K
19.0,Private,172368.0,11th,7.0,Never-married,Transport-moving,Own-child,White,Male,0.0,,20.0,United-States,<=50K
19.0,Private,113546.0,11th,7.0,Never-married,Craft-repair,Not-in-family,White,Male,0.0,0.0,56.0,United-States,<=50K
45.0,Self-emp-inc,801639.9330611756,HS-grad,9.0,Divorced,Exec-managerial,Not-in-family,White,Male,0.0,0.0,,United-States,>50K
35.0,Private,297697.0,Some-college,10.0,,Transport-moving,Husband,Asian-Pac-Islander,Male,0.0,0.0,40.0,United-States,<=50K
51.0,Private,221672.0,Masters,14.0,Married-civ-spouse,Sales,Husband,White,Male,15024.0,0.0,50.0,United-States,>50K
41.0,Private,242804.0,HS-grad,9.0,Married-civ-spouse,Transport-moving,Husband,White,Male,0.0,0.0,40.0,United-States,>50K
19.0,Private,93518.0,Some-college,10.0,Never-married,Sales,Own-child,White,,0.0,0.0,20.0,United-States,<=50K
39.0,Local-gov,67187.0,HS-grad,9.0,Never-married,Exec-managerial,Own-child,,Female,0.0,0.0,40.0,United-States,<=50K
38.0,Private,289448.0,Masters,14.0,Never-married,Prof-specialty,Unmarried,Asian-Pac-Islander,Female,0.0,0.0,40.0,China,>50K
72.0,Private,171181.0,HS-grad,9.0,Widowed,Adm-clerical,Unmarried,White,Female,2329.0,0.0,20.0,United-States,<=50K
50.0,Private,233363.0,11th,7.0,Divorced,Other-service,Unmarried,White,,0.0,0.0,,United-States,<=50K
43.0,Private,174524.0,HS-grad,9.0,Married-civ-spouse,,Husband,White,Male,0.0,0.0,40.0,United-States,>50K
38.0,Private,31033.0,Bachelors,13.0,Married-civ-spouse,Sales,Husband,White,Male,7298.0,0.0,40.0,United-States,>50K
51.0,Private,161838.0,Assoc-voc,,Married-civ-spouse,Craft-repair,Husband,White,Male,0.0,,57.0,United-States,<=50K
71.0,Private,97870.0,Masters,14.0,Divorced,Prof-specialty,,White,Female,0.0,0.0,15.0,Germany,<=50K
109.7819770088162,,165949.0,Bachelors,13.0,Never-married,Exec-managerial,Not-in-family,White,Female,0.0,0.0,45.0,United-States,>50K
20.0,Private,221480.0,Some-college,10.0,Never-married,Tech-support,Unmarried,,Female,0.0,0.0,,United-States,<=50K
27.0,Private,,HS-grad,9.0,Married-civ-spouse,Adm-clerical,Husband,White,Male,47889.20366261097,0.0,40.0,United-States,>50K
44.0,Private,64506.0,Assoc-voc,11.0,Divorced,Other-service,Not-in-family,White,Male,0.0,0.0,20.0,United-States,<=50K
55.0,Private,92215.0,HS-grad,9.0,Divorced,Adm-clerical,Not-in-family,White,Female,0.0,0.0,40.0,United-States,<=50K
53.0,,162951.0,9th,5.0,Married-civ-spouse,Handlers-cleaners,Husband,White,,0.0,0.0,41.0,United-States,>50K
42.0,Private,657397.0,HS-grad,9.0,Married-civ-spouse,Machine-op-inspct,Husband,White,Male,0.0,0.0,40.0,Mexico,<=50K
26.0,,45869.0,Bachelors,13.0,Never-married,Handlers-cleaners,Own-child,White,,0.0,0.0,40.0,,<=50K
30.0,Local-gov,348802.0,HS-grad,9.0,Married-civ-spouse,Adm-clerical,Husband,Black,Male,0.0,0.0,40.0,United-States,<=50K
25.0,Private,324372.0,HS-grad,9.0,Never-married,Handlers-cleaners,Own-child,Black,Male,,0.0,40.0,United-States,<=50K
36.0,Private,191335.0,Some-college,-5.4862381985064985,Married-civ-spouse,Craft-repair,Husband,White,,0.0,0.0,56.0,United-States,>50K
51.0,Private,237295.0,Some-college,10.0,Divorced,Other-service,Not-in-family,White,Female,0.0,0.0,40.0,United-States,<=50K
22.0,Private,174461.0,Some-college,10.0,Never-married,Adm-clerical,Own-child,White,Female,0.0,0.0,15.0,United-States,<=50K
42.0,Private,,12th,8.0,Never-married,Farming-fishing,Own-child,White,Male,0.0,0.0,40.0,United-States,<=50K
33.0,Private,205950.0,HS-grad,9.0,Never-married,Other-service,Own-child,White,Male,0.0,0.0,40.0,United-States,<=50K
39.0,Private,188540.0,HS-grad,9.0,Divorced,Exec-managerial,Not-in-family,White,Male,0.0,0.0,45.0,United-States,<=50K
37.0,Private,107737.0,Bachelors,13.0,Married-civ-spouse,Prof-specialty,Husband,White,Male,0.0,0.0,,United-States,>50K
34.0,,198103.0,,9.0,Never-married,Transport-moving,Own-child,,Male,0.0,1980.0,,United-States,<=50K
45.0,Private,282172.0,Assoc-acdm,27.4862381985065,Never-married,Exec-managerial,Not-in-family,White,Female,0.0,,40.0,United-States,>50K
37.0,Local-gov,218184.0,Bachelors,13.0,Married-civ-spouse,Prof-specialty,Husband,White,Male,0.0,1887.0,40.0,United-States,>50K
31.0,Private,81846.0,HS-grad,9.0,Married-civ-spouse,Adm-clerical,Husband,Asian-Pac-Islander,Male,0.0,0.0,40.0,United-States,<=50K
40.0,Local-gov,333530.0,Masters,29.4862381985065,Married-civ-spouse,Prof-specialty,Wife,White,Female,0.0,0.0,40.0,United-States,<=50K
42.0,Private,202872.0,HS-grad,9.0,Married-civ-spouse,Adm-clerical,Wife,White,Female,0.0,0.0,36.0,United-States,>50K
50.0,Private,155574.0,HS-grad,,Married-civ-spouse,Prof-specialty,Husband,White,Male,0.0,0.0,40.0,United-States,>50K
54.0,Private,249352.0,Bachelors,13.0,Married-civ-spouse,Craft-repair,Husband,Black,Male,0.0,0.0,40.0,United-States,<=50K
41.0,Private,187821.0,HS-grad,24.4862381985065,Married-civ-spouse,Machine-op-inspct,Husband,White,,2885.0,0.0,40.0,United-States,>50K
21.0,Self-emp-not-inc,318865.0,Some-college,10.0,Never-married,Other-service,Own-child,White,Male,0.0,0.0,30.0,United-States,<=50K
25.0,Private,108001.0,Some-college,10.0,Married-civ-spouse,Handlers-cleaners,Husband,White,Male,0.0,0.0,45.0,United-States,<=50K
48.0,Private,164423.0,HS-grad,9.0,Divorced,Machine-op-inspct,Unmarried,,Female,0.0,0.0,40.0,United-States,<=50K
40.0,Private,215479.0,HS-grad,9.0,Never-married,Other-service,Other-relative,Black,Male,0.0,0.0,40.0,United-States,<=50K
22.0,Private,173736.0,HS-grad,9.0,Never-married,Craft-repair,Not-in-family,White,Male,,0.0,50.0,United-States,<=50K
31.0,Self-emp-inc,113530.0,HS-grad,9.0,Never-married,Craft-repair,Not-in-family,White,Male,0.0,0.0,45.0,United-States,<=50K
39.0,Private,114942.0,Some-college,10.0,Married-civ-spouse,Transport-moving,Husband,White,Male,0.0,0.0,43.0,United-States,>50K
28.0,Private,125791.0,HS-grad,9.0,Never-married,Adm-clerical,Not-in-family,White,,0.0,0.0,40.0,United-States,<=50K
37.0,Private,409189.0,HS-grad,9.0,Married-civ-spouse,Other-service,Husband,White,Male,0.0,0.0,30.0,Mexico,<=50K
,,188682.0,Bachelors,13.0,Married-spouse-absent,Prof-specialty,Not-in-family,White,Female,0.0,0.0,40.0,,<=50K
44.0,Federal-gov,130749.0,Bachelors,13.0,Separated,Exec-managerial,Unmarried,Black,Female,47889.20366261097,0.0,60.0,United-States,>50K
55.0,,219074.0,Some-college,10.0,Divorced,Adm-clerical,Not-in-family,Black,Female,0.0,0.0,,United-States,>50K
21.0,Private,225395.0,Some-college,10.0,Never-married,Prof-specialty,Own-child,White,Female,0.0,0.0,24.0,United-States,<=50K
25.0,Private,237065.0,Some-college,10.0,Divorced,Other-service,Own-child,Black,Male,0.0,0.0,38.0,United-States,<=50K
65.0,Self-emp-not-inc,158177.0,Masters,14.0,Married-civ-spouse,Sales,Husband,White,Male,10605.0,0.0,44.0,United-States,>50K
,Private,38950.0,HS-grad,9.0,Married-civ-spouse,Tech-support,Husband,White,Male,-47889.20366261097,0.0,89.0,United-States,>50K
55.0,Self-emp-not-inc,96459.0,10th,6.0,,Farming-fishing,,White,Male,0.0,,70.0,United-States,>50K
32.0,Private,163604.0,Masters,14.0,Never-married,Prof-specialty,Not-in-family,White,Female,0.0,,20.0,United-States,<=50K
43.0,Self-emp-not-inc,204235.0,Bachelors,13.0,Married-civ-spouse,Sales,Husband,White,Male,0.0,,50.0,United-States,>50K
61.0,Self-emp-not-inc,168654.0,,,Widowed,Adm-clerical,,White,Female,0.0,0.0,20.0,,<=50K
53.0,Private,30447.0,HS-grad,9.0,Divorced,Machine-op-inspct,Not-in-family,White,Male,0.0,0.0,50.0,United-States,<=50K
37.0,Private,32207.0,HS-grad,9.0,Never-married,Transport-moving,Not-in-family,White,,0.0,0.0,40.0,United-States,<=50K
52.0,,260954.0,10th,6.0,Widowed,,Unmarried,Black,Female,0.0,0.0,40.0,United-States,<=50K
21.0,Private,286853.0,HS-grad,9.0,Never-married,Other-service,,,Male,0.0,0.0,35.0,United-States,<=50K
45.0,Federal-gov,358242.0,Bachelors,13.0,Married-civ-spouse,Prof-specialty,Husband,White,Male,0.0,0.0,,United-States,>50K
57.0,Federal-gov,47534.0,Masters,14.0,Divorced,Exec-managerial,Not-in-family,White,Female,0.0,0.0,60.0,United-States,>50K
28.0,Private,31778.0,Bachelors,13.0,Never-married,Handlers-cleaners,Own-child,White,Male,0.0,0.0,40.0,United-States,<=50K
17.0,Private,198606.0,11th,7.0,Never-married,Handlers-cleaners,Own-child,White,Female,0.0,0.0,16.0,United-States,<=50K
27.0,Private,420351.0,HS-grad,9.0,Never-married,Transport-moving,Own-child,White,Male,0.0,0.0,40.0,United-States,<=50K
54.0,Private,236157.0,HS-grad,9.0,Married-civ-spouse,Prof-specialty,Husband,,Male,0.0,1887.0,40.0,United-States,>50K
17.0,Private,309504.0,10th,6.0,Never-married,Sales,Unmarried,White,,0.0,0.0,24.0,United-States,<=50K
60.0,Local-gov,227332.0,Masters,14.0,Married-civ-spouse,Exec-managerial,Husband,White,,0.0,0.0,40.0,,>50K
47.0,Private,242559.0,Some-college,10.0,Divorced,Machine-op-inspct,Not-in-family,,Female,0.0,1408.0,40.0,United-States,<=50K
34.0,Local-gov,283921.0,HS-grad,9.0,Married-civ-spouse,Adm-clerical,Husband,,Male,0.0,0.0,40.0,United-States,<=50K
25.0,Private,211231.0,HS-grad,9.0,Married-civ-spouse,Tech-support,Other-relative,White,Female,0.0,0.0,48.0,United-States,>50K
18.0,,446771.0,Some-college,10.0,Never-married,Adm-clerical,Own-child,White,Male,0.0,0.0,25.0,United-States,<=50K
34.0,Private,,Some-college,10.0,Married-civ-spouse,Adm-clerical,Wife,White,Female,0.0,0.0,40.0,United-States,>50K
56.0,Private,,HS-grad,9.0,Divorced,Transport-moving,Not-in-family,White,Male,0.0,,40.0,United-States,<=50K
60.0,Private,186000.0,10th,6.0,Separated,Other-service,Not-in-family,White,Female,0.0,0.0,40.0,United-States,<=50K
60.0,Local-gov,227311.0,10th,6.0,Divorced,Adm-clerical,Unmarried,White,Female,0.0,0.0,40.0,United-States,<=50K
23.0,Private,119665.0,HS-grad,9.0,Never-married,Adm-clerical,Not-in-family,White,Male,0.0,,60.0,United-States,<=50K
29.0,Private,394927.0,,6.0,Married-civ-spouse,Transport-moving,Husband,White,Male,0.0,0.0,45.0,United-States,>50K
38.0,State-gov,156866.0,Bachelors,13.0,Married-civ-spouse,Adm-clerical,,Other,Male,0.0,0.0,40.0,United-States,>50K
30.0,Private,206322.0,HS-grad,9.0,Married-civ-spouse,Transport-moving,Husband,White,Male,0.0,0.0,73.0,United-States,>50K
34.0,Self-emp-not-inc,136204.0,Bachelors,13.0,Married-civ-spouse,Prof-specialty,Husband,White,Male,0.0,1902.0,32.0,United-States,>50K
31.0,Private,179673.0,HS-grad,9.0,Married-civ-spouse,,Husband,White,Male,0.0,0.0,40.0,United-States,>50K
34.0,Local-gov,158242.0,Bachelors,13.0,Never-married,Exec-managerial,Not-in-family,White,,0.0,0.0,43.0,United-States,<=50K
18.0,Private,79443.0,9th,5.0,Never-married,Machine-op-inspct,Own-child,White,Male,0.0,0.0,40.0,Mexico,<=50K
54.0,Private,32454.0,HS-grad,9.0,Married-civ-spouse,Transport-moving,Husband,White,Male,0.0,0.0,60.0,United-States,>50K
41.0,Self-emp-not-inc,168098.0,Bachelors,13.0,Married-civ-spouse,Prof-specialty,Husband,White,Male,0.0,0.0,50.0,,<=50K
,Private,402016.0,HS-grad,9.0,Married-civ-spouse,Handlers-cleaners,Husband,White,Male,0.0,0.0,52.0,United-States,>50K
38.0,Private,439592.0,Some-college,10.0,Never-married,Other-service,Own-child,Black,Female,0.0,0.0,40.0,United-States,<=50K
46.0,Private,131091.0,Masters,14.0,Married-civ-spouse,Exec-managerial,Husband,White,Male,0.0,0.0,50.0,United-States,>50K
39.0,Self-emp-not-inc,140752.0,HS-grad,9.0,Married-civ-spouse,Sales,Husband,White,Male,0.0,0.0,50.0,United-States,>50K
49.0,Private,91251.0,HS-grad,9.0,,Other-service,Husband,Asian-Pac-Islander,Male,,0.0,40.0,China,<=50K
24.0,Private,201603.0,HS-grad,9.0,Divorced,Handlers-cleaners,,White,Male,0.0,0.0,30.0,United-States,<=50K
22.0,Private,200819.0,HS-grad,9.0,Married-civ-spouse,Transport-moving,Husband,White,Male,0.0,0.0,40.0,United-States,<=50K
32.0,Private,340917.0,,13.0,Never-married,Prof-specialty,Not-in-family,White,Male,0.0,0.0,50.0,United-States,>50K
47.0,,,Masters,14.0,Separated,,Not-in-family,White,Male,0.0,0.0,38.0,United-States,<=50K
36.0,Private,172538.0,Masters,14.0,Never-married,Prof-specialty,Own-child,White,Male,0.0,0.0,40.0,United-States,<=50K
52.0,Private,114674.0,Bachelors,13.0,Married-civ-spouse,Prof-specialty,,White,Male,,2389.4466063488135,52.0,United-States,<=50K
29.0,Private,40083.0,Doctorate,16.0,Never-married,Prof-specialty,Not-in-family,White,,0.0,0.0,40.0,Canada,<=50K
23.0,Local-gov,304386.0,HS-grad,9.0,Never-married,Other-service,Not-in-family,,Female,0.0,0.0,40.0,United-States,<=50K
19.0,Private,234725.0,12th,8.0,Never-married,Machine-op-inspct,Own-child,White,Male,0.0,0.0,40.0,United-States,<=50K
20.0,Private,138768.0,HS-grad,9.0,Never-married,Handlers-cleaners,Own-child,,Male,0.0,0.0,40.0,United-States,<=50K
45.0,Private,88781.0,Bachelors,13.0,Married-civ-spouse,Craft-repair,Husband,White,Male,0.0,0.0,40.0,Germany,>50K
26.0,Private,282643.0,,,Never-married,Adm-clerical,Own-child,White,Female,47889.20366261097,0.0,40.0,United-States,>50K
64.0,Private,,Some-college,10.0,Widowed,Tech-support,Unmarried,White,Female,0.0,0.0,,United-States,<=50K
22.0,Private,228516.0,HS-grad,9.0,Never-married,Machine-op-inspct,Own-child,White,Male,0.0,0.0,40.0,United-States,<=50K
47.0,Private,177858.0,Bachelors,13.0,Married-spouse-absent,Exec-managerial,Not-in-family,White,Female,27828.0,0.0,60.0,United-States,>50K
34.0,Federal-gov,199934.0,Some-college,10.0,Married-civ-spouse,Adm-clerical,,Black,Male,0.0,0.0,40.0,United-States,>50K
22.0,Private,89154.0,1st-4th,2.0,Never-married,Other-service,Other-relative,White,Male,0.0,0.0,40.0,El-Salvador,<=50K
,Private,191069.0,HS-grad,9.0,Married-civ-spouse,,Husband,White,Male,0.0,0.0,40.0,,>50K
45.0,Self-emp-not-inc,160962.0,Some-college,10.0,Never-married,Sales,Own-child,White,Female,0.0,0.0,35.0,United-States,<=50K
29.0,Private,39484.0,Bachelors,13.0,Married-civ-spouse,Other-service,Husband,White,Male,-40591.20366261097,0.0,42.0,United-States,<=50K
37.0,Private,127772.0,Bachelors,13.0,Married-civ-spouse,Exec-managerial,Husband,White,Male,0.0,0.0,50.0,United-States,>50K
29.0,Private,34383.0,Assoc-voc,11.0,Married-civ-spouse,Transport-moving,Husband,White,Male,0.0,0.0,55.0,United-States,<=50K
,Private,113397.0,HS-grad,9.0,Married-civ-spouse,Handlers-cleaners,Husband,White,Male,0.0,0.0,40.0,United-States,<=50K
25.0,Private,179138.0,HS-grad,9.0,Married-civ-spouse,Craft-repair,Husband,White,Male,0.0,0.0,40.0,United-States,<=50K
38.0,Private,146398.0,HS-grad,9.0,Never-married,Other-service,Unmarried,Black,,0.0,0.0,-48.632199789053374,United-States,>50K
29.0,Private,178244.0,HS-grad,9.0,Married-civ-spouse,Machine-op-inspct,Husband,White,Male,0.0,0.0,40.0,United-States,<=50K
33.0,Private,,HS-grad,9.0,Separated,Other-service,,White,Female,0.0,0.0,40.0,Germany,<=50K
47.0,Self-emp-inc,337050.0,Some-college,10.0,,Farming-fishing,Husband,White,Male,0.0,0.0,40.0,United-States,<=50K
29.0,Private,142519.0,,,Never-married,Handlers-cleaners,Own-child,White,Male,0.0,,40.0,United-States,<=50K
30.0,State-gov,252818.0,Some-college,10.0,Never-married,Prof-specialty,Not-in-family,White,Female,0.0,0.0,40.0,United-States,<=50K
,Private,210591.0,HS-grad,9.0,,Machine-op-inspct,,,Male,0.0,0.0,40.0,United-States,<=50K
52.0,Self-emp-inc,229259.0,Prof-school,15.0,Married-civ-spouse,Prof-specialty,,White,Male,0.0,0.0,,United-States,>50K
38.0,Private,66686.0,Assoc-voc,11.0,Married-civ-spouse,Machine-op-inspct,Husband,White,Male,0.0,0.0,40.0,United-States,>50K
44.0,Private,,Bachelors,13.0,Married-civ-spouse,Adm-clerical,,White,Male,0.0,0.0,40.0,United-States,>50K
20.0,Private,117606.0,,11.0,Never-married,Adm-clerical,Own-child,White,Female,0.0,0.0,40.0,United-States,<=50K
21.0,Private,321666.0,HS-grad,,Never-married,Craft-repair,Own-child,White,Male,594.0,0.0,40.0,United-States,<=50K
-18.7819770088162,Private,198727.0,HS-grad,9.0,Married-civ-spouse,Prof-specialty,Husband,White,Male,0.0,0.0,30.0,United-States,>50K
47.0,Private,332727.0,Bachelors,13.0,Married-civ-spouse,Prof-specialty,Husband,White,Male,0.0,0.0,60.0,United-States,>50K
49.0,Self-emp-not-inc,102318.0,,12.0,Divorced,Exec-managerial,,White,Male,0.0,,25.0,United-States,<=50K
27.0,Self-emp-inc,243871.0,Some-college,10.0,Never-married,Adm-clerical,Own-child,White,Female,0.0,0.0,45.0,United-States,<=50K
61.0,Private,230568.0,Bachelors,13.0,Divorced,Adm-clerical,Not-in-family,White,Male,0.0,0.0,40.0,United-States,>50K
27.0,Private,169815.0,Bachelors,13.0,Never-married,Sales,,White,Male,0.0,0.0,,United-States,<=50K
68.0,Self-emp-inc,52052.0,Assoc-voc,11.0,Widowed,Sales,,White,Female,25124.0,0.0,50.0,United-States,>50K
36.0,Private,48520.0,Some-college,10.0,,Other-service,Unmarried,White,Female,0.0,0.0,40.0,United-States,<=50K
19.0,Private,283945.0,Some-college,10.0,Never-married,Adm-clerical,Own-child,White,Male,0.0,0.0,,United-States,<=50K
60.0,Self-emp-not-inc,220342.0,11th,7.0,Married-civ-spouse,Farming-fishing,Husband,White,Male,0.0,0.0,35.0,United-States,<=50K
36.0,Private,-507225.9330611756,Assoc-voc,11.0,Divorced,Sales,Unmarried,White,,0.0,0.0,40.0,United-States,>50K
49.0,Private,165539.0,HS-grad,9.0,Widowed,Exec-managerial,Not-in-family,Black,Female,0.0,0.0,107.63219978905336,United-States,>50K
40.0,Private,408717.0,HS-grad,9.0,Married-civ-spouse,Craft-repair,Husband,White,,0.0,0.0,40.0,United-States,>50K
32.0,Private,194901.0,HS-grad,9.0,Married-civ-spouse,Adm-clerical,Husband,White,Male,0.0,0.0,40.0,United-States,<=50K
,Private,108320.0,HS-grad,9.0,Divorced,Transport-moving,Own-child,White,Male,0.0,0.0,40.0,United-States,<=50K
25.0,Private,120535.0,HS-grad,9.0,Divorced,Sales,Unmarried,White,,47889.20366261097,0.0,40.0,United-States,>50K
33.0,Private,33117.0,Assoc-acdm,12.0,Married-civ-spouse,Protective-serv,Husband,White,Male,,0.0,40.0,,<=50K
44.0,Local-gov,101950.0,Prof-school,15.0,Separated,Prof-specialty,Unmarried,White,Female,0.0,0.0,40.0,United-States,<=50K
24.0,Local-gov,,Bachelors,13.0,,Adm-clerical,Own-child,Black,Female,0.0,0.0,27.0,,<=50K
42.0,State-gov,39586.0,Masters,14.0,Married-civ-spouse,Prof-specialty,Wife,White,,0.0,0.0,20.0,United-States,>50K
30.0,Federal-gov,195337.0,HS-grad,9.0,Never-married,Adm-clerical,Unmarried,Other,Female,1506.0,0.0,45.0,United-States,<=50K
52.0,,311259.0,HS-grad,9.0,Married-civ-spouse,Sales,Husband,White,Male,0.0,0.0,40.0,United-States,>50K
40.0,Self-emp-not-inc,367819.0,Bachelors,13.0,Married-civ-spouse,Exec-managerial,Husband,White,Male,0.0,1977.0,40.0,United-States,>50K
37.0,Private,101020.0,Bachelors,13.0,,Exec-managerial,Not-in-family,White,Male,4787.0,0.0,55.0,United-States,>50K
46.0,Private,171199.0,Bachelors,13.0,Divorced,Machine-op-inspct,Unmarried,Other,Female,0.0,0.0,40.0,Puerto-Rico,<=50K
32.0,Private,188108.0,HS-grad,9.0,Married-civ-spouse,Craft-repair,Husband,White,Male,0.0,0.0,55.0,United-States,<=50K
18.0,Private,159561.0,11th,,Never-married,Transport-moving,Own-child,White,Male,0.0,0.0,20.0,United-States,<=50K
,Private,191814.0,Bachelors,13.0,Married-civ-spouse,Exec-managerial,Husband,White,Male,0.0,1902.0,40.0,United-States,>50K
-60.7819770088162,Private,130849.0,11th,7.0,Never-married,Other-service,Own-child,White,Female,,0.0,8.0,United-States,>50K
31.0,Private,305692.0,Some-college,10.0,Married-civ-spouse,Sales,Wife,Black,Female,0.0,0.0,40.0,United-States,<=50K
,Private,66194.0,Bachelors,13.0,Never-married,,Not-in-family,White,Female,0.0,0.0,60.0,Outlying-US(Guam-USVI-etc),<=50K
18.0,Private,166889.0,Some-college,10.0,Never-married,Handlers-cleaners,Own-child,Black,Female,0.0,1602.0,35.0,United-States,<=50K
22.0,Private,448626.0,Some-college,,Never-married,Sales,Own-child,White,Male,0.0,0.0,40.0,United-States,<=50K
36.0,Private,231037.0,7th-8th,4.0,Married-civ-spouse,Machine-op-inspct,Husband,White,Male,0.0,0.0,40.0,United-States,<=50K
23.0,Private,430151.0,11th,7.0,Never-married,Craft-repair,Unmarried,White,Male,0.0,0.0,30.0,United-States,<=50K
65.0,,153522.0,HS-grad,9.0,,Other-service,Unmarried,White,Female,0.0,,17.0,United-States,<=50K
52.0,Private,114062.0,HS-grad,9.0,Divorced,Craft-repair,Unmarried,White,Female,0.0,0.0,40.0,United-States,<=50K
52.0,Private,357596.0,HS-grad,9.0,Divorced,Adm-clerical,Unmarried,White,Male,0.0,0.0,40.0,United-States,<=50K
22.0,Private,427686.0,10th,6.0,Divorced,Craft-repair,Own-child,White,Male,0.0,0.0,40.0,United-States,<=50K
23.0,,143062.0,HS-grad,9.0,Never-married,Sales,Own-child,White,Male,0.0,0.0,40.0,United-States,<=50K
59.0,Self-emp-not-inc,116878.0,HS-grad,9.0,Married-civ-spouse,Exec-managerial,Husband,White,Male,0.0,0.0,60.0,Greece,<=50K
33.0,Local-gov,194901.0,Bachelors,13.0,Married-civ-spouse,,Husband,White,Male,0.0,0.0,40.0,United-States,>50K
47.0,Private,420986.0,Bachelors,13.0,Married-civ-spouse,Exec-managerial,,White,Male,0.0,2389.4466063488135,40.0,United-States,<=50K
33.0,,149726.0,,9.0,Married-civ-spouse,Transport-moving,Husband,White,Male,0.0,0.0,46.0,United-States,<=50K
28.0,Private,164575.0,Some-college,10.0,Married-civ-spouse,Adm-clerical,Husband,White,,,,40.0,,>50K
29.0,Private,179008.0,HS-grad,9.0,Married-civ-spouse,Farming-fishing,Husband,White,Male,0.0,0.0,55.0,United-States,<=50K
41.0,State-gov,539019.0,Some-college,10.0,Never-married,Farming-fishing,Not-in-family,Black,Male,0.0,0.0,40.0,United-States,<=50K
40.0,Private,100451.0,Some-college,10.0,Never-married,Craft-repair,Not-in-family,White,Male,0.0,0.0,40.0,United-States,<=50K
,State-gov,31703.0,Some-college,10.0,Never-married,Other-service,Own-child,White,Male,0.0,0.0,40.0,United-States,<=50K
21.0,Private,136975.0,HS-grad,9.0,Never-married,Other-service,Own-child,,Male,0.0,0.0,40.0,United-States,<=50K
,Private,191503.0,Bachelors,13.0,Married-civ-spouse,Prof-specialty,Husband,White,Male,0.0,1887.0,40.0,United-States,>50K
22.0,Private,191455.0,Some-college,10.0,Married-civ-spouse,Tech-support,Wife,Other,Female,0.0,,15.0,United-States,<=50K
28.0,Private,250135.0,HS-grad,9.0,Never-married,Prof-specialty,Other-relative,White,,0.0,0.0,112.63219978905336,,>50K
24.0,Private,387663.0,Some-college,10.0,Married-spouse-absent,Farming-fishing,Unmarried,White,Female,0.0,0.0,40.0,United-States,<=50K
36.0,Private,104213.0,Some-college,10.0,Divorced,Adm-clerical,Unmarried,White,Female,0.0,0.0,40.0,United-States,<=50K
26.0,State-gov,36741.0,Bachelors,13.0,Never-married,Prof-specialty,Not-in-family,,Female,0.0,0.0,20.0,United-States,<=50K
63.0,Self-emp-not-inc,179981.0,Some-college,10.0,Married-civ-spouse,Exec-managerial,Husband,White,Male,0.0,0.0,132.63219978905337,United-States,<=50K
27.0,Local-gov,247507.0,Bachelors,13.0,,Prof-specialty,Own-child,,Male,0.0,0.0,35.0,United-States,<=50K
31.0,Private,43716.0,Assoc-voc,11.0,Divorced,Machine-op-inspct,Unmarried,White,Male,0.0,0.0,43.0,United-States,<=50K
38.0,Private,129573.0,HS-grad,9.0,,Craft-repair,,White,Male,0.0,0.0,41.0,United-States,<=50K
51.0,Private,154342.0,Masters,,Married-civ-spouse,Prof-specialty,Husband,White,Male,7688.0,0.0,45.0,United-States,>50K
46.0,Self-emp-not-inc,346783.0,Prof-school,15.0,Married-civ-spouse,Prof-specialty,Husband,White,Male,,0.0,35.0,Cuba,>50K
37.0,Private,393673.0,12th,8.0,Married-civ-spouse,Other-service,Wife,White,Female,0.0,0.0,45.0,United-States,<=50K
57.0,Private,173832.0,Bachelors,13.0,Married-civ-spouse,Sales,Husband,White,Male,0.0,1902.0,40.0,United-States,>50K
51.0,Private,61270.0,HS-grad,9.0,,Handlers-cleaners,Husband,White,Male,0.0,0.0,40.0,United-States,>50K
53.0,Federal-gov,128141.0,Bachelors,13.0,Separated,Adm-clerical,Not-in-family,Black,Male,0.0,0.0,40.0,United-States,<=50K
47.0,Private,188386.0,Assoc-acdm,12.0,Married-civ-spouse,Craft-repair,Husband,White,Male,0.0,0.0,40.0,,<=50K
27.0,Private,150025.0,HS-grad,9.0,Never-married,Sales,,White,Male,0.0,0.0,40.0,Puerto-Rico,<=50K
45.0,Private,,,9.0,Never-married,Craft-repair,Not-in-family,White,Male,0.0,0.0,,United-States,<=50K
36.0,Private,418702.0,Assoc-voc,11.0,Divorced,Adm-clerical,Unmarried,White,Female,0.0,0.0,40.0,United-States,<=50K
66.0,Local-gov,174486.0,Doctorate,16.0,Married-civ-spouse,,Husband,Black,Male,20051.0,0.0,35.0,Jamaica,>50K
43.0,Private,,HS-grad,9.0,Divorced,Exec-managerial,Not-in-family,White,Female,0.0,0.0,60.0,United-States,<=50K
46.0,Self-emp-inc,110702.0,,10.0,,Exec-managerial,Unmarried,White,Female,2036.0,0.0,60.0,United-States,<=50K
17.0,Private,52486.0,11th,7.0,Never-married,Other-service,Own-child,White,Female,0.0,0.0,12.0,United-States,<=50K
41.0,Private,287037.0,Some-college,10.0,Never-married,Farming-fishing,Not-in-family,White,Male,0.0,0.0,40.0,United-States,<=50K
27.0,Private,187450.0,Bachelors,,Married-civ-spouse,Exec-managerial,Husband,White,Male,0.0,0.0,50.0,United-States,<=50K
25.0,Local-gov,476599.0,Bachelors,13.0,Never-married,,Not-in-family,White,Female,0.0,0.0,40.0,United-States,<=50K
36.0,Private,230329.0,Bachelors,13.0,Married-civ-spouse,Exec-managerial,Husband,White,Male,0.0,0.0,50.0,United-States,>50K
29.0,Private,342989.0,HS-grad,9.0,Never-married,,Own-child,White,Female,0.0,0.0,40.0,United-States,<=50K
37.0,Private,141584.0,Assoc-acdm,12.0,Married-civ-spouse,Other-service,Husband,White,Male,0.0,0.0,47.0,United-States,<=50K
34.0,Private,205581.0,HS-grad,9.0,,Sales,Wife,White,Female,0.0,,,United-States,<=50K
32.0,Federal-gov,148138.0,Bachelors,13.0,Married-civ-spouse,Prof-specialty,Husband,Asian-Pac-Islander,Male,0.0,2002.0,40.0,Iran,<=50K
,Federal-gov,985614.9330611756,Masters,14.0,Married-civ-spouse,Armed-Forces,Husband,White,Male,0.0,1887.0,40.0,United-States,<=50K
42.0,Private,149823.0,Some-college,10.0,Married-civ-spouse,Craft-repair,Husband,White,Male,0.0,0.0,40.0,United-States,<=50K
17.0,Private,400225.0,11th,7.0,Never-married,Sales,Own-child,White,Female,,0.0,20.0,United-States,<=50K
40.0,Private,59916.0,HS-grad,9.0,Married-civ-spouse,Craft-repair,Husband,White,Male,0.0,0.0,40.0,United-States,<=50K
28.0,Private,435842.0,Bachelors,28.4862381985065,Married-civ-spouse,Exec-managerial,Husband,White,Male,0.0,0.0,40.0,United-States,>50K
35.0,Self-emp-inc,186488.0,HS-grad,9.0,Married-civ-spouse,Other-service,Husband,White,Male,0.0,0.0,50.0,Puerto-Rico,<=50K
24.0,Private,113466.0,HS-grad,9.0,Never-married,Sales,Not-in-family,White,Male,0.0,0.0,40.0,United-States,<=50K
38.0,Local-gov,181721.0,Bachelors,13.0,Married-civ-spouse,Exec-managerial,Husband,Black,,0.0,,40.0,United-States,<=50K
22.0,Private,315476.0,11th,22.4862381985065,Never-married,Craft-repair,Unmarried,White,Male,0.0,0.0,40.0,United-States,>50K
45.0,Private,151267.0,Bachelors,13.0,,Adm-clerical,Not-in-family,Black,Female,0.0,0.0,40.0,United-States,>50K
48.0,State-gov,54985.0,,13.0,Married-civ-spouse,Prof-specialty,Husband,White,Male,0.0,,40.0,United-States,<=50K
51.0,Private,138022.0,,14.0,Married-civ-spouse,Exec-managerial,Husband,White,Male,0.0,0.0,60.0,United-States,>50K
24.0,Private,182276.0,,9.0,Married-civ-spouse,Other-service,Wife,White,Female,0.0,0.0,25.0,United-States,<=50K
19.0,Private,,HS-grad,9.0,Never-married,Other-service,Not-in-family,White,Female,0.0,0.0,40.0,United-States,<=50K
25.0,Private,176729.0,Bachelors,13.0,,Craft-repair,Husband,White,Male,0.0,0.0,60.0,United-States,>50K
49.0,Federal-gov,233059.0,Assoc-voc,11.0,Married-civ-spouse,Craft-repair,Husband,White,Male,0.0,0.0,40.0,United-States,<=50K
52.0,Federal-gov,157454.0,HS-grad,9.0,Never-married,Machine-op-inspct,Not-in-family,White,Female,0.0,0.0,40.0,,<=50K
35.0,Private,340260.0,,9.0,Divorced,Craft-repair,Unmarried,,Female,0.0,0.0,48.0,United-States,<=50K
26.0,Private,156976.0,Assoc-voc,11.0,Separated,Other-service,Not-in-family,Black,Male,0.0,0.0,40.0,United-States,<=50K
,Private,175220.0,Bachelors,13.0,Married-civ-spouse,Sales,Husband,Asian-Pac-Islander,Male,7688.0,0.0,48.0,Taiwan,>50K
30.0,Private,162623.0,Bachelors,13.0,Never-married,Prof-specialty,,White,Female,0.0,0.0,40.0,United-States,<=50K
59.0,Private,236731.0,7th-8th,4.0,Married-civ-spouse,Protective-serv,Husband,White,Male,0.0,0.0,40.0,Puerto-Rico,<=50K
35.0,Private,40135.0,Some-college,,,Handlers-cleaners,Husband,White,Male,0.0,2042.0,40.0,United-States,<=50K
,Private,151141.0,11th,7.0,Never-married,Handlers-cleaners,Own-child,White,Male,0.0,,15.0,United-States,<=50K
33.0,Private,153005.0,10th,6.0,Married-civ-spouse,Craft-repair,Husband,White,Male,0.0,,40.0,United-States,<=50K
19.0,Private,45381.0,Some-college,10.0,Never-married,Adm-clerical,,White,,0.0,,8.0,United-States,<=50K
39.0,Private,101260.0,HS-grad,9.0,Never-married,,Own-child,White,Male,0.0,0.0,40.0,United-States,<=50K
,Self-emp-not-inc,52870.0,HS-grad,9.0,Married-civ-spouse,Craft-repair,Husband,White,,0.0,0.0,40.0,United-States,>50K
31.0,Private,185778.0,HS-grad,9.0,Never-married,Farming-fishing,Not-in-family,White,Male,0.0,0.0,60.0,United-States,<=50K
31.0,Private,238816.0,Assoc-voc,,Married-civ-spouse,Tech-support,Husband,White,Male,0.0,0.0,40.0,United-States,<=50K
47.0,Local-gov,39986.0,Bachelors,13.0,Married-civ-spouse,Prof-specialty,Husband,White,Male,0.0,0.0,40.0,United-States,<=50K
21.0,Private,176178.0,Bachelors,13.0,Married-civ-spouse,Sales,Other-relative,White,Female,0.0,0.0,35.0,United-States,<=50K
58.0,Private,186121.0,Bachelors,13.0,Divorced,Exec-managerial,Not-in-family,,Male,0.0,0.0,40.0,United-States,<=50K
26.0,Private,193050.0,Some-college,,Divorced,Adm-clerical,Unmarried,White,Female,0.0,0.0,18.0,United-States,<=50K
,Private,184682.0,Some-college,10.0,Divorced,Adm-clerical,Unmarried,,Female,0.0,0.0,40.0,United-States,<=50K
72.0,Private,205343.0,11th,7.0,Widowed,Adm-clerical,Unmarried,White,Female,0.0,0.0,40.0,United-States,<=50K
26.0,Local-gov,120238.0,,11.0,Never-married,Adm-clerical,Unmarried,White,Male,0.0,0.0,40.0,United-States,<=50K
36.0,Private,284166.0,HS-grad,9.0,Never-married,Sales,,White,Male,0.0,0.0,,United-States,>50K
36.0,Private,220511.0,Some-college,10.0,Married-civ-spouse,Craft-repair,Husband,White,Male,0.0,0.0,40.0,United-States,<=50K
59.0,Self-emp-not-inc,190997.0,10th,6.0,Married-civ-spouse,Exec-managerial,Husband,White,Male,0.0,0.0,36.0,United-States,<=50K
,Private,121559.0,HS-grad,9.0,Married-civ-spouse,Craft-repair,Husband,White,Male,0.0,0.0,40.0,United-States,<=50K
24.0,Private,254547.0,HS-grad,9.0,Never-married,Adm-clerical,Other-relative,Black,Female,0.0,0.0,20.0,,<=50K
50.0,Private,,Bachelors,13.0,Divorced,Sales,Unmarried,Black,Male,0.0,0.0,40.0,United-States,<=50K
34.0,Private,97355.0,Some-college,10.0,Divorced,Sales,Not-in-family,White,Female,0.0,0.0,60.0,United-States,<=50K
29.0,Private,410351.0,Assoc-acdm,12.0,Married-civ-spouse,Craft-repair,Husband,White,Male,0.0,0.0,43.0,United-States,<=50K
37.0,Private,109633.0,HS-grad,9.0,Divorced,Other-service,Not-in-family,White,Female,0.0,0.0,40.0,United-States,<=50K
52.0,Private,114228.0,HS-grad,9.0,Divorced,Craft-repair,Not-in-family,White,Male,3325.0,0.0,40.0,United-States,<=50K
49.0,Self-emp-inc,30751.0,Assoc-voc,11.0,Divorced,Exec-managerial,Not-in-family,White,Male,0.0,0.0,60.0,United-States,<=50K
42.0,Private,806552.0,Some-college,10.0,Married-civ-spouse,Exec-managerial,Husband,White,Male,0.0,0.0,50.0,United-States,>50K
30.0,Private,264025.0,HS-grad,9.0,Separated,,Unmarried,Black,Male,1506.0,0.0,80.0,United-States,<=50K
20.0,Local-gov,186213.0,Some-college,10.0,Never-married,Prof-specialty,Own-child,White,Male,0.0,0.0,38.0,United-States,<=50K
56.0,Private,229335.0,HS-grad,9.0,Divorced,Adm-clerical,Not-in-family,White,Female,0.0,0.0,40.0,United-States,<=50K
26.0,Private,202203.0,5th-6th,3.0,Never-married,Adm-clerical,Own-child,White,Female,0.0,2389.4466063488135,40.0,Mexico,>50K
36.0,Self-emp-inc,176837.0,Some-college,10.0,Married-civ-spouse,Craft-repair,Husband,White,Male,7298.0,0.0,45.0,United-States,>50K
46.0,Private,141221.0,Bachelors,13.0,Married-civ-spouse,,Husband,Asian-Pac-Islander,Male,0.0,0.0,40.0,Philippines,>50K
47.0,Self-emp-not-inc,182752.0,HS-grad,9.0,Married-civ-spouse,Adm-clerical,Wife,White,Female,0.0,0.0,35.0,Iran,<=50K
30.0,State-gov,107142.0,Bachelors,,Married-civ-spouse,Prof-specialty,Husband,White,Male,0.0,0.0,37.0,United-States,>50K
24.0,Local-gov,252024.0,Some-college,10.0,Married-civ-spouse,Protective-serv,Husband,White,Male,0.0,0.0,72.0,United-States,>50K
55.0,Private,67450.0,Doctorate,16.0,Never-married,Prof-specialty,Not-in-family,White,Male,0.0,0.0,40.0,England,<=50K
31.0,Local-gov,,Masters,14.0,Never-married,Exec-managerial,,White,Male,0.0,0.0,45.0,United-States,<=50K
37.0,Private,112497.0,Prof-school,15.0,Married-civ-spouse,Prof-specialty,,White,Male,0.0,0.0,50.0,United-States,>50K
34.0,Private,263150.0,Some-college,10.0,Married-civ-spouse,Exec-managerial,Wife,White,,0.0,0.0,45.0,United-States,>50K
18.0,Local-gov,152171.0,11th,7.0,Never-married,Protective-serv,Own-child,White,Male,0.0,0.0,10.0,United-States,<=50K
35.0,Private,225750.0,Bachelors,13.0,Divorced,Prof-specialty,Unmarried,White,Female,0.0,0.0,32.0,United-States,<=50K
20.0,Private,92863.0,HS-grad,9.0,Divorced,Machine-op-inspct,Not-in-family,White,Male,0.0,0.0,40.0,United-States,<=50K
41.0,Private,475322.0,Some-college,10.0,Never-married,Adm-clerical,Not-in-family,White,Male,0.0,1617.0,35.0,,<=50K
40.0,Local-gov,233891.0,HS-grad,9.0,Never-married,Adm-clerical,Unmarried,Black,Female,0.0,0.0,35.0,United-States,<=50K
52.0,Self-emp-not-inc,156882.0,Some-college,10.0,Married-civ-spouse,Sales,Husband,Amer-Indian-Eskimo,Male,0.0,0.0,40.0,United-States,<=50K
,Private,81605.0,HS-grad,9.0,Married-civ-spouse,Craft-repair,Husband,White,Male,0.0,0.0,45.0,United-States,<=50K
19.0,Private,418324.0,Some-college,10.0,Never-married,Sales,Own-child,White,Male,0.0,0.0,,United-States,<=50K
32.0,Self-emp-inc,103078.0,,13.0,Married-civ-spouse,Sales,Husband,White,Male,0.0,0.0,40.0,United-States,<=50K
23.0,Private,82393.0,9th,5.0,Never-married,Other-service,Own-child,Asian-Pac-Islander,Male,0.0,0.0,20.0,Philippines,<=50K
48.0,Private,165267.0,10th,6.0,Married-civ-spouse,Farming-fishing,Husband,Black,,0.0,,40.0,United-States,<=50K
48.0,Federal-gov,247043.0,HS-grad,9.0,Divorced,Adm-clerical,Not-in-family,White,Male,0.0,0.0,40.0,United-States,<=50K
43.0,,255635.0,5th-6th,3.0,Married-civ-spouse,Machine-op-inspct,Husband,Other,Male,0.0,0.0,40.0,Mexico,<=50K
45.0,Private,54314.0,9th,5.0,Never-married,Other-service,Not-in-family,White,Male,0.0,0.0,20.0,,<=50K
,Private,273324.0,Some-college,10.0,Never-married,Other-service,Own-child,White,Male,0.0,1721.0,16.0,United-States,<=50K
39.0,Private,172571.0,Masters,14.0,Married-civ-spouse,Exec-managerial,Husband,White,Male,0.0,0.0,45.0,United-States,>50K
33.0,State-gov,79440.0,Masters,14.0,Never-married,Prof-specialty,Not-in-family,Asian-Pac-Islander,Male,0.0,0.0,30.0,Japan,<=50K
31.0,Private,145924.0,Some-college,10.0,Divorced,Machine-op-inspct,Unmarried,White,Female,0.0,0.0,35.0,United-States,<=50K
41.0,Local-gov,224799.0,Masters,14.0,,Prof-specialty,Husband,White,Male,0.0,0.0,55.0,United-States,>50K
36.0,Private,359397.0,11th,7.0,Married-civ-spouse,Handlers-cleaners,Husband,Other,Male,0.0,0.0,40.0,United-States,<=50K
50.0,Private,128814.0,HS-grad,9.0,Divorced,Other-service,Unmarried,White,Female,0.0,0.0,25.0,United-States,<=50K
52.0,Private,,HS-grad,9.0,Married-civ-spouse,,Husband,White,Male,0.0,0.0,,United-States,>50K
27.0,Private,38606.0,Bachelors,13.0,Never-married,Sales,Not-in-family,White,Male,0.0,1504.0,45.0,United-States,<=50K
35.0,,240467.0,HS-grad,9.0,Married-spouse-absent,Adm-clerical,Unmarried,Black,Female,0.0,0.0,40.0,United-States,<=50K
39.0,Private,161295.0,Assoc-acdm,12.0,Divorced,Adm-clerical,Unmarried,White,,,0.0,40.0,United-States,>50K
42.0,Self-emp-inc,287037.0,12th,8.0,Divorced,Craft-repair,Not-in-family,White,Male,0.0,,10.0,United-States,<=50K
71.0,Private,77253.0,HS-grad,9.0,Never-married,Handlers-cleaners,,White,Male,0.0,0.0,17.0,United-States,<=50K
36.0,Federal-gov,89083.0,Assoc-voc,11.0,Married-civ-spouse,Tech-support,Husband,White,Male,0.0,,40.0,United-States,<=50K
56.0,Local-gov,255406.0,HS-grad,9.0,Divorced,Exec-managerial,Not-in-family,White,Female,0.0,0.0,40.0,United-States,<=50K
34.0,Private,110622.0,Masters,14.0,Divorced,Exec-managerial,,Asian-Pac-Islander,Female,0.0,0.0,40.0,South,<=50K
58.0,Private,,HS-grad,9.0,Divorced,Adm-clerical,,White,Female,0.0,0.0,40.0,United-States,<=50K
,Private,80933.0,HS-grad,9.0,Married-civ-spouse,Craft-repair,Husband,White,Male,0.0,0.0,52.0,United-States,<=50K
25.0,Private,184303.0,,4.0,Never-married,Priv-house-serv,Other-relative,White,,0.0,0.0,40.0,Guatemala,<=50K
38.0,Private,87556.0,Bachelors,13.0,Married-civ-spouse,Exec-managerial,Husband,White,Male,7688.0,0.0,55.0,,>50K
27.0,Private,257302.0,Assoc-acdm,12.0,Married-civ-spouse,Tech-support,Wife,White,Female,0.0,0.0,38.0,United-States,<=50K
53.0,Federal-gov,167410.0,Bachelors,28.4862381985065,Divorced,Tech-support,Not-in-family,Amer-Indian-Eskimo,Male,0.0,0.0,40.0,United-States,>50K
18.0,Private,198614.0,11th,7.0,Never-married,Sales,Own-child,Black,Female,0.0,0.0,8.0,United-States,<=50K
35.0,Local-gov,107233.0,HS-grad,9.0,Never-married,Adm-clerical,Unmarried,Amer-Indian-Eskimo,Male,0.0,0.0,55.0,United-States,<=50K
47.0,Private,209320.0,HS-grad,9.0,Separated,Other-service,Not-in-family,White,Female,0.0,0.0,40.0,United-States,<=50K
30.0,Private,175413.0,HS-grad,9.0,Never-married,Handlers-cleaners,Own-child,,Female,0.0,0.0,35.0,United-States,<=50K
51.0,Private,39264.0,,10.0,Married-civ-spouse,Exec-managerial,Wife,White,Female,0.0,0.0,40.0,United-States,>50K
59.0,Private,171015.0,,10.0,Never-married,Adm-clerical,Own-child,White,Female,0.0,0.0,34.0,United-States,<=50K
30.0,Private,139838.0,10th,6.0,Separated,Other-service,,Black,Male,0.0,0.0,40.0,United-States,<=50K
26.0,Private,376016.0,HS-grad,9.0,Never-married,Other-service,Not-in-family,White,Female,0.0,0.0,30.0,United-States,<=50K
23.0,Private,197552.0,Some-college,10.0,Never-married,Sales,Own-child,White,Female,0.0,0.0,35.0,United-States,<=50K
,Federal-gov,72436.0,HS-grad,9.0,Married-civ-spouse,Exec-managerial,Husband,White,Male,0.0,0.0,57.0,United-States,>50K
25.0,Private,36943.0,Assoc-acdm,12.0,Divorced,Other-service,Not-in-family,White,Female,0.0,0.0,32.0,United-States,<=50K
30.0,Local-gov,327825.0,HS-grad,9.0,Divorced,Protective-serv,Own-child,White,Female,0.0,0.0,32.0,United-States,<=50K
58.0,Private,224854.0,HS-grad,9.0,Never-married,Adm-clerical,Not-in-family,White,Female,0.0,0.0,40.0,,<=50K
49.0,Private,198759.0,Assoc-acdm,12.0,Married-civ-spouse,Sales,Husband,White,Male,15024.0,0.0,60.0,United-States,>50K
22.0,Private,225156.0,HS-grad,9.0,Never-married,Adm-clerical,,White,,0.0,0.0,40.0,United-States,<=50K
34.0,State-gov,103642.0,HS-grad,9.0,Married-civ-spouse,Other-service,Husband,White,Male,0.0,1651.0,40.0,United-States,<=50K
55.0,Private,123436.0,Assoc-voc,11.0,Married-civ-spouse,Prof-specialty,Husband,White,Male,0.0,0.0,40.0,United-States,>50K
29.0,Private,183523.0,10th,6.0,Never-married,Other-service,Own-child,White,Male,0.0,0.0,40.0,United-States,<=50K
,Private,241367.0,Some-college,10.0,Never-married,Adm-clerical,Own-child,White,Male,0.0,0.0,10.0,,<=50K
69.0,Private,98170.0,7th-8th,4.0,Widowed,Other-service,Not-in-family,White,Female,1086.0,0.0,20.0,United-States,<=50K
31.0,Local-gov,199368.0,Bachelors,,Married-civ-spouse,Protective-serv,Husband,Black,Male,0.0,0.0,50.0,United-States,>50K
49.0,Private,110669.0,10th,6.0,Divorced,Machine-op-inspct,Not-in-family,White,Female,0.0,0.0,32.0,United-States,<=50K
18.0,Private,135924.0,HS-grad,9.0,Never-married,Adm-clerical,Own-child,White,Male,0.0,0.0,20.0,United-States,<=50K
50.0,Private,189183.0,HS-grad,9.0,Married-civ-spouse,Adm-clerical,Husband,White,Male,0.0,0.0,40.0,United-States,<=50K
66.0,Private,,HS-grad,9.0,Widowed,Transport-moving,Not-in-family,White,Male,0.0,0.0,22.0,United-States,<=50K
45.0,Private,-463656.9330611756,HS-grad,9.0,Divorced,Adm-clerical,Unmarried,White,Female,0.0,0.0,28.0,United-States,>50K
49.0,Private,304864.0,Some-college,10.0,,Tech-support,,Black,Female,,0.0,35.0,United-States,<=50K
50.0,State-gov,201513.0,HS-grad,9.0,Divorced,Adm-clerical,Own-child,White,Female,0.0,0.0,112.63219978905336,United-States,>50K
58.0,Federal-gov,139290.0,Bachelors,13.0,Married-civ-spouse,,Husband,White,Male,0.0,0.0,40.0,United-States,>50K
32.0,Local-gov,,HS-grad,9.0,Married-civ-spouse,Craft-repair,Husband,White,Male,0.0,0.0,40.0,,<=50K
40.0,Self-emp-not-inc,173651.0,Some-college,10.0,Married-civ-spouse,Craft-repair,Husband,White,Male,0.0,0.0,45.0,United-States,<=50K
45.0,Private,187581.0,Some-college,10.0,Married-civ-spouse,Craft-repair,Husband,White,Male,0.0,0.0,,United-States,>50K
53.0,Private,201127.0,Masters,14.0,Married-civ-spouse,Exec-managerial,Husband,White,Male,0.0,0.0,,United-States,>50K
38.0,State-gov,34364.0,Masters,14.0,Divorced,Adm-clerical,Not-in-family,White,Female,0.0,0.0,40.0,United-States,<=50K
46.0,Local-gov,344172.0,Assoc-acdm,12.0,Married-civ-spouse,Protective-serv,Husband,White,Male,0.0,0.0,49.0,United-States,>50K
38.0,Self-emp-not-inc,190023.0,HS-grad,9.0,Married-civ-spouse,Transport-moving,,White,Male,0.0,0.0,40.0,United-States,>50K
38.0,Private,127601.0,Some-college,10.0,Married-civ-spouse,Handlers-cleaners,Wife,White,Female,0.0,0.0,35.0,United-States,<=50K
18.0,Private,86150.0,HS-grad,9.0,Never-married,Exec-managerial,Own-child,Asian-Pac-Islander,Female,0.0,0.0,15.0,United-States,<=50K
23.0,Private,119156.0,HS-grad,9.0,Married-civ-spouse,Craft-repair,Husband,White,Male,0.0,0.0,,United-States,<=50K
32.0,Private,72591.0,HS-grad,9.0,Married-civ-spouse,,Husband,White,Male,0.0,,40.0,United-States,<=50K
52.0,Self-emp-inc,392502.0,Bachelors,13.0,Married-civ-spouse,Exec-managerial,Husband,White,Male,0.0,0.0,60.0,United-States,<=50K
27.0,,162343.0,Bachelors,13.0,Married-civ-spouse,Exec-managerial,Husband,White,Male,0.0,0.0,40.0,Dominican-Republic,<=50K
57.0,Private,228764.0,Assoc-voc,11.0,Divorced,Machine-op-inspct,Not-in-family,Black,Male,0.0,0.0,40.0,United-States,<=50K
36.0,Private,252327.0,5th-6th,3.0,Married-spouse-absent,Craft-repair,Other-relative,White,Male,0.0,0.0,40.0,Mexico,<=50K
27.0,,183148.0,HS-grad,9.0,Never-married,Other-service,Not-in-family,Black,Male,0.0,0.0,40.0,United-States,<=50K
47.0,Self-emp-not-inc,192755.0,HS-grad,9.0,Married-civ-spouse,Machine-op-inspct,Wife,White,Female,0.0,2389.4466063488135,20.0,United-States,<=50K
22.0,Private,443336.0,Some-college,10.0,Never-married,Other-service,Not-in-family,White,Female,0.0,0.0,25.0,United-States,<=50K
44.0,Private,307468.0,Prof-school,,Married-civ-spouse,Prof-specialty,Husband,White,Male,0.0,0.0,,United-States,>50K
48.0,,102092.0,HS-grad,9.0,Married-civ-spouse,Craft-repair,Husband,White,Male,0.0,0.0,40.0,United-States,<=50K
32.0,Private,182714.0,HS-grad,9.0,Never-married,Sales,Not-in-family,White,Female,0.0,0.0,45.0,United-States,<=50K
24.0,Private,216129.0,HS-grad,9.0,Never-married,Craft-repair,Own-child,White,Male,0.0,1408.0,50.0,United-States,<=50K
26.0,,271243.0,12th,8.0,Never-married,Adm-clerical,Not-in-family,Black,Male,0.0,0.0,40.0,Haiti,<=50K
24.0,Private,293091.0,HS-grad,9.0,Married-civ-spouse,,Husband,White,Male,0.0,0.0,40.0,United-States,<=50K
21.0,Private,163870.0,10th,6.0,Married-civ-spouse,Other-service,Husband,White,Male,3908.0,,40.0,United-States,<=50K
38.0,Self-emp-inc,141584.0,HS-grad,9.0,,Sales,Unmarried,White,Male,0.0,0.0,55.0,United-States,<=50K
52.0,Local-gov,230095.0,Some-college,10.0,Married-civ-spouse,Prof-specialty,Wife,White,Female,0.0,0.0,40.0,United-States,<=50K
45.0,Private,162302.0,HS-grad,9.0,Divorced,Exec-managerial,Unmarried,White,Female,0.0,0.0,30.0,United-States,<=50K
30.0,Private,181992.0,Some-college,10.0,Never-married,Sales,Not-in-family,Black,Female,,0.0,35.0,United-States,<=50K
50.0,Private,27432.0,Bachelors,13.0,Married-civ-spouse,Prof-specialty,Husband,White,Male,0.0,0.0,30.0,United-States,<=50K
24.0,,200997.0,HS-grad,9.0,Never-married,Handlers-cleaners,Own-child,White,Male,0.0,0.0,45.0,United-States,<=50K
44.0,Private,209174.0,,13.0,Married-civ-spouse,Exec-managerial,Husband,White,Male,0.0,0.0,70.0,United-States,>50K
38.0,Private,288158.0,HS-grad,9.0,Married-civ-spouse,Transport-moving,Husband,White,Male,0.0,0.0,50.0,United-States,>50K
26.0,Private,154571.0,Some-college,10.0,Never-married,Machine-op-inspct,Not-in-family,Asian-Pac-Islander,Male,0.0,0.0,45.0,United-States,>50K
45.0,Private,168038.0,Bachelors,13.0,Married-civ-spouse,Exec-managerial,Husband,White,Male,0.0,0.0,32.0,United-States,<=50K
47.0,Private,140664.0,Bachelors,13.0,Divorced,,Not-in-family,White,Male,0.0,0.0,45.0,United-States,<=50K
45.0,Local-gov,,Some-college,10.0,Married-civ-spouse,Protective-serv,Husband,White,Male,0.0,0.0,40.0,United-States,>50K
50.0,Private,273536.0,7th-8th,4.0,Married-civ-spouse,Sales,Husband,Other,Male,,0.0,49.0,Dominican-Republic,<=50K
20.0,Private,218215.0,Some-college,10.0,Never-married,Sales,Own-child,White,Female,0.0,0.0,30.0,United-States,<=50K
45.0,Private,259412.0,Prof-school,15.0,Married-civ-spouse,Prof-specialty,Husband,White,Male,99999.0,0.0,50.0,United-States,>50K
50.0,Self-emp-not-inc,213279.0,HS-grad,9.0,Married-civ-spouse,Exec-managerial,Husband,White,Male,0.0,0.0,50.0,United-States,<=50K
37.0,Private,224541.0,Some-college,10.0,Married-civ-spouse,Transport-moving,Husband,White,Male,0.0,0.0,40.0,United-States,<=50K
21.0,Private,126613.0,HS-grad,9.0,Never-married,Sales,Not-in-family,White,Female,0.0,0.0,,United-States,<=50K
,,145490.0,11th,,Married-civ-spouse,Other-service,Husband,White,Male,0.0,,40.0,United-States,<=50K
19.0,Private,,HS-grad,9.0,Never-married,Other-service,Unmarried,White,Female,0.0,0.0,40.0,United-States,<=50K
,Private,227411.0,Some-college,10.0,Never-married,Other-service,Own-child,White,Female,0.0,0.0,92.63219978905336,United-States,>50K
43.0,Private,203233.0,HS-grad,9.0,Married-civ-spouse,Transport-moving,Husband,White,Male,0.0,,50.0,United-States,>50K
,Self-emp-inc,174202.0,HS-grad,9.0,Never-married,Transport-moving,Own-child,White,,0.0,0.0,60.0,United-States,<=50K
41.0,Private,149909.0,Bachelors,13.0,Married-civ-spouse,Sales,Husband,White,Male,7688.0,0.0,50.0,,>50K
32.0,Private,186824.0,Bachelors,13.0,Married-civ-spouse,Craft-repair,,White,Male,0.0,0.0,40.0,United-States,>50K
,Private,229287.0,Bachelors,13.0,Never-married,Exec-managerial,Other-relative,White,Female,-47889.20366261097,0.0,25.0,United-States,>50K
29.0,Local-gov,375655.0,Bachelors,13.0,Never-married,Prof-specialty,Not-in-family,White,Male,0.0,0.0,40.0,United-States,<=50K
53.0,Private,121441.0,Some-college,10.0,Married-civ-spouse,Sales,Husband,White,Male,0.0,0.0,55.0,United-States,<=50K
31.0,Private,19302.0,Assoc-acdm,12.0,Never-married,Adm-clerical,Not-in-family,White,Male,2202.0,0.0,38.0,United-States,<=50K
57.0,Private,210688.0,HS-grad,,Married-civ-spouse,Prof-specialty,Husband,White,Male,0.0,0.0,15.0,United-States,<=50K
52.0,Private,245275.0,10th,6.0,Married-civ-spouse,Other-service,Wife,White,Female,0.0,0.0,35.0,United-States,<=50K
-36.7819770088162,Private,208347.0,11th,7.0,Never-married,Machine-op-inspct,Not-in-family,Other,Female,0.0,0.0,,Puerto-Rico,>50K
40.0,State-gov,40024.0,Prof-school,15.0,Married-civ-spouse,Prof-specialty,Husband,White,Male,0.0,0.0,38.0,United-States,>50K
,Private,297188.0,Masters,,Never-married,Prof-specialty,Not-in-family,White,Female,0.0,0.0,132.63219978905337,United-States,>50K
34.0,Private,200192.0,Some-college,10.0,Never-married,Other-service,Not-in-family,White,Female,0.0,,40.0,United-States,>50K
30.0,Private,87469.0,HS-grad,9.0,Never-married,Other-service,Not-in-family,White,Male,0.0,0.0,40.0,,<=50K
20.0,Private,180339.0,HS-grad,9.0,Never-married,Other-service,Other-relative,White,,0.0,0.0,35.0,United-States,<=50K
46.0,Private,128796.0,Bachelors,13.0,Married-civ-spouse,Exec-managerial,Husband,White,Male,0.0,0.0,44.0,,>50K
32.0,Private,106437.0,HS-grad,9.0,Separated,Adm-clerical,Unmarried,White,Female,0.0,0.0,40.0,United-States,<=50K
41.0,Federal-gov,193882.0,HS-grad,9.0,Never-married,Adm-clerical,Own-child,White,Male,0.0,0.0,40.0,United-States,<=50K
59.0,Self-emp-not-inc,241297.0,Some-college,10.0,Widowed,Farming-fishing,Not-in-family,White,Female,6849.0,0.0,40.0,United-States,<=50K
49.0,Private,360491.0,HS-grad,9.0,Widowed,Adm-clerical,Unmarried,White,Female,0.0,0.0,40.0,United-States,<=50K
37.0,Self-emp-not-inc,203828.0,HS-grad,9.0,,Sales,Husband,White,Male,0.0,0.0,45.0,United-States,<=50K
31.0,Private,356410.0,Assoc-voc,,Married-civ-spouse,Sales,Husband,White,Male,147888.20366261096,0.0,40.0,United-States,<=50K
39.0,Self-emp-not-inc,,Bachelors,13.0,Married-civ-spouse,Prof-specialty,Husband,White,Male,15024.0,0.0,50.0,Japan,>50K
40.0,Private,-519481.9330611756,Bachelors,13.0,Divorced,Exec-managerial,Not-in-family,White,Male,0.0,0.0,55.0,United-States,<=50K
45.0,Private,178416.0,Assoc-voc,11.0,Divorced,Handlers-cleaners,Not-in-family,White,Female,0.0,0.0,40.0,United-States,<=50K
42.0,State-gov,117583.0,Doctorate,16.0,Divorced,Prof-specialty,Not-in-family,White,,8614.0,0.0,60.0,United-States,>50K
18.0,Private,353358.0,Some-college,10.0,Never-married,Other-service,Own-child,,Male,0.0,0.0,16.0,United-States,<=50K
-41.7819770088162,Private,328301.0,Some-college,10.0,Never-married,,Unmarried,White,,4934.0,0.0,60.0,United-States,<=50K
30.0,Private,259425.0,10th,,Never-married,Machine-op-inspct,Not-in-family,White,Male,0.0,0.0,50.0,United-States,<=50K
,Local-gov,242670.0,Some-college,10.0,Widowed,Adm-clerical,Unmarried,White,Female,0.0,0.0,40.0,United-States,<=50K
33.0,Private,80058.0,HS-grad,9.0,Never-married,Other-service,Own-child,White,Male,0.0,0.0,48.0,United-States,<=50K
34.0,Private,253438.0,Some-college,10.0,Married-civ-spouse,,Husband,White,Male,0.0,0.0,60.0,United-States,>50K
22.0,Private,349368.0,Some-college,10.0,Married-civ-spouse,Adm-clerical,Wife,White,Female,0.0,0.0,40.0,United-States,<=50K
41.0,Private,230020.0,HS-grad,9.0,Married-civ-spouse,Craft-repair,Husband,Other,Male,47889.20366261097,0.0,40.0,United-States,>50K
25.0,Private,404616.0,Bachelors,13.0,Married-civ-spouse,Exec-managerial,Husband,White,Male,0.0,0.0,40.0,United-States,>50K
57.0,State-gov,229270.0,Bachelors,,Married-civ-spouse,Exec-managerial,Husband,Other,Male,0.0,1579.0,37.0,United-States,<=50K
43.0,Local-gov,214242.0,Some-college,10.0,Married-civ-spouse,Craft-repair,Husband,White,Male,0.0,0.0,40.0,United-States,>50K
46.0,Private,193188.0,Masters,14.0,Never-married,Exec-managerial,Unmarried,White,Male,0.0,0.0,40.0,United-States,<=50K
24.0,Private,137591.0,Some-college,10.0,Never-married,Sales,,White,Male,0.0,1762.0,40.0,United-States,<=50K
62.0,Private,197918.0,HS-grad,9.0,Divorced,Adm-clerical,Unmarried,White,Female,0.0,0.0,40.0,United-States,<=50K
20.0,Private,214387.0,HS-grad,9.0,Never-married,,Own-child,White,Male,0.0,0.0,40.0,United-States,<=50K
26.0,Private,414916.0,HS-grad,9.0,Never-married,Tech-support,Other-relative,White,Male,0.0,0.0,,United-States,<=50K
41.0,,22155.0,Masters,14.0,Divorced,Prof-specialty,Unmarried,White,Female,0.0,0.0,60.0,United-States,<=50K
20.0,Private,27337.0,HS-grad,9.0,Never-married,Handlers-cleaners,Own-child,Amer-Indian-Eskimo,Male,0.0,0.0,48.0,United-States,<=50K
45.0,,54260.0,Some-college,10.0,Divorced,Craft-repair,Unmarried,White,Male,0.0,0.0,99.0,United-States,<=50K
39.0,Private,56269.0,Some-college,-5.4862381985064985,Never-married,Craft-repair,Own-child,Black,Male,0.0,0.0,40.0,United-States,>50K
29.0,Private,,Bachelors,13.0,Married-civ-spouse,Exec-managerial,,White,Male,0.0,0.0,45.0,United-States,>50K
65.0,Private,80174.0,HS-grad,9.0,Divorced,Exec-managerial,Other-relative,White,Female,1848.0,0.0,50.0,United-States,<=50K
37.0,Self-emp-not-inc,53553.0,HS-grad,9.0,Married-civ-spouse,Transport-moving,Husband,White,Male,0.0,0.0,75.0,United-States,<=50K
,Private,100067.0,11th,7.0,Married-civ-spouse,Other-service,Wife,Black,Female,0.0,0.0,35.0,United-States,>50K
50.0,Self-emp-inc,251240.0,,14.0,Married-civ-spouse,Sales,Husband,White,Male,0.0,0.0,40.0,United-States,>50K
33.0,Private,67072.0,HS-grad,9.0,Married-civ-spouse,Sales,Husband,White,Male,0.0,0.0,50.0,United-States,>50K
20.0,Private,95552.0,HS-grad,9.0,Never-married,Sales,Own-child,White,,0.0,0.0,40.0,United-States,<=50K
31.0,Private,82508.0,Some-college,10.0,Never-married,Adm-clerical,Not-in-family,White,Male,0.0,0.0,40.0,United-States,<=50K
22.0,Private,199555.0,,10.0,Never-married,Farming-fishing,Own-child,White,Male,0.0,0.0,25.0,United-States,<=50K
31.0,Private,106014.0,Assoc-voc,11.0,Divorced,Craft-repair,Unmarried,White,Male,0.0,0.0,40.0,United-States,<=50K
18.0,Private,,11th,7.0,Never-married,Craft-repair,Own-child,White,Male,0.0,0.0,40.0,United-States,<=50K
55.0,Local-gov,134042.0,Masters,14.0,Married-civ-spouse,Exec-managerial,Wife,White,Female,0.0,0.0,40.0,United-States,>50K
25.0,Private,208881.0,Bachelors,13.0,Married-civ-spouse,Prof-specialty,Husband,White,Male,0.0,0.0,,United-States,<=50K
,Self-emp-inc,242080.0,Bachelors,13.0,Married-civ-spouse,Prof-specialty,,White,Male,,0.0,45.0,United-States,>50K
67.0,Private,150516.0,,4.0,Married-civ-spouse,Craft-repair,Husband,White,Male,0.0,0.0,24.0,United-States,<=50K
40.0,Private,168936.0,Assoc-voc,11.0,Divorced,Other-service,Not-in-family,White,Female,0.0,0.0,32.0,United-States,<=50K
24.0,Private,102493.0,HS-grad,9.0,Married-civ-spouse,Handlers-cleaners,Husband,White,Male,0.0,0.0,40.0,,<=50K
74.0,Self-emp-not-inc,199136.0,Bachelors,13.0,Widowed,Craft-repair,Not-in-family,White,Male,15831.0,0.0,8.0,Germany,>50K
21.0,Private,175121.0,Some-college,10.0,Never-married,Farming-fishing,,White,Male,0.0,0.0,40.0,United-States,<=50K
24.0,Private,,,9.0,Married-civ-spouse,Craft-repair,,White,Male,0.0,0.0,,United-States,<=50K
60.0,,243829.0,Masters,14.0,Divorced,Prof-specialty,Not-in-family,White,Female,0.0,0.0,50.0,United-States,<=50K
45.0,Private,199832.0,Bachelors,13.0,Married-civ-spouse,Adm-clerical,Husband,White,Male,0.0,0.0,15.0,,<=50K
24.0,Private,196943.0,Assoc-voc,11.0,Married-civ-spouse,,Husband,White,Male,0.0,0.0,40.0,United-States,>50K
64.0,Local-gov,78866.0,HS-grad,9.0,Divorced,Adm-clerical,Not-in-family,White,Female,0.0,0.0,40.0,United-States,<=50K
43.0,Private,151089.0,Some-college,10.0,Married-civ-spouse,Transport-moving,Husband,White,Male,0.0,0.0,50.0,United-States,<=50K
36.0,Private,116608.0,HS-grad,9.0,Divorced,Exec-managerial,Not-in-family,White,Female,0.0,,40.0,United-States,<=50K
20.0,Private,,HS-grad,9.0,Never-married,Other-service,Own-child,,Female,0.0,0.0,40.0,United-States,<=50K
27.0,Private,221166.0,9th,5.0,Never-married,Farming-fishing,Own-child,White,Male,0.0,0.0,40.0,United-States,<=50K
25.0,Private,178421.0,,13.0,Never-married,Other-service,Not-in-family,White,Female,0.0,0.0,20.0,United-States,<=50K
29.0,,77760.0,HS-grad,9.0,Married-civ-spouse,Adm-clerical,Husband,,Male,0.0,0.0,45.0,United-States,<=50K
24.0,Private,308205.0,Some-college,10.0,Never-married,Exec-managerial,Own-child,White,Male,0.0,0.0,40.0,,<=50K
21.0,Private,162228.0,HS-grad,9.0,Never-married,Sales,Own-child,White,Male,0.0,0.0,30.0,United-States,<=50K
23.0,Private,377121.0,Some-college,10.0,Never-married,Other-service,Unmarried,White,Female,0.0,0.0,25.0,United-States,<=50K
46.0,Private,138999.0,Some-college,10.0,Married-civ-spouse,Machine-op-inspct,Husband,White,Male,0.0,0.0,40.0,United-States,<=50K
36.0,Local-gov,254202.0,,15.0,Divorced,Prof-specialty,Unmarried,White,Female,0.0,0.0,24.0,Germany,<=50K
38.0,Private,809585.0,Bachelors,13.0,Married-civ-spouse,Sales,Husband,White,Male,0.0,0.0,40.0,,>50K
57.0,Self-emp-not-inc,152030.0,Some-college,10.0,Married-civ-spouse,Sales,Wife,White,,0.0,,,United-States,>50K
35.0,Self-emp-not-inc,160728.0,HS-grad,9.0,Married-civ-spouse,Farming-fishing,Husband,White,Male,0.0,0.0,50.0,United-States,<=50K
40.0,Self-emp-not-inc,325159.0,Some-college,10.0,Married-civ-spouse,Tech-support,Husband,White,Male,0.0,0.0,50.0,United-States,>50K
49.0,Private,213668.0,Masters,14.0,Married-civ-spouse,Sales,Husband,White,,0.0,0.0,40.0,United-States,>50K
53.0,Federal-gov,59664.0,HS-grad,9.0,Married-civ-spouse,Sales,Husband,Black,Male,5013.0,0.0,,United-States,<=50K
60.0,Private,121832.0,11th,,Married-civ-spouse,Sales,Husband,White,Male,0.0,0.0,40.0,United-States,>50K
62.0,Federal-gov,34916.0,Some-college,10.0,,Prof-specialty,Husband,White,Male,0.0,0.0,40.0,United-States,>50K
50.0,Local-gov,124076.0,Bachelors,13.0,Married-civ-spouse,Prof-specialty,Wife,White,Female,0.0,0.0,40.0,United-States,>50K
18.0,Private,427437.0,HS-grad,9.0,Never-married,Sales,Own-child,Black,Female,0.0,0.0,40.0,United-States,<=50K
,Private,118212.0,9th,5.0,Married-civ-spouse,Transport-moving,Husband,White,Male,0.0,0.0,40.0,United-States,<=50K
21.0,Private,149224.0,Some-college,10.0,Never-married,Transport-moving,Own-child,White,Male,0.0,0.0,30.0,United-States,<=50K
40.0,Private,360884.0,Some-college,10.0,Never-married,Tech-support,Not-in-family,White,Female,0.0,0.0,-22.632199789053377,United-States,<=50K
33.0,Private,,Bachelors,13.0,Never-married,Adm-clerical,Not-in-family,Black,,0.0,0.0,,United-States,<=50K
55.0,Private,376548.0,HS-grad,9.0,Married-civ-spouse,Protective-serv,Husband,White,Male,0.0,0.0,40.0,United-States,<=50K
43.0,Local-gov,70055.0,Assoc-voc,11.0,Married-civ-spouse,Protective-serv,Husband,White,Male,0.0,0.0,56.0,United-States,<=50K
26.0,Private,282304.0,Some-college,10.0,Never-married,Sales,Not-in-family,White,Male,0.0,0.0,45.0,United-States,<=50K
23.0,Private,417605.0,5th-6th,3.0,Never-married,Craft-repair,Not-in-family,White,Male,,,40.0,Mexico,<=50K
51.0,Private,102828.0,Assoc-voc,11.0,Married-civ-spouse,Handlers-cleaners,Husband,White,Male,0.0,0.0,40.0,Greece,<=50K
17.0,Private,239947.0,11th,7.0,Never-married,Adm-clerical,,White,Male,0.0,0.0,40.0,United-States,<=50K
48.0,Private,155659.0,Assoc-voc,11.0,Married-civ-spouse,Craft-repair,Husband,White,Male,7688.0,0.0,40.0,United-States,>50K
25.0,Private,243786.0,,13.0,Never-married,Other-service,Not-in-family,White,Female,0.0,0.0,37.0,United-States,<=50K
,Private,140363.0,HS-grad,9.0,Divorced,Sales,Not-in-family,White,Male,0.0,0.0,36.0,United-States,<=50K
38.0,Private,331395.0,7th-8th,4.0,Married-civ-spouse,Farming-fishing,Husband,White,Male,3942.0,0.0,84.0,Portugal,<=50K
55.0,Private,204334.0,Prof-school,15.0,Married-civ-spouse,Exec-managerial,Husband,White,,0.0,1977.0,55.0,England,>50K
67.0,Self-emp-not-inc,221252.0,Masters,14.0,Divorced,Sales,Not-in-family,Other,Male,0.0,0.0,40.0,United-States,<=50K
36.0,State-gov,243666.0,HS-grad,9.0,,Adm-clerical,Own-child,Black,Female,0.0,0.0,40.0,United-States,<=50K
31.0,Private,344200.0,HS-grad,9.0,Married-civ-spouse,Exec-managerial,Husband,White,Male,0.0,0.0,,United-States,>50K
34.0,Private,212781.0,Bachelors,13.0,Married-civ-spouse,Exec-managerial,Husband,White,Male,0.0,,40.0,United-States,>50K
29.0,,205249.0,,14.0,Married-civ-spouse,Exec-managerial,Husband,,Male,0.0,0.0,40.0,Japan,<=50K
56.0,Private,269681.0,HS-grad,9.0,,Transport-moving,Unmarried,White,Female,0.0,0.0,35.0,United-States,<=50K
26.0,Private,209942.0,HS-grad,9.0,Never-married,Handlers-cleaners,Own-child,Black,Male,,0.0,40.0,United-States,<=50K
17.0,Private,364491.0,11th,7.0,Never-married,Sales,Own-child,White,Male,0.0,0.0,22.0,,<=50K
46.0,Private,164733.0,Masters,14.0,Married-civ-spouse,Prof-specialty,Husband,White,Male,0.0,0.0,41.0,United-States,<=50K
45.0,Private,61751.0,HS-grad,9.0,Married-civ-spouse,Other-service,Wife,White,Female,0.0,0.0,35.0,,<=50K
47.0,Private,232628.0,HS-grad,9.0,Married-civ-spouse,Craft-repair,,Black,Male,0.0,0.0,40.0,United-States,<=50K
70.0,Private,,Some-college,10.0,Divorced,Other-service,Not-in-family,White,Male,0.0,0.0,80.0,United-States,<=50K
48.0,Private,102938.0,Bachelors,13.0,Never-married,Other-service,Unmarried,,Female,0.0,0.0,40.0,Vietnam,<=50K
38.0,Local-gov,131239.0,HS-grad,9.0,Never-married,Other-service,Own-child,White,Male,0.0,0.0,20.0,United-States,<=50K
37.0,Private,244803.0,HS-grad,9.0,Married-civ-spouse,Adm-clerical,Husband,White,Male,0.0,0.0,40.0,Columbia,<=50K
45.0,,,Assoc-acdm,,Never-married,Farming-fishing,Not-in-family,White,Male,0.0,0.0,40.0,United-States,<=50K
23.0,Private,,HS-grad,9.0,Never-married,Craft-repair,Unmarried,White,Male,0.0,0.0,,United-States,<=50K
56.0,Private,177368.0,Some-college,10.0,Married-civ-spouse,,Husband,White,Male,7298.0,0.0,45.0,United-States,>50K
33.0,Private,86143.0,Some-college,10.0,Never-married,Exec-managerial,Own-child,Asian-Pac-Islander,Male,0.0,0.0,,Philippines,<=50K
49.0,Private,,HS-grad,9.0,Married-spouse-absent,Craft-repair,Unmarried,,Male,0.0,0.0,40.0,United-States,<=50K
47.0,Self-emp-not-inc,174533.0,HS-grad,9.0,Married-civ-spouse,Exec-managerial,Husband,White,Male,0.0,,40.0,United-States,<=50K
40.0,Private,,HS-grad,9.0,Divorced,Other-service,Not-in-family,Black,Male,0.0,0.0,,United-States,<=50K
59.0,Private,109638.0,HS-grad,9.0,Married-civ-spouse,Craft-repair,Husband,White,Male,0.0,0.0,40.0,United-States,>50K
32.0,Federal-gov,44777.0,HS-grad,9.0,Separated,Machine-op-inspct,Not-in-family,Black,Male,,0.0,46.0,United-States,<=50K
64.0,Self-emp-inc,161325.0,Assoc-acdm,12.0,Married-civ-spouse,Sales,Husband,White,Male,0.0,1887.0,50.0,United-States,>50K
37.0,Private,240810.0,Assoc-acdm,12.0,Married-civ-spouse,Craft-repair,Husband,White,Male,0.0,0.0,45.0,United-States,<=50K
39.0,Private,67136.0,Assoc-voc,11.0,Separated,Adm-clerical,Not-in-family,Asian-Pac-Islander,Male,0.0,0.0,40.0,United-States,<=50K
31.0,,103435.0,Bachelors,13.0,Married-civ-spouse,Sales,Husband,White,Male,0.0,0.0,50.0,United-States,>50K
39.0,Private,139057.0,Prof-school,,Married-civ-spouse,Prof-specialty,Husband,Asian-Pac-Islander,Male,0.0,0.0,38.0,India,<=50K
58.0,Private,219504.0,12th,8.0,Divorced,Transport-moving,Unmarried,Black,Male,0.0,0.0,45.0,United-States,>50K
23.0,Self-emp-not-inc,121407.0,HS-grad,9.0,Never-married,Handlers-cleaners,Own-child,White,Female,0.0,0.0,35.0,United-States,<=50K
42.0,Private,378384.0,Prof-school,15.0,Married-civ-spouse,Prof-specialty,Husband,White,Male,0.0,,60.0,United-States,>50K
47.0,Local-gov,242552.0,Some-college,10.0,Never-married,Protective-serv,Not-in-family,Black,Male,0.0,0.0,40.0,United-States,<=50K
31.0,Private,349148.0,HS-grad,9.0,Married-civ-spouse,Craft-repair,Husband,White,Male,0.0,0.0,40.0,United-States,>50K
58.0,Private,356067.0,Bachelors,13.0,Married-civ-spouse,Adm-clerical,Husband,White,Male,0.0,0.0,40.0,United-States,<=50K
23.0,Private,60668.0,10th,6.0,Married-civ-spouse,Craft-repair,Husband,White,Male,0.0,0.0,40.0,Portugal,<=50K
18.0,Private,99497.0,12th,8.0,Never-married,Other-service,Own-child,Other,Female,0.0,,30.0,United-States,<=50K
57.0,Private,195835.0,Some-college,10.0,Married-spouse-absent,Adm-clerical,Not-in-family,White,Male,0.0,0.0,40.0,,<=50K
32.0,Private,,Some-college,10.0,Married-civ-spouse,Sales,Husband,,Male,0.0,0.0,32.0,United-States,<=50K
55.0,Private,387569.0,HS-grad,9.0,Married-civ-spouse,Craft-repair,Husband,White,Male,,0.0,40.0,,>50K
55.0,,308746.0,Prof-school,15.0,Widowed,Prof-specialty,Not-in-family,White,Male,0.0,0.0,55.0,United-States,>50K
39.0,Private,,Some-college,10.0,Married-civ-spouse,Adm-clerical,Husband,White,Male,15024.0,0.0,40.0,United-States,>50K
29.0,State-gov,214881.0,,13.0,Married-civ-spouse,Prof-specialty,Husband,White,Male,,0.0,40.0,Honduras,>50K
50.0,Self-emp-not-inc,341797.0,Prof-school,15.0,Married-civ-spouse,Prof-specialty,Husband,White,Male,0.0,0.0,50.0,United-States,>50K
,Private,183404.0,Some-college,10.0,Separated,Other-service,Unmarried,White,Female,0.0,,8.0,United-States,<=50K
25.0,Private,29020.0,Assoc-acdm,12.0,Divorced,Adm-clerical,Not-in-family,Black,Female,0.0,0.0,45.0,,<=50K
34.0,Private,158615.0,Some-college,10.0,Married-civ-spouse,Handlers-cleaners,Husband,White,Male,0.0,0.0,40.0,United-States,<=50K
30.0,Private,134737.0,Some-college,10.0,Never-married,Adm-clerical,Own-child,White,Male,0.0,0.0,45.0,United-States,<=50K
55.0,Private,250322.0,HS-grad,9.0,Divorced,Adm-clerical,Not-in-family,White,Female,0.0,0.0,40.0,United-States,<=50K
45.0,Self-emp-not-inc,45136.0,Prof-school,15.0,Married-civ-spouse,Prof-specialty,Husband,White,Male,99999.0,0.0,60.0,United-States,>50K
45.0,Private,30690.0,7th-8th,4.0,Never-married,Other-service,Not-in-family,White,Male,0.0,0.0,10.0,United-States,<=50K
32.0,Private,42485.0,HS-grad,9.0,Divorced,Craft-repair,Unmarried,White,Male,0.0,0.0,40.0,United-States,<=50K
35.0,Private,195744.0,HS-grad,9.0,Married-civ-spouse,Other-service,Husband,White,Male,0.0,0.0,40.0,United-States,<=50K
18.0,Private,188076.0,11th,7.0,Never-married,Other-service,Own-child,White,Female,0.0,0.0,20.0,United-States,<=50K
28.0,Private,388112.0,1st-4th,2.0,Never-married,Farming-fishing,Unmarried,White,Male,0.0,0.0,77.0,Mexico,<=50K
39.0,Self-emp-not-inc,497525.0,10th,6.0,Separated,Craft-repair,Not-in-family,,,0.0,0.0,40.0,United-States,<=50K
21.0,Private,402124.0,Assoc-voc,11.0,Never-married,Machine-op-inspct,Not-in-family,White,Male,,0.0,40.0,United-States,<=50K
23.0,Private,199908.0,11th,7.0,Married-civ-spouse,Transport-moving,Husband,White,Male,0.0,0.0,50.0,United-States,<=50K
44.0,Private,346594.0,,9.0,Divorced,Other-service,Unmarried,White,Female,,0.0,40.0,United-States,<=50K
47.0,,199058.0,Prof-school,15.0,Never-married,Prof-specialty,Not-in-family,White,Male,,0.0,40.0,United-States,>50K
47.0,Self-emp-not-inc,267879.0,HS-grad,9.0,Married-civ-spouse,Craft-repair,Husband,Black,Male,,0.0,,United-States,>50K
28.0,Private,115464.0,HS-grad,9.0,Never-married,Other-service,Own-child,Black,Female,0.0,0.0,40.0,United-States,<=50K
47.0,Private,208872.0,Some-college,10.0,Married-civ-spouse,Craft-repair,Husband,White,Male,0.0,0.0,40.0,United-States,<=50K
30.0,Private,197058.0,Assoc-acdm,12.0,Never-married,Prof-specialty,Not-in-family,White,Female,0.0,0.0,40.0,United-States,<=50K
36.0,Private,250238.0,1st-4th,2.0,Never-married,Other-service,Other-relative,Other,Female,0.0,0.0,40.0,El-Salvador,<=50K
41.0,State-gov,,HS-grad,9.0,Married-civ-spouse,Farming-fishing,Other-relative,White,Male,0.0,0.0,40.0,United-States,<=50K
45.0,State-gov,187581.0,Assoc-voc,11.0,Married-civ-spouse,Protective-serv,Husband,White,Male,0.0,0.0,40.0,United-States,<=50K
27.0,Private,165519.0,HS-grad,9.0,Married-civ-spouse,Craft-repair,Husband,White,Male,0.0,0.0,40.0,United-States,<=50K
26.0,Private,135521.0,HS-grad,9.0,Never-married,Craft-repair,Own-child,White,Male,0.0,0.0,50.0,United-States,<=50K
46.0,Private,173461.0,Some-college,10.0,Married-civ-spouse,Sales,Wife,White,Female,0.0,,40.0,United-States,>50K
19.0,,143608.0,HS-grad,9.0,Never-married,Machine-op-inspct,Own-child,White,Male,0.0,0.0,40.0,United-States,<=50K
60.0,Private,178312.0,11th,7.0,Married-civ-spouse,Sales,Husband,White,Male,0.0,1902.0,70.0,,>50K
21.0,Private,143184.0,Some-college,10.0,Never-married,Other-service,Own-child,White,Female,,0.0,40.0,United-States,<=50K
28.0,Self-emp-inc,210295.0,11th,7.0,Married-civ-spouse,Craft-repair,Husband,White,Male,0.0,0.0,50.0,United-States,>50K
19.0,Private,69770.0,Some-college,10.0,Never-married,Other-service,Own-child,White,Male,0.0,0.0,20.0,United-States,<=50K
27.0,Private,248402.0,Bachelors,,,Tech-support,Unmarried,Black,Female,0.0,0.0,40.0,United-States,<=50K
53.0,Private,71772.0,Doctorate,16.0,Divorced,,Not-in-family,White,Male,0.0,0.0,50.0,United-States,<=50K
36.0,,112847.0,Bachelors,13.0,Married-civ-spouse,Prof-specialty,Husband,Asian-Pac-Islander,Male,0.0,0.0,40.0,United-States,<=50K
27.0,Private,128730.0,,11.0,Never-married,Exec-managerial,Not-in-family,,Male,10520.0,0.0,65.0,,>50K
21.0,Private,145964.0,,8.0,Never-married,Farming-fishing,Not-in-family,White,Male,0.0,0.0,40.0,United-States,<=50K
34.0,Private,216645.0,HS-grad,9.0,Married-civ-spouse,Machine-op-inspct,Husband,,,0.0,,40.0,United-States,>50K
25.0,Private,234057.0,HS-grad,9.0,Never-married,Craft-repair,Not-in-family,White,Female,0.0,0.0,40.0,United-States,<=50K
48.0,Self-emp-inc,36020.0,Bachelors,13.0,Married-civ-spouse,Exec-managerial,Husband,White,Male,0.0,0.0,50.0,United-States,>50K
,Private,282579.0,HS-grad,9.0,Never-married,Other-service,Unmarried,,,0.0,0.0,40.0,United-States,<=50K
47.0,Private,146497.0,Some-college,10.0,Separated,Adm-clerical,Unmarried,White,Female,0.0,0.0,16.0,Germany,<=50K
42.0,Private,335846.0,Bachelors,13.0,Never-married,Exec-managerial,Unmarried,White,Female,0.0,0.0,50.0,United-States,<=50K
28.0,Private,31842.0,Bachelors,13.0,Never-married,Exec-managerial,Own-child,White,Male,0.0,0.0,,United-States,<=50K
28.0,Private,,Bachelors,13.0,Married-civ-spouse,Prof-specialty,Wife,White,Female,5013.0,0.0,20.0,United-States,<=50K
30.0,Private,212237.0,Bachelors,13.0,Married-civ-spouse,Prof-specialty,Husband,White,Male,0.0,1740.0,45.0,United-States,<=50K
28.0,Private,177036.0,Some-college,10.0,Never-married,Adm-clerical,Not-in-family,White,Female,0.0,0.0,15.0,United-States,<=50K
25.0,Private,190418.0,,10.0,Never-married,,Own-child,White,Male,0.0,0.0,30.0,Canada,<=50K
70.0,,92353.0,,7.0,Married-civ-spouse,Farming-fishing,Husband,White,,,0.0,40.0,United-States,<=50K
22.0,Private,73266.0,Some-college,10.0,Never-married,Transport-moving,Own-child,Asian-Pac-Islander,Male,0.0,0.0,40.0,United-States,<=50K
63.0,Private,180099.0,,6.0,,Other-service,Unmarried,Black,Female,0.0,0.0,40.0,United-States,<=50K
,Private,202878.0,7th-8th,4.0,Married-civ-spouse,Farming-fishing,Husband,White,Male,0.0,2042.0,40.0,United-States,<=50K
,Private,285750.0,HS-grad,9.0,Married-civ-spouse,Farming-fishing,Husband,White,Male,4064.0,0.0,55.0,,<=50K
47.0,Private,,Bachelors,13.0,Married-civ-spouse,Exec-managerial,Husband,White,Male,0.0,1887.0,40.0,United-States,>50K
40.0,Private,,HS-grad,9.0,Married-civ-spouse,Other-service,Husband,White,Male,0.0,,35.0,,<=50K
18.0,Private,211273.0,HS-grad,9.0,Never-married,Sales,Own-child,White,Female,0.0,0.0,19.0,United-States,<=50K
19.0,Private,129151.0,HS-grad,9.0,Never-married,Craft-repair,Not-in-family,White,Female,0.0,0.0,40.0,United-States,<=50K
27.0,Self-emp-not-inc,141795.0,Some-college,10.0,Married-civ-spouse,Exec-managerial,Husband,,Male,0.0,0.0,30.0,United-States,<=50K
50.0,Self-emp-not-inc,163678.0,Some-college,10.0,Married-civ-spouse,Craft-repair,Husband,White,Male,0.0,,40.0,,<=50K
62.0,Private,-432488.9330611756,Bachelors,13.0,Married-civ-spouse,Craft-repair,Husband,White,,7688.0,0.0,50.0,,<=50K
35.0,Local-gov,33943.0,Some-college,10.0,Married-civ-spouse,Protective-serv,Husband,Other,Male,0.0,0.0,40.0,United-States,>50K
29.0,Private,75648.0,Some-college,10.0,Married-civ-spouse,Craft-repair,Husband,White,Male,0.0,0.0,55.0,United-States,<=50K
36.0,Private,102945.0,Assoc-voc,-4.4862381985064985,Divorced,Craft-repair,Not-in-family,,Male,0.0,0.0,40.0,United-States,>50K
55.0,Private,,HS-grad,9.0,Widowed,Other-service,Unmarried,White,Female,0.0,0.0,30.0,United-States,<=50K
50.0,Self-emp-inc,167793.0,Prof-school,15.0,Married-civ-spouse,Prof-specialty,Husband,White,Male,0.0,2415.0,60.0,United-States,>50K
24.0,Private,132320.0,Bachelors,13.0,Never-married,Exec-managerial,Own-child,White,Male,0.0,0.0,45.0,United-States,<=50K
67.0,Private,100718.0,HS-grad,9.0,Married-civ-spouse,Handlers-cleaners,Husband,White,Male,0.0,0.0,30.0,United-States,<=50K
33.0,Federal-gov,293550.0,Some-college,10.0,Married-civ-spouse,Tech-support,Wife,White,Female,4064.0,0.0,40.0,United-States,<=50K
,State-gov,178628.0,Some-college,10.0,Never-married,Adm-clerical,Own-child,White,Male,0.0,0.0,40.0,United-States,<=50K
59.0,Private,354037.0,Prof-school,15.0,Married-civ-spouse,Transport-moving,Husband,Black,Male,15024.0,0.0,50.0,United-States,>50K
52.0,Private,83984.0,Some-college,10.0,Married-civ-spouse,,Own-child,White,Female,0.0,0.0,40.0,United-States,<=50K
32.0,Private,226267.0,,3.0,Married-spouse-absent,Craft-repair,Other-relative,White,Male,0.0,0.0,40.0,El-Salvador,<=50K
51.0,Private,205884.0,Some-college,10.0,Married-civ-spouse,,Wife,White,Female,0.0,0.0,40.0,United-States,>50K
32.0,Self-emp-not-inc,168782.0,9th,5.0,Married-civ-spouse,Craft-repair,Husband,White,Male,0.0,,32.0,United-States,<=50K
26.0,Private,18827.0,Some-college,10.0,Never-married,Transport-moving,Not-in-family,,Male,0.0,,40.0,United-States,<=50K
67.0,Federal-gov,44774.0,Bachelors,13.0,Widowed,Adm-clerical,Not-in-family,White,Female,0.0,0.0,,United-States,<=50K
50.0,Self-emp-inc,132716.0,Some-college,10.0,Married-civ-spouse,Exec-managerial,Husband,White,Male,0.0,0.0,50.0,Germany,>50K
38.0,Self-emp-inc,269318.0,Some-college,,Married-civ-spouse,Exec-managerial,Husband,White,Male,7298.0,0.0,40.0,United-States,>50K
23.0,Private,32732.0,Some-college,10.0,,Sales,Husband,White,Male,0.0,0.0,25.0,United-States,<=50K
39.0,State-gov,267581.0,HS-grad,9.0,Never-married,Other-service,Not-in-family,Black,Male,0.0,0.0,40.0,United-States,<=50K
25.0,Private,182227.0,Assoc-acdm,,Never-married,Prof-specialty,Not-in-family,White,Male,0.0,0.0,55.0,United-States,<=50K
23.0,Private,117767.0,Bachelors,13.0,Married-civ-spouse,Sales,Husband,White,Male,,0.0,40.0,United-States,<=50K
24.0,Private,33616.0,HS-grad,,Never-married,Other-service,Unmarried,,Female,0.0,0.0,35.0,United-States,<=50K
56.0,Private,53481.0,HS-grad,9.0,Married-civ-spouse,Machine-op-inspct,Husband,White,Male,,0.0,40.0,United-States,<=50K
60.0,Private,220729.0,7th-8th,4.0,Married-civ-spouse,Sales,Husband,White,Male,,2389.4466063488135,50.0,United-States,>50K
22.0,Private,213834.0,Assoc-voc,11.0,Never-married,Sales,Own-child,White,Female,0.0,0.0,20.0,United-States,<=50K
37.0,,378916.0,HS-grad,9.0,Married-civ-spouse,Adm-clerical,Husband,White,Male,0.0,0.0,40.0,United-States,<=50K
46.0,Private,114328.0,Some-college,10.0,Divorced,Machine-op-inspct,Not-in-family,White,Male,0.0,0.0,40.0,,<=50K
50.0,Private,193871.0,Masters,14.0,Married-civ-spouse,Prof-specialty,Wife,,Female,0.0,0.0,,United-States,<=50K
42.0,Private,186689.0,HS-grad,9.0,Married-civ-spouse,Other-service,Wife,Black,Female,0.0,0.0,60.0,United-States,<=50K
46.0,Local-gov,60751.0,Assoc-voc,11.0,Married-civ-spouse,Exec-managerial,Husband,White,Male,0.0,0.0,40.0,United-States,>50K
56.0,,154490.0,Some-college,10.0,Never-married,Adm-clerical,Not-in-family,White,Female,0.0,0.0,,United-States,<=50K
46.0,Private,117849.0,Masters,14.0,Married-civ-spouse,Exec-managerial,Husband,,Male,,0.0,50.0,United-States,>50K
34.0,Local-gov,167063.0,HS-grad,9.0,Never-married,Protective-serv,Own-child,White,Male,0.0,0.0,40.0,United-States,<=50K
51.0,Private,85423.0,HS-grad,9.0,Married-civ-spouse,Sales,Husband,White,Male,0.0,0.0,55.0,United-States,>50K
24.0,State-gov,334693.0,HS-grad,9.0,Married-civ-spouse,Adm-clerical,Wife,White,Female,0.0,0.0,40.0,United-States,<=50K
36.0,Self-emp-not-inc,219155.0,Some-college,10.0,Married-civ-spouse,,Husband,White,Male,0.0,0.0,50.0,United-States,>50K
19.0,Private,227178.0,11th,7.0,Never-married,Sales,Not-in-family,White,Female,0.0,0.0,25.0,United-States,<=50K
61.0,Private,231323.0,Some-college,10.0,Married-civ-spouse,Craft-repair,Husband,White,Male,0.0,0.0,40.0,United-States,<=50K
33.0,Private,132601.0,Some-college,10.0,Married-civ-spouse,Exec-managerial,Husband,White,Male,0.0,0.0,45.0,United-States,<=50K
29.0,Private,85572.0,Bachelors,13.0,Married-civ-spouse,Exec-managerial,Wife,White,,0.0,0.0,42.0,United-States,>50K
48.0,Private,377401.0,Some-college,10.0,Divorced,Sales,Not-in-family,,Male,0.0,0.0,40.0,United-States,>50K
46.0,Private,149388.0,Bachelors,13.0,Married-civ-spouse,Craft-repair,Husband,White,Male,0.0,,40.0,United-States,>50K
55.0,Private,254711.0,Bachelors,13.0,Married-civ-spouse,Sales,Husband,White,Male,0.0,0.0,20.0,United-States,>50K
19.0,Private,,Some-college,10.0,Never-married,Other-service,Not-in-family,White,Male,0.0,0.0,,United-States,<=50K
40.0,Private,222011.0,Masters,14.0,Never-married,Prof-specialty,Not-in-family,White,Female,0.0,0.0,45.0,United-States,>50K
48.0,Private,245948.0,HS-grad,9.0,Never-married,Machine-op-inspct,Not-in-family,Black,Female,2174.0,0.0,40.0,United-States,<=50K
40.0,Federal-gov,77332.0,Some-college,10.0,Divorced,Adm-clerical,Not-in-family,White,Female,0.0,0.0,50.0,United-States,<=50K
37.0,Self-emp-inc,186359.0,HS-grad,9.0,Married-civ-spouse,Sales,,White,Male,7688.0,0.0,60.0,United-States,>50K
56.0,Local-gov,370045.0,Bachelors,13.0,,Prof-specialty,Husband,White,Male,0.0,0.0,40.0,United-States,>50K
24.0,Local-gov,387108.0,Some-college,10.0,Married-civ-spouse,Protective-serv,Husband,Black,Male,0.0,0.0,40.0,United-States,<=50K
42.0,State-gov,160369.0,Masters,14.0,Married-civ-spouse,Prof-specialty,Husband,White,Male,0.0,0.0,50.0,United-States,>50K
27.0,,96219.0,Bachelors,13.0,Never-married,Exec-managerial,Other-relative,White,Female,0.0,0.0,40.0,United-States,<=50K
47.0,Private,185399.0,HS-grad,9.0,Married-civ-spouse,Other-service,Wife,White,Female,0.0,0.0,38.0,United-States,<=50K
50.0,Federal-gov,32801.0,Bachelors,13.0,Married-civ-spouse,Exec-managerial,Wife,Amer-Indian-Eskimo,Female,0.0,0.0,40.0,United-States,>50K
19.0,Private,198459.0,HS-grad,9.0,Never-married,Adm-clerical,Own-child,White,Male,0.0,2001.0,40.0,United-States,<=50K
28.0,Private,195520.0,Some-college,10.0,Never-married,Transport-moving,Own-child,White,Male,0.0,0.0,20.0,United-States,<=50K
43.0,Private,51506.0,12th,8.0,Married-civ-spouse,Transport-moving,Husband,White,Male,-47889.20366261097,0.0,40.0,United-States,>50K
67.0,Private,127921.0,HS-grad,9.0,Married-civ-spouse,Exec-managerial,Husband,White,Male,9386.0,0.0,40.0,,>50K
46.0,Self-emp-not-inc,525848.0,11th,7.0,Married-civ-spouse,Transport-moving,Husband,Black,Male,0.0,0.0,48.0,United-States,<=50K
34.0,Private,39609.0,Assoc-voc,,Divorced,Adm-clerical,Unmarried,,Female,0.0,0.0,40.0,United-States,<=50K
32.0,Local-gov,112650.0,HS-grad,,Married-civ-spouse,Protective-serv,,White,Male,,0.0,40.0,United-States,<=50K
18.0,Private,126142.0,10th,6.0,Never-married,Craft-repair,Own-child,White,Male,0.0,0.0,30.0,United-States,<=50K
25.0,Private,235218.0,Some-college,10.0,Never-married,Adm-clerical,Not-in-family,,Female,0.0,0.0,40.0,United-States,<=50K
24.0,Private,410439.0,Some-college,10.0,Never-married,Craft-repair,Own-child,White,Male,0.0,0.0,15.0,United-States,<=50K
42.0,Private,42907.0,HS-grad,9.0,Divorced,Machine-op-inspct,Unmarried,White,Male,0.0,0.0,,United-States,<=50K
60.0,Self-emp-not-inc,170114.0,9th,5.0,Married-civ-spouse,Farming-fishing,Husband,White,Male,0.0,1672.0,84.0,,<=50K
52.0,Self-emp-inc,224763.0,HS-grad,9.0,Married-civ-spouse,Sales,Husband,,Male,0.0,0.0,50.0,Cuba,<=50K
30.0,Private,75755.0,Assoc-voc,11.0,Married-civ-spouse,Prof-specialty,Husband,White,Male,0.0,0.0,40.0,United-States,<=50K
30.0,Private,95639.0,11th,7.0,Never-married,Handlers-cleaners,Other-relative,Amer-Indian-Eskimo,Male,0.0,0.0,,United-States,<=50K
21.0,Private,188923.0,Some-college,10.0,Never-married,Sales,Own-child,White,Female,0.0,0.0,55.0,United-States,<=50K
32.0,Private,,,10.0,Married-civ-spouse,Exec-managerial,Husband,White,Male,0.0,0.0,,United-States,<=50K
49.0,Private,151584.0,Some-college,10.0,Married-civ-spouse,Craft-repair,Husband,White,Male,0.0,0.0,40.0,United-States,>50K
29.0,State-gov,183285.0,Some-college,10.0,Never-married,Protective-serv,Not-in-family,White,Male,0.0,0.0,36.0,United-States,<=50K
22.0,Private,148187.0,11th,7.0,Never-married,Other-service,Other-relative,White,Male,0.0,0.0,40.0,United-States,<=50K
32.0,Private,316589.0,Bachelors,13.0,Married-civ-spouse,Exec-managerial,Husband,,Male,0.0,0.0,40.0,United-States,>50K
51.0,State-gov,94174.0,Some-college,10.0,Divorced,Adm-clerical,Unmarried,,Female,0.0,0.0,35.0,United-States,<=50K
36.0,Private,110013.0,Masters,14.0,Never-married,Sales,Not-in-family,White,Female,0.0,0.0,40.0,United-States,<=50K
39.0,State-gov,42186.0,HS-grad,9.0,Married-civ-spouse,Adm-clerical,Wife,Asian-Pac-Islander,Female,3464.0,0.0,20.0,United-States,<=50K
43.0,Private,27766.0,Bachelors,13.0,Separated,Exec-managerial,Unmarried,White,Male,0.0,0.0,60.0,United-States,>50K
37.0,Private,167482.0,10th,6.0,Never-married,Craft-repair,Own-child,White,Male,0.0,0.0,35.0,United-States,<=50K
37.0,Federal-gov,287031.0,Masters,14.0,Married-civ-spouse,Tech-support,Husband,White,,0.0,0.0,50.0,United-States,>50K
23.0,Private,93977.0,HS-grad,9.0,Never-married,Machine-op-inspct,Own-child,White,Male,0.0,0.0,40.0,United-States,<=50K
50.0,Local-gov,151143.0,,9.0,Never-married,Adm-clerical,Own-child,White,Female,0.0,0.0,40.0,United-States,<=50K
29.0,Private,282389.0,Assoc-voc,11.0,Never-married,Adm-clerical,Not-in-family,White,Male,0.0,0.0,70.0,United-States,<=50K
37.0,Private,80638.0,Bachelors,13.0,Married-civ-spouse,Other-service,Husband,Asian-Pac-Islander,Male,0.0,0.0,30.0,China,<=50K
24.0,Private,314165.0,Some-college,10.0,Never-married,Exec-managerial,Own-child,White,Male,0.0,0.0,20.0,United-States,<=50K
37.0,Private,186934.0,HS-grad,9.0,Married-civ-spouse,Sales,Husband,White,Male,15024.0,0.0,60.0,United-States,>50K
57.0,Private,109015.0,Some-college,10.0,Divorced,Sales,Not-in-family,White,Female,0.0,0.0,,,<=50K
36.0,Private,185692.0,7th-8th,4.0,Married-civ-spouse,Farming-fishing,Husband,White,Male,,0.0,35.0,United-States,<=50K
39.0,Private,224466.0,Some-college,10.0,Divorced,Craft-repair,Unmarried,Black,Male,0.0,0.0,24.0,United-States,<=50K
28.0,,183175.0,Some-college,10.0,Divorced,Adm-clerical,Not-in-family,White,Female,0.0,0.0,40.0,United-States,<=50K
38.0,,116608.0,Some-college,10.0,Married-civ-spouse,Other-service,Wife,White,Female,0.0,0.0,20.0,United-States,>50K
45.0,Private,205424.0,Some-college,10.0,Married-civ-spouse,Sales,Husband,White,,0.0,0.0,65.0,United-States,>50K
27.0,Private,174645.0,HS-grad,9.0,Never-married,Adm-clerical,Own-child,White,Female,0.0,0.0,40.0,United-States,<=50K
33.0,Private,181372.0,Masters,14.0,Married-civ-spouse,Exec-managerial,Wife,White,Female,0.0,0.0,50.0,United-States,>50K
47.0,Federal-gov,,Bachelors,13.0,Never-married,Adm-clerical,Unmarried,Black,Male,0.0,0.0,40.0,United-States,>50K
27.0,Private,180758.0,Some-college,10.0,Married-civ-spouse,Handlers-cleaners,Husband,White,Male,0.0,0.0,30.0,United-States,<=50K
52.0,Private,260938.0,Masters,14.0,Married-civ-spouse,Sales,Husband,White,Male,0.0,0.0,40.0,,<=50K
19.0,Private,264527.0,Some-college,10.0,Never-married,Other-service,Own-child,White,Male,0.0,0.0,25.0,United-States,<=50K
40.0,Self-emp-not-inc,121012.0,Prof-school,15.0,Married-civ-spouse,Prof-specialty,,White,Male,0.0,1977.0,50.0,United-States,>50K
47.0,Private,196707.0,Prof-school,15.0,Divorced,Adm-clerical,Not-in-family,White,Male,0.0,0.0,40.0,United-States,<=50K
,Private,186719.0,Some-college,,Separated,Craft-repair,Unmarried,White,Female,0.0,0.0,25.0,United-States,<=50K
21.0,Private,197583.0,Some-college,10.0,Never-married,Adm-clerical,Own-child,White,Female,0.0,0.0,20.0,United-States,<=50K
37.0,Federal-gov,29054.0,Some-college,10.0,Married-civ-spouse,Adm-clerical,Husband,White,Male,,0.0,42.0,United-States,>50K
52.0,Self-emp-not-inc,165278.0,Assoc-voc,,Married-civ-spouse,Exec-managerial,Husband,White,Male,0.0,0.0,40.0,United-States,<=50K
-52.7819770088162,Private,267431.0,Bachelors,13.0,Never-married,Sales,Own-child,Black,Female,0.0,0.0,20.0,United-States,>50K
24.0,Private,57711.0,Masters,29.4862381985065,Married-civ-spouse,Prof-specialty,Wife,White,Female,0.0,0.0,35.0,United-States,<=50K
52.0,Private,160703.0,HS-grad,9.0,Married-civ-spouse,Adm-clerical,Husband,White,Male,0.0,0.0,48.0,United-States,<=50K
27.0,Private,321577.0,HS-grad,9.0,Never-married,Adm-clerical,Own-child,Black,Female,0.0,0.0,40.0,United-States,<=50K
56.0,Private,83922.0,Some-college,10.0,Married-civ-spouse,Craft-repair,Husband,White,Male,0.0,0.0,40.0,United-States,>50K
56.0,Private,116143.0,Bachelors,13.0,Married-civ-spouse,Adm-clerical,Husband,White,Male,5178.0,0.0,44.0,United-States,>50K
29.0,Private,137618.0,Some-college,10.0,Never-married,Other-service,Not-in-family,White,Female,0.0,0.0,41.0,United-States,>50K
54.0,Private,37237.0,Bachelors,13.0,Married-civ-spouse,Prof-specialty,Husband,White,Male,0.0,0.0,40.0,United-States,>50K
58.0,Private,225394.0,HS-grad,9.0,,Craft-repair,Husband,White,Male,0.0,1902.0,40.0,United-States,<=50K
,Private,134367.0,Masters,14.0,Married-civ-spouse,Prof-specialty,Wife,White,Female,0.0,1977.0,24.0,United-States,>50K
,Private,192939.0,HS-grad,9.0,Divorced,Craft-repair,Unmarried,White,Male,0.0,0.0,40.0,United-States,<=50K
31.0,Private,189759.0,HS-grad,9.0,Never-married,Farming-fishing,Not-in-family,White,Male,0.0,2001.0,40.0,United-States,<=50K
40.0,Private,124747.0,HS-grad,9.0,Married-civ-spouse,Craft-repair,Wife,White,Female,7298.0,0.0,40.0,United-States,>50K
,Private,33016.0,Some-college,10.0,Never-married,Craft-repair,Own-child,White,Male,0.0,0.0,40.0,United-States,<=50K
-41.7819770088162,Private,139770.0,HS-grad,,,Adm-clerical,Not-in-family,White,Female,0.0,0.0,35.0,United-States,>50K
20.0,Private,120046.0,Some-college,10.0,Never-married,Adm-clerical,Own-child,White,Male,0.0,,25.0,United-States,<=50K
50.0,Private,228057.0,HS-grad,9.0,Married-civ-spouse,Transport-moving,Husband,White,Male,,0.0,40.0,United-States,<=50K
40.0,Private,,Bachelors,13.0,Divorced,Adm-clerical,Not-in-family,White,Female,0.0,0.0,35.0,United-States,<=50K
28.0,,329426.0,Bachelors,13.0,Never-married,Exec-managerial,Not-in-family,White,Male,0.0,,50.0,United-States,>50K
126.7819770088162,Private,265083.0,10th,6.0,Divorced,Sales,Not-in-family,White,Female,0.0,0.0,38.0,United-States,>50K
,Private,146117.0,Some-college,10.0,Never-married,Machine-op-inspct,Not-in-family,White,Male,0.0,0.0,42.0,United-States,<=50K
23.0,Private,259109.0,Assoc-acdm,12.0,Married-civ-spouse,Other-service,Wife,White,Female,0.0,,40.0,Puerto-Rico,<=50K
69.0,Private,71489.0,Masters,14.0,Married-civ-spouse,Prof-specialty,Husband,White,Male,0.0,0.0,25.0,United-States,<=50K
31.0,Private,271162.0,11th,7.0,Never-married,Exec-managerial,Own-child,White,Male,0.0,0.0,40.0,United-States,<=50K
35.0,Private,176279.0,Some-college,10.0,Widowed,Adm-clerical,Unmarried,White,Female,0.0,0.0,30.0,United-States,<=50K
35.0,Private,179668.0,Some-college,10.0,Married-civ-spouse,Prof-specialty,Husband,White,Male,0.0,0.0,40.0,United-States,>50K
41.0,Private,,Assoc-voc,11.0,Never-married,Craft-repair,Not-in-family,White,Male,0.0,0.0,,United-States,<=50K
43.0,Self-emp-inc,210013.0,,10.0,Never-married,,Not-in-family,White,Male,0.0,0.0,50.0,,>50K
51.0,Self-emp-inc,46281.0,Some-college,10.0,Married-civ-spouse,Sales,Husband,White,Male,0.0,0.0,50.0,United-States,>50K
28.0,Private,220043.0,Bachelors,13.0,,Sales,Husband,White,Male,0.0,0.0,40.0,United-States,>50K
38.0,Local-gov,172016.0,Bachelors,13.0,Divorced,Prof-specialty,Own-child,,Female,0.0,0.0,40.0,United-States,<=50K
65.0,Private,180280.0,Some-college,10.0,Married-civ-spouse,Exec-managerial,Wife,White,Female,0.0,0.0,40.0,United-States,<=50K
51.0,Local-gov,194970.0,HS-grad,9.0,Married-civ-spouse,Exec-managerial,Husband,White,Male,,0.0,40.0,United-States,>50K
54.0,Private,312631.0,Prof-school,15.0,Married-civ-spouse,Prof-specialty,Wife,White,Female,0.0,1887.0,50.0,United-States,>50K
26.0,,209440.0,HS-grad,9.0,Never-married,Prof-specialty,Unmarried,Black,Female,0.0,2389.4466063488135,55.0,United-States,>50K
44.0,Private,275094.0,1st-4th,2.0,Never-married,Other-service,Own-child,White,Male,0.0,-2389.4466063488135,10.0,United-States,>50K
40.0,Private,130571.0,HS-grad,9.0,Never-married,Other-service,Not-in-family,White,Female,0.0,0.0,40.0,United-States,<=50K
20.0,Self-emp-inc,168165.0,Some-college,10.0,Married-civ-spouse,Machine-op-inspct,Husband,White,Male,0.0,0.0,40.0,United-States,<=50K
21.0,Private,227411.0,Assoc-voc,11.0,Never-married,Sales,Own-child,White,Female,0.0,0.0,40.0,United-States,<=50K
,Private,252327.0,7th-8th,-11.4862381985065,Never-married,Other-service,Own-child,White,Male,0.0,0.0,40.0,,>50K
37.0,Private,339772.0,HS-grad,9.0,Married-civ-spouse,Craft-repair,Husband,Black,Male,0.0,0.0,40.0,United-States,<=50K
26.0,Private,335998.0,HS-grad,9.0,Never-married,Sales,Not-in-family,White,Female,0.0,0.0,38.0,,<=50K
31.0,,,HS-grad,9.0,,Other-service,Unmarried,White,Male,,0.0,40.0,United-States,<=50K
20.0,Private,147171.0,Some-college,10.0,,,Unmarried,Asian-Pac-Islander,Female,0.0,0.0,40.0,Vietnam,<=50K
50.0,Self-emp-not-inc,240612.0,Bachelors,13.0,Divorced,Prof-specialty,,White,Female,0.0,0.0,60.0,United-States,<=50K
28.0,Private,76313.0,Some-college,10.0,Married-civ-spouse,Craft-repair,Husband,Amer-Indian-Eskimo,Male,0.0,0.0,60.0,United-States,<=50K
34.0,Private,184147.0,HS-grad,9.0,Separated,Sales,Unmarried,Black,Female,0.0,,20.0,United-States,<=50K
30.0,Private,340917.0,Masters,14.0,Married-civ-spouse,Exec-managerial,Husband,White,Male,15024.0,0.0,60.0,United-States,>50K
,State-gov,466498.0,Assoc-voc,11.0,Married-civ-spouse,Craft-repair,Husband,Black,Male,0.0,0.0,60.0,United-States,>50K
45.0,Private,370274.0,,8.0,Married-civ-spouse,Craft-repair,Husband,White,Male,0.0,0.0,40.0,United-States,<=50K
,Local-gov,198277.0,12th,8.0,Never-married,Handlers-cleaners,Not-in-family,White,Male,0.0,0.0,40.0,United-States,<=50K
56.0,Self-emp-inc,184598.0,9th,5.0,,Transport-moving,Husband,White,Male,0.0,0.0,99.0,United-States,<=50K
28.0,Private,173673.0,5th-6th,3.0,Never-married,Other-service,Not-in-family,White,Female,0.0,0.0,40.0,Mexico,<=50K
30.0,Private,159123.0,HS-grad,9.0,Married-civ-spouse,,Husband,White,Male,0.0,0.0,45.0,United-States,<=50K
28.0,Self-emp-inc,142443.0,Bachelors,13.0,Married-civ-spouse,Exec-managerial,Husband,White,Male,0.0,0.0,,United-States,<=50K
30.0,Private,219110.0,HS-grad,,Married-civ-spouse,Craft-repair,Husband,White,Male,0.0,0.0,46.0,United-States,<=50K
53.0,Private,152883.0,HS-grad,9.0,Widowed,Adm-clerical,Not-in-family,Black,Female,0.0,0.0,40.0,United-States,<=50K
27.0,Private,107236.0,Masters,14.0,Never-married,Prof-specialty,Not-in-family,White,Male,0.0,0.0,50.0,United-States,<=50K
51.0,Local-gov,142801.0,Masters,14.0,Widowed,,Not-in-family,Black,Female,0.0,0.0,40.0,United-States,>50K
49.0,Self-emp-inc,330874.0,Some-college,10.0,Married-civ-spouse,Sales,Husband,White,Male,0.0,0.0,,United-States,>50K
30.0,Private,,Bachelors,13.0,Never-married,Sales,Own-child,White,Male,0.0,0.0,40.0,United-States,<=50K
48.0,Private,174794.0,Assoc-voc,11.0,Divorced,Adm-clerical,Unmarried,White,Female,0.0,0.0,40.0,United-States,<=50K
27.0,Private,220748.0,HS-grad,9.0,Never-married,Handlers-cleaners,Other-relative,Black,Male,0.0,0.0,48.0,United-States,<=50K
33.0,Private,155475.0,HS-grad,,Married-civ-spouse,Sales,,White,Male,0.0,0.0,40.0,United-States,<=50K
24.0,Private,206827.0,,10.0,,Adm-clerical,Own-child,White,Female,0.0,,30.0,United-States,<=50K
51.0,Private,845503.9330611756,Some-college,,Divorced,Exec-managerial,Not-in-family,White,Female,0.0,0.0,50.0,United-States,<=50K
,Self-emp-inc,199816.0,Prof-school,15.0,Married-civ-spouse,Prof-specialty,Husband,White,Male,0.0,0.0,50.0,United-States,>50K
,Private,316688.0,HS-grad,9.0,Never-married,Machine-op-inspct,Not-in-family,Black,Male,0.0,0.0,40.0,United-States,<=50K
33.0,Self-emp-not-inc,520078.0,Assoc-acdm,12.0,Divorced,Sales,Unmarried,Black,Male,0.0,0.0,-12.632199789053374,United-States,>50K
45.0,Private,28119.0,HS-grad,9.0,Married-civ-spouse,Adm-clerical,Husband,White,Male,0.0,0.0,7.0,United-States,<=50K
45.0,Private,144086.0,HS-grad,9.0,Married-civ-spouse,Craft-repair,Husband,White,Male,0.0,0.0,40.0,United-States,>50K
32.0,Private,65278.0,HS-grad,9.0,Married-civ-spouse,Adm-clerical,,White,Male,2580.0,0.0,,United-States,<=50K
45.0,Private,,Assoc-acdm,12.0,Married-civ-spouse,Craft-repair,Husband,White,Male,0.0,0.0,45.0,United-States,<=50K
51.0,Self-emp-not-inc,138200.0,Assoc-acdm,12.0,,Farming-fishing,Own-child,White,Female,0.0,0.0,40.0,United-States,<=50K
28.0,Self-emp-not-inc,190391.0,Bachelors,13.0,Never-married,Sales,Not-in-family,White,Male,0.0,0.0,50.0,,<=50K
41.0,Private,100451.0,HS-grad,9.0,Married-civ-spouse,Craft-repair,Husband,White,Male,7688.0,0.0,38.0,United-States,>50K
70.0,Self-emp-inc,99554.0,Bachelors,13.0,Divorced,Sales,Not-in-family,White,Female,0.0,0.0,40.0,United-States,<=50K
24.0,Private,172987.0,Bachelors,13.0,Married-civ-spouse,Tech-support,Husband,White,Male,0.0,0.0,50.0,United-States,<=50K
69.0,Private,31501.0,Assoc-voc,11.0,Widowed,Adm-clerical,Unmarried,White,Female,0.0,0.0,40.0,United-States,<=50K
37.0,Self-emp-inc,205852.0,Bachelors,,Married-civ-spouse,Prof-specialty,Husband,White,Male,0.0,0.0,45.0,United-States,>50K
47.0,Private,132912.0,Some-college,10.0,Married-civ-spouse,Exec-managerial,Husband,White,Male,0.0,0.0,55.0,United-States,>50K
59.0,Private,142182.0,HS-grad,9.0,Married-civ-spouse,Other-service,Husband,White,Male,0.0,0.0,40.0,,>50K
21.0,Self-emp-not-inc,190968.0,HS-grad,9.0,Never-married,Farming-fishing,Own-child,White,Male,0.0,0.0,25.0,United-States,<=50K
45.0,Private,131826.0,Some-college,10.0,Married-civ-spouse,Handlers-cleaners,Husband,White,Male,0.0,0.0,40.0,United-States,<=50K
,State-gov,92717.0,Some-college,,Never-married,Adm-clerical,Unmarried,Black,Female,0.0,1504.0,40.0,United-States,<=50K
49.0,Private,,HS-grad,9.0,Married-civ-spouse,Exec-managerial,Husband,White,Male,0.0,0.0,40.0,United-States,<=50K
42.0,Private,256448.0,Some-college,10.0,Never-married,Other-service,Not-in-family,White,Male,0.0,0.0,15.0,United-States,<=50K
56.0,Private,311249.0,HS-grad,9.0,Widowed,,Unmarried,Black,Female,0.0,0.0,38.0,United-States,<=50K
41.0,,237321.0,1st-4th,,Married-civ-spouse,Machine-op-inspct,Husband,White,Male,0.0,0.0,40.0,Mexico,>50K
30.0,Private,222162.0,HS-grad,9.0,Married-civ-spouse,Handlers-cleaners,Husband,White,Male,0.0,0.0,66.0,United-States,<=50K
41.0,Private,197372.0,HS-grad,9.0,Married-civ-spouse,Craft-repair,Husband,White,Male,0.0,0.0,60.0,United-States,>50K
56.0,Private,76281.0,Bachelors,13.0,Married-spouse-absent,Prof-specialty,Unmarried,White,Female,0.0,0.0,40.0,United-States,<=50K
26.0,Private,557236.0,HS-grad,9.0,Never-married,Transport-moving,Not-in-family,White,Male,0.0,0.0,40.0,United-States,<=50K
29.0,Private,239753.0,HS-grad,9.0,Married-civ-spouse,Adm-clerical,Wife,White,Female,0.0,2057.0,20.0,United-States,<=50K
22.0,Local-gov,164775.0,5th-6th,3.0,Never-married,Handlers-cleaners,Other-relative,White,Male,0.0,0.0,40.0,Guatemala,>50K
17.0,Private,163836.0,10th,6.0,Never-married,Sales,Own-child,White,Female,0.0,0.0,12.0,United-States,<=50K
47.0,Local-gov,126754.0,Masters,14.0,Married-civ-spouse,Prof-specialty,Husband,White,Male,0.0,0.0,40.0,United-States,>50K
44.0,Local-gov,68318.0,Masters,14.0,Never-married,,Own-child,White,Female,0.0,0.0,55.0,United-States,<=50K
23.0,Self-emp-not-inc,,HS-grad,9.0,Divorced,Other-service,,White,Female,0.0,0.0,50.0,United-States,<=50K
42.0,Private,167357.0,Some-college,10.0,Divorced,Adm-clerical,Unmarried,White,Female,0.0,213.0,40.0,United-States,<=50K
49.0,Self-emp-inc,119565.0,Masters,14.0,Married-civ-spouse,Sales,Husband,White,Male,0.0,0.0,40.0,United-States,>50K
36.0,Private,111128.0,Some-college,10.0,Separated,,Not-in-family,White,Male,0.0,0.0,60.0,United-States,>50K
31.0,Private,291494.0,Masters,14.0,Married-civ-spouse,Prof-specialty,Husband,White,Male,0.0,0.0,40.0,United-States,>50K
35.0,Private,347491.0,Assoc-voc,11.0,Never-married,Craft-repair,Not-in-family,White,Male,0.0,0.0,40.0,United-States,<=50K
37.0,Private,70562.0,1st-4th,2.0,,Other-service,Unmarried,White,Female,0.0,0.0,48.0,El-Salvador,<=50K
38.0,Private,,Prof-school,15.0,Married-civ-spouse,Prof-specialty,Husband,White,Male,0.0,0.0,60.0,,>50K
48.0,Private,144844.0,HS-grad,9.0,Married-civ-spouse,Craft-repair,Husband,White,,0.0,0.0,40.0,United-States,<=50K
50.0,Private,,9th,5.0,Divorced,Transport-moving,Not-in-family,White,Male,0.0,0.0,50.0,,<=50K
17.0,Private,317681.0,,7.0,Never-married,Craft-repair,Own-child,White,Male,0.0,0.0,10.0,United-States,<=50K
50.0,Private,180195.0,Doctorate,16.0,Married-civ-spouse,Prof-specialty,Husband,White,Male,99999.0,0.0,50.0,United-States,>50K
28.0,Private,92262.0,Bachelors,13.0,Married-civ-spouse,Sales,Husband,White,Male,0.0,0.0,40.0,United-States,<=50K
42.0,Self-emp-not-inc,207392.0,HS-grad,9.0,Married-civ-spouse,Sales,,White,Male,0.0,0.0,,United-States,<=50K
47.0,Private,348986.0,HS-grad,9.0,Married-civ-spouse,Other-service,Other-relative,Asian-Pac-Islander,Female,0.0,0.0,28.0,Taiwan,<=50K
20.0,Private,315135.0,Some-college,10.0,Never-married,Transport-moving,Own-child,White,Male,0.0,0.0,15.0,United-States,<=50K
28.0,Private,37805.0,Bachelors,13.0,Married-civ-spouse,Sales,Husband,White,Male,0.0,0.0,40.0,United-States,>50K
48.0,Local-gov,81154.0,Assoc-voc,11.0,Never-married,Protective-serv,Unmarried,White,Male,0.0,0.0,48.0,United-States,<=50K
70.0,Private,187292.0,Bachelors,13.0,Married-civ-spouse,Handlers-cleaners,Husband,White,Male,6418.0,0.0,40.0,United-States,>50K
37.0,Private,125167.0,Some-college,10.0,Married-civ-spouse,Exec-managerial,Husband,White,Male,0.0,0.0,60.0,United-States,>50K
46.0,Private,119939.0,11th,7.0,Married-civ-spouse,Craft-repair,Husband,White,Male,0.0,0.0,40.0,United-States,<=50K
32.0,Private,147118.0,HS-grad,9.0,Divorced,Other-service,Not-in-family,White,Female,0.0,0.0,40.0,United-States,<=50K
51.0,Private,161482.0,HS-grad,9.0,Divorced,Other-service,Unmarried,White,Female,0.0,0.0,38.0,United-States,<=50K
29.0,Private,274010.0,Some-college,,Never-married,Prof-specialty,Not-in-family,White,Male,47889.20366261097,0.0,45.0,,>50K
36.0,Federal-gov,223749.0,,13.0,Married-civ-spouse,Prof-specialty,Husband,White,Male,0.0,0.0,40.0,United-States,>50K
,Self-emp-not-inc,34007.0,Bachelors,13.0,Married-civ-spouse,Farming-fishing,Husband,White,Male,0.0,0.0,70.0,United-States,>50K
40.0,Private,208277.0,Some-college,10.0,Never-married,Exec-managerial,,White,Female,0.0,0.0,40.0,United-States,<=50K
53.0,Private,186224.0,Assoc-voc,11.0,Never-married,Exec-managerial,Not-in-family,White,Male,0.0,,35.0,United-States,<=50K
22.0,Private,231912.0,Assoc-voc,11.0,Never-married,Adm-clerical,Own-child,White,Female,0.0,0.0,37.0,United-States,<=50K
,Private,163665.0,Assoc-acdm,,Never-married,Adm-clerical,Own-child,White,Female,0.0,0.0,15.0,United-States,<=50K
33.0,State-gov,174171.0,Some-college,10.0,Separated,Tech-support,Not-in-family,,Male,0.0,0.0,12.0,,<=50K
58.0,Private,197642.0,Some-college,10.0,Never-married,Adm-clerical,Not-in-family,White,Female,0.0,0.0,39.0,United-States,<=50K
40.0,Local-gov,174395.0,Bachelors,13.0,Married-civ-spouse,Exec-managerial,Husband,White,Male,0.0,,60.0,United-States,>50K
34.0,Private,103596.0,HS-grad,9.0,Married-civ-spouse,Handlers-cleaners,Husband,White,Male,0.0,0.0,40.0,United-States,<=50K
34.0,Private,182218.0,Assoc-voc,11.0,Divorced,Prof-specialty,Unmarried,White,Female,0.0,0.0,40.0,United-States,<=50K
18.0,Self-emp-not-inc,212207.0,,9.0,Never-married,,Own-child,White,Male,0.0,,11.0,United-States,<=50K
37.0,Private,236328.0,10th,6.0,Married-civ-spouse,Craft-repair,Husband,White,Male,0.0,0.0,48.0,United-States,<=50K
20.0,Private,69911.0,Some-college,10.0,Never-married,Sales,Own-child,White,Female,0.0,0.0,15.0,United-States,<=50K
42.0,State-gov,155657.0,HS-grad,9.0,Divorced,Adm-clerical,Not-in-family,Black,Female,0.0,0.0,25.0,United-States,<=50K
19.0,State-gov,378418.0,HS-grad,,Never-married,Tech-support,Own-child,White,Female,0.0,0.0,,United-States,<=50K
45.0,Local-gov,318280.0,Some-college,10.0,Married-civ-spouse,Prof-specialty,Husband,White,Male,7688.0,,50.0,United-States,>50K
29.0,Private,293073.0,Bachelors,13.0,Never-married,Sales,Not-in-family,White,Male,0.0,0.0,50.0,United-States,>50K
,Private,326886.0,Assoc-voc,11.0,,Exec-managerial,Husband,White,Male,0.0,0.0,45.0,United-States,>50K
26.0,Private,98114.0,HS-grad,9.0,Divorced,,Own-child,White,Female,0.0,0.0,40.0,United-States,<=50K
38.0,Private,149771.0,HS-grad,9.0,Divorced,Craft-repair,Not-in-family,White,Male,3325.0,0.0,40.0,United-States,<=50K
37.0,Private,232614.0,HS-grad,9.0,Divorced,Other-service,Unmarried,Black,Female,0.0,,30.0,United-States,<=50K
42.0,State-gov,126094.0,HS-grad,9.0,Separated,Adm-clerical,Unmarried,White,Male,0.0,0.0,39.0,United-States,<=50K
57.0,Self-emp-not-inc,165922.0,HS-grad,9.0,Married-civ-spouse,,Husband,White,Male,0.0,0.0,50.0,United-States,<=50K
,Private,183893.0,Some-college,10.0,Divorced,Adm-clerical,Unmarried,Black,Female,0.0,0.0,40.0,United-States,<=50K
33.0,Private,141841.0,Bachelors,13.0,Married-civ-spouse,Exec-managerial,Husband,Black,Male,5178.0,0.0,40.0,United-States,>50K
50.0,Self-emp-inc,175339.0,HS-grad,9.0,Married-civ-spouse,Craft-repair,Husband,White,Male,0.0,1672.0,60.0,United-States,<=50K
47.0,Private,275967.0,10th,6.0,Married-civ-spouse,Craft-repair,Husband,White,Male,0.0,0.0,35.0,United-States,<=50K
23.0,Private,60409.0,HS-grad,9.0,Never-married,Exec-managerial,Not-in-family,White,Female,0.0,0.0,40.0,United-States,<=50K
24.0,Private,155150.0,HS-grad,9.0,Married-civ-spouse,Machine-op-inspct,Husband,,Male,0.0,0.0,40.0,United-States,<=50K
21.0,Private,97212.0,HS-grad,9.0,Never-married,Other-service,Not-in-family,,Female,0.0,2001.0,25.0,United-States,<=50K
49.0,Federal-gov,105959.0,Some-college,10.0,Married-civ-spouse,Adm-clerical,Husband,White,Male,0.0,0.0,41.0,United-States,>50K
34.0,Private,,HS-grad,9.0,Married-civ-spouse,Exec-managerial,Husband,White,Male,0.0,0.0,50.0,United-States,<=50K
47.0,Self-emp-not-inc,218676.0,Masters,14.0,Married-civ-spouse,Exec-managerial,Husband,White,Male,0.0,,45.0,United-States,<=50K
31.0,Private,201122.0,Some-college,10.0,Married-civ-spouse,Exec-managerial,Husband,White,Male,0.0,0.0,40.0,United-States,>50K
49.0,Self-emp-inc,148437.0,Bachelors,13.0,Never-married,Sales,Not-in-family,White,Male,0.0,0.0,60.0,United-States,<=50K
,Private,220986.0,HS-grad,9.0,,Sales,Husband,White,Male,0.0,0.0,40.0,,>50K
35.0,State-gov,89040.0,Bachelors,13.0,Married-civ-spouse,Exec-managerial,Husband,White,Male,0.0,0.0,40.0,United-States,>50K
30.0,Private,226943.0,HS-grad,9.0,Divorced,Adm-clerical,Unmarried,White,Female,0.0,0.0,35.0,United-States,<=50K
,Private,265074.0,11th,7.0,Never-married,Craft-repair,Not-in-family,White,Male,0.0,0.0,40.0,United-States,<=50K
45.0,Private,123844.0,HS-grad,9.0,Divorced,Other-service,Own-child,White,Female,0.0,0.0,60.0,United-States,<=50K
49.0,Private,,HS-grad,9.0,Divorced,Adm-clerical,Not-in-family,White,Male,0.0,0.0,32.0,United-States,<=50K
34.0,Private,295855.0,11th,7.0,Divorced,Other-service,Not-in-family,White,Female,0.0,0.0,70.0,United-States,<=50K
27.0,Local-gov,230885.0,Bachelors,13.0,Married-civ-spouse,Protective-serv,Husband,White,Male,0.0,0.0,45.0,United-States,>50K
36.0,,61299.0,Some-college,10.0,Married-civ-spouse,Craft-repair,Husband,White,Male,0.0,,40.0,United-States,<=50K
65.0,Private,105116.0,Some-college,10.0,Widowed,Adm-clerical,Not-in-family,White,Female,2346.0,0.0,40.0,United-States,<=50K
48.0,Private,129777.0,HS-grad,9.0,Widowed,Adm-clerical,Unmarried,White,Female,0.0,,40.0,United-States,<=50K
25.0,Private,283515.0,Some-college,10.0,Never-married,Protective-serv,Not-in-family,White,Male,0.0,0.0,60.0,United-States,<=50K
27.0,Private,212041.0,HS-grad,9.0,Never-married,Craft-repair,Not-in-family,White,Male,0.0,0.0,50.0,United-States,<=50K
34.0,Private,212064.0,HS-grad,9.0,Separated,Adm-clerical,Unmarried,White,Female,,0.0,35.0,United-States,<=50K
22.0,Private,126613.0,Some-college,10.0,Never-married,Exec-managerial,Own-child,White,Female,0.0,0.0,40.0,France,<=50K
34.0,Self-emp-inc,34848.0,Bachelors,13.0,Married-civ-spouse,Sales,Husband,White,,0.0,0.0,54.0,United-States,<=50K
19.0,,39026.0,HS-grad,9.0,Never-married,Other-service,Not-in-family,White,Male,0.0,0.0,30.0,United-States,<=50K
56.0,Self-emp-inc,32316.0,12th,8.0,Widowed,Exec-managerial,Not-in-family,White,Female,0.0,0.0,40.0,United-States,<=50K
45.0,Self-emp-not-inc,,Some-college,10.0,Married-civ-spouse,Transport-moving,Husband,White,Male,0.0,0.0,45.0,United-States,<=50K
42.0,Private,100800.0,HS-grad,9.0,Never-married,Craft-repair,Not-in-family,White,,0.0,0.0,40.0,United-States,<=50K
,Private,181091.0,12th,8.0,Married-civ-spouse,Craft-repair,Husband,White,Male,0.0,0.0,16.0,United-States,<=50K
26.0,Federal-gov,211596.0,Masters,14.0,Never-married,Prof-specialty,Not-in-family,White,Male,,0.0,40.0,United-States,<=50K
30.0,Private,177531.0,HS-grad,9.0,Never-married,Sales,Unmarried,Black,Female,0.0,0.0,25.0,United-States,<=50K
37.0,Private,,10th,6.0,Divorced,Craft-repair,Unmarried,White,Female,0.0,0.0,40.0,United-States,<=50K
23.0,Private,81145.0,HS-grad,9.0,Never-married,Other-service,Other-relative,White,Female,0.0,0.0,40.0,United-States,<=50K
25.0,Self-emp-not-inc,136450.0,Assoc-acdm,12.0,Married-civ-spouse,Adm-clerical,Wife,,Female,0.0,0.0,35.0,United-States,>50K
34.0,Federal-gov,168931.0,Bachelors,13.0,Married-civ-spouse,Exec-managerial,Wife,Other,Female,0.0,0.0,40.0,,>50K
67.0,Private,53874.0,12th,8.0,Married-civ-spouse,Machine-op-inspct,Husband,Black,Male,0.0,0.0,40.0,Cuba,<=50K
23.0,Private,108307.0,HS-grad,9.0,Never-married,Farming-fishing,Own-child,White,Male,0.0,0.0,40.0,United-States,<=50K
46.0,Private,157991.0,Assoc-voc,11.0,Divorced,Tech-support,Unmarried,Black,Female,0.0,625.0,40.0,United-States,<=50K
56.0,Private,187295.0,Bachelors,13.0,Married-civ-spouse,Prof-specialty,Husband,White,Male,0.0,0.0,40.0,United-States,>50K
28.0,,270887.0,Assoc-acdm,12.0,Never-married,Sales,Not-in-family,White,Male,0.0,0.0,65.0,United-States,<=50K
64.0,Private,270333.0,Bachelors,13.0,Married-civ-spouse,Prof-specialty,Husband,White,,0.0,0.0,40.0,United-States,>50K
44.0,Private,156815.0,HS-grad,9.0,Divorced,Adm-clerical,Not-in-family,White,Female,0.0,0.0,40.0,United-States,<=50K
18.0,Private,150817.0,HS-grad,9.0,Never-married,Sales,Own-child,White,Female,0.0,0.0,20.0,United-States,<=50K
44.0,Private,151089.0,Bachelors,13.0,Married-civ-spouse,Prof-specialty,Husband,White,Male,0.0,1902.0,50.0,United-States,>50K
36.0,Local-gov,130620.0,HS-grad,9.0,Married-civ-spouse,Adm-clerical,Wife,Asian-Pac-Islander,Female,0.0,0.0,40.0,China,>50K
116.7819770088162,Private,200445.0,Some-college,10.0,Married-civ-spouse,Machine-op-inspct,Husband,White,Male,0.0,0.0,48.0,United-States,<=50K
32.0,Private,,HS-grad,9.0,Married-civ-spouse,Craft-repair,Husband,White,Male,0.0,0.0,40.0,United-States,>50K
22.0,Private,114357.0,Some-college,10.0,Never-married,Other-service,Not-in-family,White,Male,0.0,0.0,35.0,United-States,<=50K
49.0,Private,97883.0,Bachelors,13.0,Divorced,Exec-managerial,Unmarried,White,Female,0.0,0.0,,United-States,<=50K
38.0,Private,305597.0,HS-grad,9.0,Never-married,Transport-moving,Unmarried,White,Male,0.0,0.0,,United-States,<=50K
60.0,Self-emp-not-inc,224377.0,,9.0,Married-civ-spouse,Sales,Husband,White,Male,0.0,0.0,40.0,United-States,<=50K
45.0,Private,382532.0,Doctorate,16.0,Married-civ-spouse,Prof-specialty,Husband,White,Male,,0.0,50.0,United-States,>50K
38.0,Private,257735.0,9th,5.0,Married-civ-spouse,Handlers-cleaners,,White,Male,0.0,0.0,40.0,United-States,<=50K
33.0,Self-emp-not-inc,281030.0,HS-grad,9.0,Married-civ-spouse,Farming-fishing,Husband,White,Male,0.0,0.0,94.0,United-States,<=50K
28.0,Self-emp-not-inc,,,10.0,Married-civ-spouse,Craft-repair,Husband,White,Male,7298.0,0.0,40.0,United-States,>50K
30.0,,48829.0,HS-grad,9.0,Never-married,Sales,Not-in-family,White,Female,0.0,1602.0,102.63219978905336,United-States,>50K
40.0,Private,104892.0,Bachelors,13.0,Married-civ-spouse,Tech-support,Husband,White,Male,0.0,0.0,40.0,United-States,<=50K
49.0,Private,447554.0,Bachelors,13.0,Married-civ-spouse,Exec-managerial,Husband,White,Male,7688.0,0.0,40.0,United-States,>50K
54.0,Private,143865.0,HS-grad,9.0,Divorced,Sales,Unmarried,White,Female,0.0,0.0,35.0,United-States,<=50K
46.0,Self-emp-inc,278322.0,Bachelors,13.0,Married-civ-spouse,Sales,Husband,White,,0.0,0.0,45.0,United-States,<=50K
21.0,Private,239577.0,Some-college,10.0,Never-married,Adm-clerical,Own-child,,Male,0.0,0.0,40.0,United-States,<=50K
29.0,State-gov,243875.0,Assoc-voc,11.0,Divorced,Adm-clerical,Own-child,White,Male,0.0,0.0,,United-States,<=50K
33.0,Private,159548.0,Some-college,10.0,Divorced,Adm-clerical,Unmarried,Black,Female,0.0,0.0,38.0,United-States,<=50K
29.0,Private,271466.0,Assoc-voc,11.0,Never-married,Prof-specialty,Not-in-family,White,Male,0.0,0.0,43.0,United-States,<=50K
23.0,Private,138892.0,HS-grad,,Never-married,,Own-child,Black,Male,0.0,0.0,40.0,United-States,<=50K
34.0,State-gov,61431.0,12th,8.0,Never-married,Adm-clerical,Not-in-family,Black,Female,0.0,0.0,40.0,United-States,<=50K
23.0,Private,167868.0,Assoc-voc,11.0,Never-married,Adm-clerical,Not-in-family,White,Female,0.0,0.0,40.0,United-States,<=50K
40.0,Private,230961.0,Some-college,10.0,Married-civ-spouse,Sales,Husband,White,Male,0.0,0.0,40.0,United-States,<=50K
56.0,Self-emp-not-inc,60166.0,1st-4th,2.0,Never-married,Exec-managerial,Not-in-family,Amer-Indian-Eskimo,Male,0.0,0.0,65.0,United-States,<=50K
36.0,State-gov,170861.0,HS-grad,9.0,Separated,Other-service,Own-child,White,Female,0.0,0.0,32.0,United-States,<=50K
48.0,Private,125892.0,Bachelors,13.0,Married-civ-spouse,Tech-support,Husband,White,Male,0.0,0.0,40.0,United-States,>50K
31.0,Private,,HS-grad,9.0,Never-married,Craft-repair,Other-relative,White,Male,0.0,0.0,50.0,United-States,<=50K
41.0,Private,56795.0,Masters,14.0,Married-civ-spouse,,Wife,White,Female,0.0,0.0,45.0,England,<=50K
,Private,211494.0,Some-college,10.0,Divorced,Exec-managerial,,White,Male,0.0,1980.0,55.0,United-States,<=50K
48.0,,145636.0,HS-grad,9.0,Married-civ-spouse,Machine-op-inspct,Husband,White,Male,0.0,0.0,60.0,United-States,>50K
51.0,Local-gov,136823.0,HS-grad,9.0,,Exec-managerial,Wife,White,Female,0.0,0.0,32.0,United-States,<=50K
34.0,Private,378723.0,10th,6.0,Separated,Exec-managerial,Unmarried,,Female,0.0,0.0,45.0,United-States,<=50K
29.0,Private,,HS-grad,9.0,Married-civ-spouse,Craft-repair,Husband,White,Male,0.0,0.0,45.0,United-States,>50K
51.0,Private,41414.0,9th,5.0,Never-married,Other-service,Not-in-family,Black,,0.0,0.0,40.0,United-States,<=50K
,State-gov,180871.0,Bachelors,13.0,Married-civ-spouse,Adm-clerical,Husband,White,Male,0.0,0.0,55.0,United-States,<=50K
36.0,Private,289223.0,Some-college,10.0,Married-civ-spouse,Adm-clerical,Wife,White,Female,0.0,1848.0,,United-States,>50K
63.0,Private,250068.0,12th,8.0,Married-civ-spouse,Sales,Husband,White,Male,0.0,0.0,40.0,United-States,>50K
20.0,Private,197767.0,Some-college,10.0,,Sales,Not-in-family,Black,Female,0.0,0.0,36.0,United-States,<=50K
21.0,Private,47541.0,HS-grad,9.0,Divorced,Machine-op-inspct,Other-relative,White,Male,0.0,0.0,40.0,United-States,<=50K
52.0,Private,163678.0,HS-grad,9.0,Married-civ-spouse,Transport-moving,Husband,White,Male,0.0,0.0,55.0,United-States,<=50K
30.0,Private,256970.0,Masters,14.0,Married-civ-spouse,Prof-specialty,Wife,White,Female,0.0,0.0,35.0,United-States,>50K
39.0,Self-emp-not-inc,151835.0,10th,6.0,Married-civ-spouse,Craft-repair,Husband,White,Male,0.0,0.0,40.0,United-States,<=50K
28.0,Private,184477.0,Assoc-voc,11.0,Divorced,Craft-repair,Not-in-family,White,Male,,0.0,,United-States,<=50K
25.0,Private,109609.0,Some-college,,Never-married,Other-service,Not-in-family,White,Male,47889.20366261097,0.0,25.0,United-States,>50K
45.0,Private,273194.0,HS-grad,9.0,Married-civ-spouse,Machine-op-inspct,Husband,Black,Male,3137.0,0.0,35.0,United-States,<=50K
45.0,State-gov,183710.0,HS-grad,9.0,Divorced,Transport-moving,Not-in-family,White,Male,0.0,0.0,48.0,United-States,<=50K
35.0,,301369.0,12th,8.0,Never-married,Machine-op-inspct,Unmarried,Black,Female,0.0,0.0,40.0,United-States,<=50K
38.0,Private,796421.9330611756,Some-college,10.0,Divorced,Machine-op-inspct,Not-in-family,Black,Female,0.0,0.0,28.0,United-States,>50K
52.0,Private,,Some-college,10.0,Never-married,Adm-clerical,Not-in-family,Black,Female,0.0,2001.0,,United-States,<=50K
51.0,Private,122109.0,Some-college,10.0,Married-civ-spouse,Adm-clerical,Wife,White,Female,0.0,0.0,,United-States,<=50K
52.0,Private,98752.0,9th,5.0,Widowed,Adm-clerical,Unmarried,White,Female,0.0,0.0,40.0,United-States,<=50K
19.0,Private,183258.0,HS-grad,,,Craft-repair,Own-child,White,Male,0.0,0.0,40.0,United-States,<=50K
44.0,Private,222434.0,HS-grad,9.0,,Machine-op-inspct,Own-child,White,Male,0.0,0.0,40.0,United-States,<=50K
,Private,81243.0,Bachelors,13.0,Divorced,Tech-support,Not-in-family,White,Male,0.0,1876.0,40.0,United-States,<=50K
46.0,Local-gov,297759.0,Some-college,10.0,Divorced,Tech-support,Not-in-family,White,Female,0.0,0.0,40.0,United-States,<=50K
21.0,State-gov,155818.0,Some-college,10.0,Never-married,Other-service,Own-child,White,Female,0.0,0.0,25.0,United-States,<=50K
44.0,Private,222635.0,5th-6th,3.0,Married-civ-spouse,Machine-op-inspct,Husband,Black,Male,0.0,0.0,40.0,United-States,<=50K
22.0,Private,128487.0,HS-grad,9.0,Never-married,Adm-clerical,Not-in-family,White,Female,0.0,0.0,10.0,United-States,<=50K
39.0,State-gov,24721.0,Some-college,10.0,Divorced,Adm-clerical,Unmarried,,Female,0.0,0.0,35.0,United-States,<=50K
26.0,Private,161007.0,,13.0,Never-married,Adm-clerical,Own-child,White,Male,0.0,0.0,30.0,United-States,<=50K
24.0,Private,219122.0,HS-grad,9.0,Married-civ-spouse,,Husband,White,Male,0.0,0.0,20.0,Italy,<=50K
19.0,Private,171306.0,HS-grad,9.0,Never-married,,Own-child,White,Male,0.0,0.0,3.0,United-States,<=50K
39.0,Private,61518.0,Some-college,10.0,Married-civ-spouse,Exec-managerial,Husband,,Male,0.0,0.0,50.0,United-States,>50K
28.0,Private,112403.0,HS-grad,9.0,,Craft-repair,Unmarried,White,Male,2354.0,0.0,40.0,United-States,<=50K
42.0,Private,240628.0,Bachelors,13.0,Married-civ-spouse,Exec-managerial,Wife,White,Female,0.0,0.0,40.0,United-States,>50K
27.0,Private,70034.0,Some-college,10.0,Never-married,Other-service,Not-in-family,White,Male,0.0,0.0,40.0,United-States,<=50K
44.0,Private,125461.0,Masters,,,Exec-managerial,Husband,White,Male,0.0,0.0,35.0,United-States,>50K
24.0,Private,313956.0,Bachelors,13.0,Married-civ-spouse,Prof-specialty,Husband,White,Male,0.0,0.0,40.0,United-States,>50K
34.0,Self-emp-inc,154120.0,Masters,14.0,Married-civ-spouse,Sales,Husband,White,Male,0.0,0.0,60.0,United-States,>50K
28.0,Private,215873.0,10th,6.0,Never-married,Machine-op-inspct,Own-child,Black,Male,0.0,0.0,45.0,United-States,<=50K
43.0,State-gov,424094.0,Doctorate,16.0,Never-married,Prof-specialty,Not-in-family,White,Female,0.0,0.0,40.0,,<=50K
21.0,Private,237651.0,Some-college,10.0,Never-married,Other-service,,White,Male,0.0,,35.0,United-States,<=50K
26.0,Private,165673.0,HS-grad,9.0,Married-civ-spouse,Sales,Husband,White,Male,0.0,0.0,40.0,United-States,<=50K
29.0,Private,206351.0,10th,6.0,Married-civ-spouse,Craft-repair,,White,Male,5013.0,0.0,40.0,United-States,<=50K
,Local-gov,216851.0,Bachelors,13.0,Married-civ-spouse,Tech-support,Husband,,Male,0.0,0.0,40.0,United-States,>50K
35.0,State-gov,98776.0,HS-grad,9.0,Never-married,Tech-support,Own-child,White,Male,0.0,0.0,40.0,United-States,<=50K
31.0,,55104.0,HS-grad,9.0,Divorced,Adm-clerical,Not-in-family,White,Female,0.0,0.0,25.0,United-States,<=50K
42.0,State-gov,105804.0,11th,7.0,Married-civ-spouse,Farming-fishing,,White,Male,0.0,0.0,40.0,United-States,<=50K
54.0,Local-gov,137691.0,HS-grad,9.0,Married-civ-spouse,Craft-repair,Husband,White,Male,0.0,0.0,40.0,United-States,>50K
-57.7819770088162,Private,210165.0,9th,5.0,Married-spouse-absent,Handlers-cleaners,Own-child,White,Male,0.0,0.0,40.0,United-States,>50K
20.0,Private,143604.0,Some-college,10.0,Never-married,Sales,Unmarried,White,Female,0.0,0.0,2.0,,<=50K
23.0,Private,163665.0,Some-college,10.0,Never-married,Sales,Own-child,White,Female,0.0,0.0,15.0,United-States,<=50K
,Private,202480.0,Bachelors,13.0,Married-civ-spouse,Prof-specialty,Husband,White,,0.0,0.0,40.0,United-States,>50K
22.0,Private,131291.0,Some-college,10.0,Never-married,Prof-specialty,Own-child,White,Male,0.0,0.0,15.0,United-States,<=50K
61.0,Private,133164.0,7th-8th,4.0,Never-married,Other-service,Not-in-family,White,Male,0.0,0.0,48.0,United-States,<=50K
20.0,Private,41721.0,Some-college,10.0,Never-married,Machine-op-inspct,Not-in-family,White,Male,0.0,0.0,40.0,United-States,<=50K
32.0,State-gov,,Bachelors,13.0,Married-civ-spouse,Protective-serv,Husband,White,Male,,0.0,40.0,United-States,>50K
24.0,Private,190293.0,Bachelors,13.0,Never-married,Exec-managerial,Not-in-family,White,Female,0.0,0.0,40.0,United-States,<=50K
28.0,,,Assoc-acdm,12.0,Never-married,Adm-clerical,,White,Male,0.0,0.0,32.0,United-States,<=50K
44.0,Private,101214.0,Bachelors,13.0,Divorced,Sales,Unmarried,White,Male,0.0,0.0,44.0,United-States,>50K
18.0,,192409.0,12th,8.0,Never-married,Other-service,Own-child,White,Female,0.0,0.0,,United-States,<=50K
27.0,Private,110663.0,HS-grad,9.0,Married-civ-spouse,Sales,Husband,White,Male,0.0,0.0,50.0,,<=50K
39.0,State-gov,318918.0,Bachelors,13.0,Married-civ-spouse,Exec-managerial,Husband,White,Male,0.0,0.0,40.0,United-States,<=50K
35.0,Private,53553.0,,10.0,Married-civ-spouse,Sales,Husband,White,Male,7298.0,0.0,48.0,United-States,>50K
25.0,Private,141876.0,Bachelors,13.0,Never-married,Prof-specialty,Own-child,White,Male,0.0,0.0,40.0,United-States,<=50K
32.0,Local-gov,450141.0,Some-college,25.4862381985065,Divorced,Protective-serv,Not-in-family,White,Male,0.0,1408.0,40.0,United-States,>50K
20.0,Private,333838.0,Some-college,10.0,Never-married,Adm-clerical,Own-child,White,Male,0.0,0.0,35.0,United-States,<=50K
46.0,Self-emp-inc,340651.0,Bachelors,13.0,Married-civ-spouse,Other-service,Husband,,Male,0.0,1977.0,60.0,United-States,>50K
53.0,Self-emp-inc,42924.0,Doctorate,16.0,Divorced,Exec-managerial,Not-in-family,White,Male,14084.0,0.0,50.0,United-States,>50K
55.0,Self-emp-not-inc,105582.0,Masters,14.0,Married-civ-spouse,Sales,Husband,White,Male,2228.0,0.0,50.0,United-States,<=50K
41.0,Private,222142.0,Some-college,10.0,Married-civ-spouse,Craft-repair,Husband,White,Male,,0.0,40.0,United-States,<=50K
25.0,Private,390316.0,9th,5.0,Married-civ-spouse,Craft-repair,Husband,White,Male,0.0,0.0,40.0,Mexico,<=50K
50.0,Private,183173.0,HS-grad,9.0,Married-civ-spouse,Prof-specialty,Husband,White,Male,99999.0,0.0,40.0,United-States,>50K
37.0,Private,185744.0,HS-grad,9.0,Married-civ-spouse,Other-service,,White,Female,0.0,0.0,20.0,United-States,<=50K
64.0,Private,265786.0,5th-6th,3.0,Married-civ-spouse,Other-service,Husband,Black,Male,0.0,0.0,-32.632199789053374,United-States,>50K
68.0,Self-emp-not-inc,198554.0,Some-college,10.0,Divorced,Transport-moving,Not-in-family,White,Female,0.0,0.0,20.0,United-States,<=50K
42.0,Self-emp-not-inc,79531.0,Some-college,10.0,Married-civ-spouse,Exec-managerial,Husband,White,Male,0.0,0.0,55.0,United-States,>50K
18.0,Private,37315.0,Some-college,10.0,Never-married,Adm-clerical,Own-child,White,Male,0.0,0.0,50.0,United-States,<=50K
52.0,Private,94391.0,HS-grad,9.0,Married-civ-spouse,Adm-clerical,Husband,White,Male,0.0,0.0,40.0,United-States,<=50K
28.0,Private,190391.0,Bachelors,13.0,Never-married,Sales,Not-in-family,White,Male,0.0,0.0,40.0,,<=50K
63.0,State-gov,216871.0,Some-college,10.0,Married-civ-spouse,Adm-clerical,Husband,White,Male,0.0,1740.0,,United-States,<=50K
37.0,,111129.0,Some-college,10.0,Married-civ-spouse,Craft-repair,Husband,White,Male,0.0,0.0,,United-States,<=50K
32.0,Private,136331.0,Bachelors,13.0,Married-civ-spouse,Sales,Husband,White,Male,0.0,1887.0,40.0,United-States,>50K
38.0,Private,165930.0,Some-college,10.0,Married-civ-spouse,Exec-managerial,Husband,,,0.0,0.0,50.0,United-States,<=50K
29.0,Private,177955.0,9th,5.0,,Priv-house-serv,Unmarried,White,Female,0.0,0.0,24.0,El-Salvador,<=50K
24.0,Private,274424.0,HS-grad,9.0,Never-married,Tech-support,Unmarried,White,Female,1831.0,0.0,40.0,United-States,<=50K
25.0,Private,183575.0,11th,,Never-married,Craft-repair,,White,Male,0.0,0.0,40.0,United-States,<=50K
26.0,,105787.0,Bachelors,13.0,Never-married,Prof-specialty,Own-child,White,Male,0.0,0.0,40.0,United-States,<=50K
45.0,Private,270842.0,Masters,14.0,Divorced,Exec-managerial,Not-in-family,White,Female,0.0,0.0,50.0,United-States,>50K
19.0,Private,310483.0,12th,8.0,Never-married,Other-service,Own-child,White,Male,0.0,,25.0,United-States,<=50K
33.0,Federal-gov,,Some-college,10.0,Never-married,Exec-managerial,Not-in-family,Black,Female,0.0,0.0,40.0,United-States,<=50K
26.0,Private,214413.0,,7.0,Never-married,Machine-op-inspct,,White,Male,6497.0,0.0,48.0,United-States,<=50K
42.0,Private,198096.0,Some-college,,Married-civ-spouse,Other-service,Husband,White,Male,0.0,0.0,40.0,United-States,>50K
30.0,Private,95923.0,Assoc-acdm,12.0,Married-spouse-absent,Adm-clerical,Unmarried,White,Female,0.0,0.0,45.0,United-States,<=50K
46.0,Private,235334.0,Masters,14.0,Married-civ-spouse,Exec-managerial,Husband,Black,Male,99999.0,0.0,60.0,United-States,>50K
40.0,,,HS-grad,9.0,Married-civ-spouse,Sales,Husband,White,Male,0.0,0.0,60.0,United-States,<=50K
29.0,Private,254450.0,Assoc-voc,11.0,Never-married,Tech-support,Not-in-family,White,Female,0.0,0.0,40.0,United-States,<=50K
40.0,Private,144928.0,Some-college,10.0,Married-civ-spouse,Handlers-cleaners,Husband,White,Male,7298.0,0.0,40.0,United-States,>50K
53.0,State-gov,281074.0,HS-grad,9.0,Divorced,Exec-managerial,Not-in-family,White,Male,0.0,1092.0,40.0,United-States,<=50K
38.0,Federal-gov,215419.0,Masters,14.0,Never-married,Exec-managerial,Not-in-family,White,Female,0.0,0.0,55.0,Canada,<=50K
,Private,21792.0,,9.0,Widowed,Other-service,Not-in-family,White,Female,0.0,0.0,10.0,United-States,<=50K
36.0,Private,,HS-grad,9.0,Married-civ-spouse,Craft-repair,Husband,White,Male,0.0,0.0,44.0,United-States,<=50K
41.0,Private,174395.0,Masters,14.0,Married-civ-spouse,Prof-specialty,Husband,White,Male,0.0,0.0,,United-States,>50K
67.0,Local-gov,258973.0,HS-grad,,,Other-service,Not-in-family,White,Female,0.0,0.0,24.0,United-States,<=50K
20.0,State-gov,214542.0,,10.0,Never-married,Prof-specialty,Own-child,White,Male,0.0,0.0,40.0,United-States,<=50K
49.0,Private,366089.0,Bachelors,13.0,Married-civ-spouse,Exec-managerial,Husband,White,Male,0.0,0.0,50.0,United-States,>50K
33.0,Private,362747.0,Some-college,10.0,Never-married,Other-service,Not-in-family,Black,Female,0.0,0.0,35.0,United-States,<=50K
27.0,,212506.0,Some-college,10.0,Divorced,Adm-clerical,Unmarried,Black,Female,0.0,0.0,40.0,United-States,<=50K
23.0,Private,197613.0,Bachelors,13.0,Never-married,Adm-clerical,Not-in-family,White,Female,0.0,0.0,40.0,United-States,<=50K
41.0,Private,70092.0,,10.0,Divorced,Adm-clerical,Unmarried,White,Female,0.0,0.0,38.0,United-States,<=50K
35.0,Private,145704.0,HS-grad,9.0,Married-civ-spouse,Prof-specialty,Wife,White,Female,3942.0,0.0,35.0,United-States,<=50K
,Private,218785.0,HS-grad,9.0,Married-civ-spouse,Exec-managerial,Wife,White,Female,0.0,0.0,40.0,United-States,<=50K
49.0,Private,186172.0,HS-grad,9.0,Married-civ-spouse,Craft-repair,Husband,White,,7688.0,0.0,45.0,United-States,>50K
45.0,Private,166636.0,HS-grad,9.0,Divorced,Other-service,Other-relative,Black,Female,,0.0,35.0,United-States,<=50K
34.0,Private,77271.0,HS-grad,9.0,Never-married,Exec-managerial,Unmarried,White,Female,0.0,,20.0,,<=50K
38.0,Local-gov,223237.0,Masters,14.0,Married-civ-spouse,Prof-specialty,Husband,White,,0.0,0.0,40.0,United-States,>50K
25.0,Private,333677.0,9th,5.0,Married-civ-spouse,Machine-op-inspct,Husband,White,Male,0.0,,45.0,United-States,<=50K
36.0,Private,61778.0,Some-college,10.0,Married-civ-spouse,Craft-repair,Husband,White,Male,0.0,0.0,60.0,United-States,>50K
45.0,Private,170099.0,Some-college,,Divorced,Craft-repair,Not-in-family,White,Male,0.0,0.0,40.0,United-States,<=50K
45.0,Private,183168.0,Some-college,10.0,Married-civ-spouse,Tech-support,Wife,White,Female,0.0,0.0,40.0,United-States,<=50K
23.0,Private,72887.0,HS-grad,9.0,Never-married,Craft-repair,Own-child,Asian-Pac-Islander,Male,0.0,0.0,1.0,Vietnam,<=50K
27.0,Private,204373.0,Some-college,10.0,Never-married,Adm-clerical,Not-in-family,Black,Female,0.0,0.0,40.0,United-States,<=50K
31.0,Private,229636.0,1st-4th,2.0,Married-civ-spouse,Machine-op-inspct,Husband,White,Male,0.0,2042.0,40.0,Mexico,<=50K
,Private,163229.0,7th-8th,4.0,Married-civ-spouse,,Husband,White,Male,0.0,0.0,40.0,United-States,<=50K
60.0,Private,71683.0,9th,5.0,Married-civ-spouse,Machine-op-inspct,Husband,White,Male,0.0,0.0,49.0,United-States,<=50K
42.0,Local-gov,70655.0,HS-grad,9.0,Divorced,Farming-fishing,Not-in-family,,Male,0.0,0.0,112.63219978905336,United-States,>50K
23.0,Private,343019.0,10th,6.0,Never-married,,Not-in-family,White,Female,0.0,0.0,40.0,United-States,<=50K
37.0,Private,96483.0,Assoc-acdm,12.0,Married-civ-spouse,Adm-clerical,Other-relative,Asian-Pac-Islander,Female,5178.0,,38.0,United-States,>50K
45.0,State-gov,116892.0,Assoc-acdm,12.0,Divorced,Adm-clerical,Unmarried,Black,Female,0.0,0.0,40.0,United-States,<=50K
29.0,Private,125131.0,HS-grad,9.0,Married-civ-spouse,Machine-op-inspct,Wife,White,Female,0.0,0.0,40.0,United-States,>50K
33.0,Self-emp-inc,281832.0,Doctorate,16.0,Married-civ-spouse,Prof-specialty,Husband,White,Male,0.0,0.0,,Cuba,>50K
35.0,Self-emp-not-inc,368140.0,HS-grad,9.0,Married-civ-spouse,Transport-moving,Husband,White,Male,0.0,0.0,65.0,United-States,>50K
48.0,Private,70668.0,10th,6.0,Never-married,Priv-house-serv,Other-relative,White,Female,0.0,0.0,40.0,United-States,<=50K
19.0,Private,223669.0,Some-college,10.0,Never-married,Other-service,Own-child,White,Male,0.0,0.0,30.0,United-States,<=50K
37.0,Private,175185.0,11th,7.0,Never-married,Machine-op-inspct,Not-in-family,White,Male,0.0,0.0,40.0,United-States,<=50K
42.0,Private,236323.0,HS-grad,9.0,Divorced,Craft-repair,Unmarried,White,Female,0.0,0.0,40.0,United-States,<=50K
41.0,Private,219591.0,HS-grad,9.0,Never-married,Adm-clerical,Own-child,,Male,,0.0,40.0,United-States,<=50K
32.0,Private,162572.0,Masters,14.0,Married-civ-spouse,Exec-managerial,Husband,White,Male,0.0,1977.0,48.0,United-States,>50K
45.0,State-gov,112761.0,Some-college,10.0,Divorced,Adm-clerical,Not-in-family,White,Female,0.0,0.0,,United-States,<=50K
51.0,Private,,Bachelors,13.0,Divorced,Prof-specialty,Not-in-family,White,Male,0.0,0.0,45.0,United-States,<=50K
30.0,Private,356015.0,11th,7.0,Married-spouse-absent,Handlers-cleaners,Not-in-family,Amer-Indian-Eskimo,Male,0.0,0.0,40.0,Mexico,<=50K
44.0,Private,83237.0,Bachelors,13.0,Married-civ-spouse,Prof-specialty,Husband,,,0.0,0.0,55.0,United-States,>50K
61.0,Private,115023.0,Some-college,10.0,Married-civ-spouse,Adm-clerical,Husband,White,Male,0.0,0.0,40.0,United-States,>50K
28.0,Private,,Prof-school,15.0,Never-married,Prof-specialty,,White,Male,0.0,0.0,60.0,United-States,<=50K
40.0,Local-gov,321187.0,Bachelors,13.0,,,Unmarried,White,Female,0.0,0.0,45.0,United-States,<=50K
27.0,,199314.0,Bachelors,13.0,Never-married,Adm-clerical,Not-in-family,White,Male,0.0,,40.0,Poland,<=50K
23.0,Private,199915.0,Bachelors,13.0,Never-married,Adm-clerical,Own-child,White,Female,0.0,0.0,35.0,United-States,<=50K
66.0,Private,350498.0,Some-college,10.0,Married-civ-spouse,Transport-moving,Husband,White,Male,0.0,1258.0,20.0,United-States,<=50K
29.0,Private,188401.0,HS-grad,9.0,Divorced,Farming-fishing,Not-in-family,White,Male,0.0,0.0,40.0,United-States,<=50K
38.0,Private,391040.0,Assoc-voc,11.0,Separated,Tech-support,Unmarried,White,,0.0,0.0,20.0,United-States,<=50K
30.0,Private,148524.0,HS-grad,9.0,Married-civ-spouse,Transport-moving,Husband,,Male,0.0,2057.0,40.0,United-States,<=50K
38.0,State-gov,116975.0,Some-college,10.0,Married-civ-spouse,Protective-serv,Husband,White,Male,0.0,1887.0,50.0,United-States,>50K
64.0,Private,251292.0,5th-6th,3.0,Separated,Other-service,Other-relative,White,Female,0.0,0.0,20.0,Cuba,<=50K
47.0,Federal-gov,191858.0,Assoc-acdm,12.0,Married-civ-spouse,,Husband,White,Male,0.0,,40.0,United-States,>50K
29.0,Private,357781.0,7th-8th,4.0,Married-civ-spouse,Farming-fishing,Husband,White,Male,0.0,0.0,40.0,United-States,<=50K
32.0,Private,210541.0,,13.0,Divorced,Sales,Unmarried,White,Female,0.0,0.0,30.0,United-States,<=50K
21.0,Private,115420.0,HS-grad,9.0,Married-civ-spouse,Craft-repair,Husband,,Male,0.0,0.0,50.0,United-States,<=50K
38.0,Private,328301.0,Some-college,10.0,Never-married,Sales,Unmarried,White,Female,0.0,0.0,40.0,United-States,<=50K
,Private,,Some-college,10.0,Never-married,Handlers-cleaners,Own-child,Black,Male,0.0,0.0,40.0,United-States,<=50K
34.0,Private,118941.0,11th,7.0,Never-married,Other-service,Not-in-family,White,Female,0.0,0.0,40.0,Ireland,<=50K
37.0,Private,77820.0,Bachelors,13.0,Married-civ-spouse,Exec-managerial,Husband,White,Male,0.0,0.0,45.0,United-States,>50K
32.0,State-gov,169583.0,Doctorate,16.0,Never-married,Prof-specialty,Not-in-family,White,Female,0.0,0.0,,United-States,<=50K
41.0,Private,,Masters,14.0,Married-civ-spouse,Exec-managerial,Husband,White,Male,0.0,0.0,45.0,United-States,<=50K
53.0,Private,87158.0,HS-grad,9.0,Married-civ-spouse,Craft-repair,Husband,Black,Male,0.0,0.0,40.0,United-States,<=50K
62.0,Private,368476.0,5th-6th,3.0,Married-civ-spouse,Farming-fishing,Husband,White,Male,0.0,0.0,24.0,Mexico,<=50K
34.0,Private,35595.0,Assoc-voc,11.0,Married-civ-spouse,Tech-support,Husband,White,Male,0.0,0.0,40.0,United-States,<=50K
46.0,State-gov,20534.0,,13.0,Never-married,Exec-managerial,,White,Male,0.0,0.0,45.0,United-States,<=50K
28.0,Local-gov,104329.0,Some-college,10.0,Married-civ-spouse,Protective-serv,Husband,White,Male,0.0,0.0,50.0,United-States,<=50K
51.0,Private,334679.0,Assoc-voc,11.0,Widowed,Prof-specialty,Unmarried,Asian-Pac-Islander,Female,0.0,0.0,40.0,United-States,<=50K
23.0,Private,273049.0,7th-8th,4.0,Married-civ-spouse,Farming-fishing,Husband,White,Male,0.0,0.0,20.0,United-States,<=50K
39.0,Private,,HS-grad,9.0,Married-civ-spouse,Exec-managerial,Husband,White,Male,0.0,0.0,80.0,United-States,>50K
57.0,Self-emp-not-inc,115422.0,,9.0,Married-civ-spouse,Craft-repair,Husband,White,Male,3137.0,0.0,40.0,United-States,<=50K
28.0,Private,120471.0,HS-grad,9.0,Never-married,Transport-moving,,Other,Male,,0.0,-32.632199789053374,United-States,>50K
61.0,Self-emp-not-inc,151369.0,Masters,14.0,,Prof-specialty,Husband,White,Male,99999.0,0.0,30.0,United-States,>50K
31.0,Private,134613.0,Assoc-voc,11.0,Married-civ-spouse,Exec-managerial,Wife,Black,Female,0.0,0.0,43.0,United-States,<=50K
22.0,Private,290504.0,HS-grad,9.0,Never-married,Other-service,Other-relative,White,Male,0.0,0.0,40.0,United-States,<=50K
34.0,Private,321787.0,Some-college,10.0,Never-married,Adm-clerical,Own-child,White,Male,0.0,0.0,40.0,United-States,<=50K
40.0,Private,,Masters,14.0,Divorced,Exec-managerial,Unmarried,White,Female,,0.0,38.0,United-States,<=50K
20.0,Self-emp-inc,,Some-college,10.0,Never-married,Craft-repair,Own-child,White,,0.0,0.0,20.0,United-States,<=50K
21.0,Private,197200.0,Some-college,10.0,Never-married,Machine-op-inspct,Own-child,White,Male,0.0,0.0,40.0,United-States,<=50K
32.0,Private,,,13.0,Never-married,Adm-clerical,Not-in-family,White,Female,0.0,0.0,40.0,United-States,<=50K
58.0,Self-emp-inc,104333.0,HS-grad,9.0,Divorced,Sales,Not-in-family,White,Male,0.0,,50.0,United-States,<=50K
30.0,Private,125762.0,Some-college,10.0,Married-civ-spouse,Adm-clerical,Husband,White,Male,0.0,0.0,30.0,United-States,<=50K
74.0,Private,154347.0,HS-grad,9.0,Never-married,Transport-moving,Not-in-family,White,Male,0.0,0.0,10.0,United-States,<=50K
46.0,Self-emp-not-inc,102869.0,HS-grad,9.0,Married-civ-spouse,Sales,Husband,White,Male,0.0,0.0,40.0,United-States,>50K
27.0,,99897.0,Some-college,10.0,Married-civ-spouse,Craft-repair,Husband,White,Male,0.0,0.0,50.0,United-States,<=50K
37.0,Private,125550.0,HS-grad,9.0,,Tech-support,Not-in-family,White,Female,14084.0,0.0,35.0,United-States,>50K
54.0,Self-emp-not-inc,32778.0,HS-grad,9.0,Married-civ-spouse,Sales,Wife,White,Female,0.0,0.0,30.0,United-States,<=50K
29.0,Private,229729.0,HS-grad,9.0,Never-married,Transport-moving,Not-in-family,White,Male,0.0,0.0,40.0,United-States,<=50K
25.0,Private,164229.0,HS-grad,9.0,Divorced,,,White,Male,2597.0,0.0,40.0,United-States,<=50K
26.0,Self-emp-not-inc,67240.0,HS-grad,24.4862381985065,Never-married,Handlers-cleaners,Not-in-family,White,Male,0.0,0.0,35.0,United-States,>50K
20.0,State-gov,39478.0,Some-college,10.0,Never-married,Exec-managerial,Own-child,,Male,0.0,0.0,54.0,United-States,<=50K
38.0,Private,102478.0,HS-grad,9.0,Never-married,Exec-managerial,Not-in-family,White,Female,0.0,0.0,40.0,United-States,<=50K
,Private,265954.0,HS-grad,9.0,,Other-service,Not-in-family,Black,Male,0.0,0.0,40.0,United-States,<=50K
29.0,,499197.0,Some-college,10.0,Married-civ-spouse,Prof-specialty,Husband,White,Male,0.0,0.0,40.0,United-States,<=50K
63.0,,208862.0,HS-grad,9.0,Never-married,Craft-repair,Not-in-family,White,Male,0.0,0.0,,United-States,<=50K
57.0,Private,137031.0,Some-college,10.0,Married-civ-spouse,Transport-moving,Husband,White,Male,0.0,0.0,50.0,United-States,<=50K
60.0,,227332.0,Assoc-voc,11.0,Widowed,Adm-clerical,,White,Male,0.0,0.0,40.0,United-States,<=50K
44.0,Self-emp-not-inc,402397.0,Masters,14.0,,Exec-managerial,Wife,White,Female,0.0,1902.0,60.0,United-States,>50K
41.0,Private,222504.0,Prof-school,15.0,Divorced,Prof-specialty,Unmarried,White,Female,,0.0,38.0,United-States,<=50K
53.0,Private,96827.0,Bachelors,13.0,Never-married,Other-service,Not-in-family,White,Male,0.0,0.0,40.0,Canada,<=50K
22.0,Private,155913.0,HS-grad,9.0,Never-married,Other-service,Own-child,White,Male,0.0,0.0,,United-States,<=50K
31.0,Private,142921.0,Bachelors,28.4862381985065,Never-married,Tech-support,Not-in-family,White,Female,0.0,0.0,40.0,United-States,>50K
33.0,Private,314068.0,Assoc-voc,11.0,Divorced,,Unmarried,White,Female,0.0,,40.0,United-States,<=50K
45.0,Private,35136.0,Bachelors,13.0,Married-civ-spouse,Tech-support,,Black,Male,0.0,,40.0,United-States,>50K
,Private,198692.0,,10.0,Married-civ-spouse,Adm-clerical,Husband,White,Male,5178.0,0.0,60.0,United-States,>50K
27.0,Private,96219.0,Bachelors,13.0,Never-married,Adm-clerical,Not-in-family,White,Female,0.0,0.0,45.0,,<=50K
52.0,Private,150930.0,Assoc-voc,11.0,Married-civ-spouse,Craft-repair,Husband,White,Male,0.0,0.0,40.0,United-States,<=50K
45.0,Private,26781.0,HS-grad,9.0,Married-civ-spouse,Prof-specialty,Husband,Amer-Indian-Eskimo,Male,0.0,0.0,8.0,United-States,<=50K
31.0,Private,246439.0,Assoc-acdm,12.0,Never-married,Tech-support,Own-child,White,Male,0.0,0.0,45.0,,<=50K
,Private,403489.0,11th,7.0,Divorced,Transport-moving,Own-child,White,Male,0.0,0.0,40.0,,<=50K
44.0,Private,212894.0,Prof-school,15.0,Divorced,Prof-specialty,Not-in-family,White,Male,0.0,0.0,55.0,United-States,>50K
34.0,Private,173730.0,Bachelors,13.0,Married-civ-spouse,Exec-managerial,Husband,White,Male,0.0,0.0,50.0,United-States,>50K
28.0,,201175.0,11th,7.0,Never-married,Machine-op-inspct,Not-in-family,Black,Male,0.0,0.0,40.0,United-States,<=50K
65.0,Self-emp-not-inc,111916.0,Prof-school,15.0,Married-civ-spouse,Exec-managerial,Husband,White,Male,0.0,0.0,10.0,United-States,>50K
22.0,Private,380899.0,Some-college,10.0,,Craft-repair,Own-child,White,Male,0.0,0.0,40.0,,<=50K
,Local-gov,80282.0,Bachelors,13.0,Married-civ-spouse,Prof-specialty,Husband,White,Male,3137.0,0.0,40.0,United-States,<=50K
19.0,Private,246652.0,Some-college,10.0,Never-married,Sales,Own-child,White,Female,0.0,0.0,40.0,United-States,<=50K
27.0,Private,151382.0,7th-8th,,Divorced,Machine-op-inspct,Unmarried,White,Male,0.0,974.0,40.0,United-States,<=50K
70.0,Self-emp-inc,207938.0,Bachelors,13.0,Married-civ-spouse,Exec-managerial,Husband,White,Male,0.0,2377.0,50.0,United-States,>50K
40.0,State-gov,175304.0,Some-college,10.0,Divorced,Sales,Not-in-family,White,Female,,0.0,40.0,United-States,<=50K
,,160035.0,HS-grad,9.0,Married-civ-spouse,Craft-repair,Husband,White,Male,0.0,0.0,55.0,United-States,<=50K
29.0,Private,111900.0,Some-college,10.0,Married-civ-spouse,Farming-fishing,Husband,White,Male,0.0,0.0,40.0,United-States,<=50K
23.0,Private,190483.0,Bachelors,13.0,Never-married,Sales,Own-child,White,Female,0.0,0.0,20.0,United-States,<=50K
25.0,Local-gov,124483.0,Bachelors,13.0,Never-married,Adm-clerical,Not-in-family,Asian-Pac-Islander,Male,0.0,0.0,20.0,India,<=50K
59.0,Private,188872.0,HS-grad,9.0,Married-civ-spouse,Tech-support,Husband,White,Male,0.0,0.0,40.0,United-States,>50K
36.0,Local-gov,382635.0,Bachelors,13.0,Divorced,Adm-clerical,Unmarried,White,Female,0.0,0.0,35.0,Honduras,<=50K
,Private,96062.0,Some-college,10.0,Married-civ-spouse,Exec-managerial,,White,Male,0.0,1740.0,40.0,United-States,<=50K
50.0,Federal-gov,,Masters,14.0,Never-married,,Not-in-family,White,Female,0.0,0.0,50.0,United-States,<=50K
20.0,Private,190772.0,Assoc-acdm,12.0,Never-married,,Not-in-family,White,Female,0.0,,40.0,United-States,<=50K
83.0,Self-emp-inc,240150.0,10th,6.0,Married-civ-spouse,Farming-fishing,Husband,White,Male,,0.0,50.0,United-States,>50K
32.0,Self-emp-not-inc,443546.0,HS-grad,9.0,Never-married,Craft-repair,Not-in-family,White,Male,0.0,0.0,40.0,United-States,<=50K
,Self-emp-not-inc,156897.0,Prof-school,15.0,Never-married,Prof-specialty,Own-child,White,Male,0.0,1564.0,55.0,United-States,>50K
21.0,Private,-523723.9330611756,Some-college,,Never-married,,Own-child,White,Male,0.0,0.0,40.0,United-States,>50K
38.0,Private,423616.0,Assoc-voc,11.0,Married-civ-spouse,Tech-support,Wife,White,Female,0.0,0.0,36.0,United-States,>50K
58.0,Local-gov,294313.0,Some-college,10.0,Married-civ-spouse,Adm-clerical,Wife,Black,Female,0.0,0.0,55.0,United-States,<=50K
19.0,Private,163015.0,Some-college,10.0,Never-married,Machine-op-inspct,Own-child,White,Female,0.0,0.0,20.0,United-States,<=50K
50.0,Private,200325.0,Some-college,10.0,Divorced,,Not-in-family,White,Female,0.0,0.0,40.0,United-States,<=50K
41.0,Federal-gov,185616.0,HS-grad,,Never-married,Adm-clerical,Not-in-family,White,Female,0.0,1980.0,40.0,United-States,<=50K
127.7819770088162,Private,110015.0,Assoc-voc,11.0,Married-civ-spouse,Craft-repair,Husband,White,Male,0.0,0.0,45.0,Greece,>50K
34.0,Private,27494.0,HS-grad,9.0,Divorced,Craft-repair,Not-in-family,Amer-Indian-Eskimo,Male,,0.0,48.0,United-States,>50K
39.0,Private,150125.0,Assoc-acdm,12.0,Divorced,Other-service,Unmarried,Black,Female,0.0,0.0,40.0,United-States,<=50K
26.0,Private,,Some-college,10.0,Never-married,Adm-clerical,Not-in-family,White,Male,0.0,,30.0,United-States,<=50K
50.0,Self-emp-not-inc,203098.0,Bachelors,13.0,Married-civ-spouse,Exec-managerial,Husband,White,Male,0.0,0.0,35.0,United-States,<=50K
40.0,Private,153799.0,1st-4th,2.0,Married-spouse-absent,Machine-op-inspct,Unmarried,White,Female,0.0,0.0,40.0,Dominican-Republic,<=50K
44.0,Local-gov,124692.0,Masters,14.0,Married-civ-spouse,Prof-specialty,Husband,White,Male,0.0,0.0,35.0,United-States,>50K
23.0,Private,42251.0,Bachelors,13.0,Never-married,Prof-specialty,Not-in-family,White,Female,0.0,0.0,40.0,United-States,<=50K
57.0,Self-emp-inc,249072.0,Some-college,10.0,Married-civ-spouse,Exec-managerial,Husband,White,Male,52109.79633738903,0.0,60.0,United-States,<=50K
56.0,Self-emp-inc,205601.0,Doctorate,,Married-civ-spouse,Prof-specialty,Husband,White,Male,99999.0,0.0,70.0,United-States,>50K
17.0,Private,147497.0,5th-6th,3.0,Never-married,Sales,Own-child,White,Female,0.0,0.0,20.0,,<=50K
19.0,Private,,Some-college,10.0,Never-married,Sales,Own-child,White,Female,,0.0,,United-States,<=50K
36.0,Private,423711.0,HS-grad,9.0,Married-civ-spouse,Machine-op-inspct,Husband,White,Male,0.0,0.0,45.0,United-States,<=50K
33.0,Private,181824.0,HS-grad,9.0,Married-civ-spouse,Sales,Wife,White,Female,0.0,0.0,20.0,,<=50K
32.0,Private,116539.0,Some-college,10.0,Married-civ-spouse,Craft-repair,Husband,White,Male,0.0,0.0,40.0,United-States,>50K
27.0,Self-emp-inc,233724.0,HS-grad,9.0,Separated,,Not-in-family,White,Male,0.0,0.0,38.0,United-States,<=50K
38.0,Private,212143.0,Some-college,10.0,Married-civ-spouse,Exec-managerial,Wife,White,Female,0.0,0.0,35.0,United-States,>50K
23.0,Private,32950.0,Some-college,10.0,Never-married,Transport-moving,Not-in-family,White,Male,4101.0,0.0,40.0,United-States,<=50K
,Private,430283.0,HS-grad,9.0,Married-civ-spouse,Adm-clerical,Wife,White,Female,,0.0,40.0,United-States,>50K
34.0,Private,181311.0,11th,7.0,Married-civ-spouse,Machine-op-inspct,Husband,,Male,0.0,0.0,40.0,United-States,<=50K
44.0,Private,173382.0,Assoc-acdm,12.0,Divorced,Tech-support,Unmarried,White,Female,0.0,0.0,40.0,United-States,<=50K
73.0,Private,26248.0,7th-8th,4.0,Married-civ-spouse,Sales,Husband,White,Male,-47889.20366261097,0.0,30.0,United-States,<=50K
35.0,Private,240458.0,11th,7.0,Divorced,Craft-repair,Not-in-family,Black,Male,0.0,,40.0,United-States,<=50K
61.0,Self-emp-not-inc,227119.0,HS-grad,9.0,Married-civ-spouse,Exec-managerial,Husband,White,Male,0.0,0.0,40.0,,>50K
25.0,Private,54298.0,HS-grad,9.0,Married-civ-spouse,Sales,Husband,White,Male,0.0,0.0,30.0,United-States,<=50K
52.0,Private,87858.0,HS-grad,9.0,Married-civ-spouse,Handlers-cleaners,Husband,Black,Male,0.0,0.0,40.0,United-States,>50K
46.0,Federal-gov,330901.0,Some-college,10.0,Married-civ-spouse,Exec-managerial,,Black,Male,0.0,0.0,40.0,United-States,<=50K
27.0,Private,89598.0,Some-college,10.0,Never-married,Adm-clerical,Unmarried,White,Female,0.0,0.0,60.0,United-States,<=50K
,Private,265072.0,Bachelors,13.0,Never-married,Prof-specialty,Not-in-family,Asian-Pac-Islander,Male,0.0,2258.0,50.0,United-States,>50K
36.0,State-gov,235779.0,Bachelors,,Never-married,Exec-managerial,Not-in-family,White,Female,0.0,0.0,40.0,United-States,<=50K
38.0,Private,183800.0,Assoc-acdm,12.0,Married-civ-spouse,Adm-clerical,Husband,White,Male,0.0,0.0,40.0,United-States,<=50K
24.0,Private,236769.0,Assoc-acdm,12.0,Never-married,Exec-managerial,,White,Male,0.0,0.0,40.0,United-States,<=50K
21.0,Private,161902.0,11th,7.0,Married-civ-spouse,Handlers-cleaners,Husband,White,Male,0.0,0.0,40.0,United-States,<=50K
,Private,338620.0,Masters,14.0,Married-civ-spouse,Exec-managerial,Husband,White,Male,15024.0,0.0,60.0,United-States,>50K
23.0,Private,147253.0,Assoc-acdm,12.0,Never-married,Sales,Not-in-family,White,Male,0.0,0.0,-32.632199789053374,United-States,>50K
53.0,Self-emp-inc,69372.0,Doctorate,16.0,Married-civ-spouse,Sales,Husband,Asian-Pac-Islander,Male,0.0,0.0,40.0,India,>50K
44.0,Local-gov,54651.0,Masters,14.0,Married-civ-spouse,Prof-specialty,Husband,White,Male,0.0,0.0,40.0,United-States,>50K
28.0,Private,376302.0,HS-grad,9.0,Never-married,Sales,Not-in-family,White,Female,0.0,0.0,45.0,United-States,<=50K
40.0,Private,176063.0,Bachelors,13.0,Married-civ-spouse,Exec-managerial,Husband,White,Male,0.0,1977.0,60.0,United-States,>50K
39.0,Private,214896.0,HS-grad,9.0,Separated,Other-service,Not-in-family,White,Female,0.0,0.0,40.0,El-Salvador,<=50K
43.0,Private,247880.0,,9.0,Never-married,Craft-repair,Not-in-family,White,Male,0.0,0.0,40.0,United-States,<=50K
34.0,Private,300681.0,Some-college,10.0,Married-civ-spouse,Prof-specialty,Husband,,Male,0.0,2389.4466063488135,40.0,Jamaica,<=50K
26.0,Private,96645.0,Doctorate,16.0,Never-married,Craft-repair,Other-relative,Black,Male,0.0,0.0,20.0,United-States,<=50K
26.0,Private,140434.0,Some-college,10.0,Divorced,Sales,Not-in-family,White,Male,0.0,0.0,45.0,United-States,<=50K
58.0,Private,142724.0,,9.0,Never-married,Exec-managerial,Not-in-family,White,Female,0.0,0.0,43.0,United-States,<=50K
37.0,Private,173968.0,HS-grad,24.4862381985065,Married-civ-spouse,Transport-moving,Husband,White,Male,0.0,0.0,40.0,United-States,>50K
22.0,State-gov,214731.0,Some-college,10.0,Never-married,Adm-clerical,Not-in-family,White,Female,0.0,0.0,15.0,United-States,<=50K
48.0,Private,202467.0,Bachelors,13.0,Married-civ-spouse,Prof-specialty,Husband,White,Male,0.0,1485.0,40.0,United-States,>50K
39.0,,170174.0,HS-grad,9.0,Married-civ-spouse,Exec-managerial,,White,Male,0.0,0.0,60.0,United-States,>50K
25.0,Private,98155.0,Some-college,10.0,Never-married,Prof-specialty,Own-child,White,Male,0.0,0.0,40.0,United-States,<=50K
45.0,Private,117849.0,11th,,Married-civ-spouse,,Other-relative,White,Male,0.0,0.0,40.0,United-States,<=50K
31.0,,369027.0,HS-grad,9.0,Married-civ-spouse,Transport-moving,Husband,Black,Male,0.0,0.0,37.0,United-States,<=50K
21.0,Private,202214.0,HS-grad,9.0,Never-married,Machine-op-inspct,Not-in-family,White,Female,0.0,0.0,40.0,United-States,<=50K
56.0,Private,,,9.0,Never-married,Other-service,Not-in-family,Black,Female,0.0,0.0,40.0,United-States,<=50K
55.0,Private,199067.0,HS-grad,9.0,Married-civ-spouse,Craft-repair,Husband,White,Male,0.0,,40.0,United-States,>50K
38.0,Private,234962.0,HS-grad,9.0,Married-civ-spouse,Handlers-cleaners,Husband,White,Male,2829.0,0.0,30.0,Mexico,<=50K
39.0,Private,183892.0,HS-grad,9.0,Married-civ-spouse,Machine-op-inspct,,White,Male,0.0,0.0,40.0,United-States,<=50K
18.0,Private,122775.0,HS-grad,9.0,Never-married,Other-service,Own-child,White,Male,0.0,0.0,35.0,United-States,<=50K
28.0,Private,208725.0,Prof-school,15.0,Married-civ-spouse,Prof-specialty,Husband,White,Male,0.0,0.0,,United-States,>50K
28.0,Private,77009.0,Some-college,10.0,Never-married,Sales,Other-relative,White,Female,0.0,0.0,40.0,United-States,<=50K
31.0,Private,149507.0,Assoc-voc,11.0,Married-civ-spouse,Craft-repair,Husband,White,Male,3464.0,0.0,38.0,United-States,<=50K
62.0,Private,,Assoc-voc,11.0,Divorced,Sales,Not-in-family,White,Female,0.0,0.0,40.0,United-States,<=50K
55.0,Private,451603.0,,10.0,Divorced,Craft-repair,Not-in-family,White,Male,0.0,0.0,40.0,United-States,<=50K
23.0,Private,386705.0,Some-college,10.0,Never-married,Adm-clerical,Own-child,White,Male,0.0,0.0,24.0,United-States,<=50K
22.0,Private,81145.0,HS-grad,9.0,Never-married,Other-service,Not-in-family,White,Female,0.0,0.0,25.0,United-States,<=50K
35.0,Self-emp-inc,196373.0,Bachelors,13.0,Married-civ-spouse,Exec-managerial,,White,Male,0.0,0.0,45.0,United-States,>50K
47.0,Self-emp-inc,147869.0,HS-grad,9.0,Married-civ-spouse,Sales,Husband,White,Male,0.0,0.0,50.0,United-States,<=50K
49.0,Self-emp-not-inc,113513.0,Bachelors,13.0,Married-civ-spouse,Farming-fishing,Husband,White,Male,0.0,0.0,50.0,United-States,<=50K
43.0,Local-gov,106982.0,Bachelors,13.0,Separated,Prof-specialty,Unmarried,White,Female,0.0,0.0,40.0,United-States,<=50K
42.0,Private,106679.0,HS-grad,9.0,Married-civ-spouse,Craft-repair,,White,Male,0.0,0.0,50.0,United-States,>50K
28.0,Private,55360.0,HS-grad,9.0,Never-married,Sales,Other-relative,Black,Male,0.0,0.0,40.0,United-States,<=50K
39.0,,305597.0,Assoc-voc,11.0,Married-civ-spouse,Craft-repair,Husband,White,Male,0.0,0.0,40.0,United-States,<=50K
40.0,Private,200766.0,HS-grad,9.0,,Machine-op-inspct,Not-in-family,Black,Male,,0.0,40.0,United-States,>50K
22.0,Private,216134.0,Some-college,10.0,Never-married,Sales,Own-child,Black,Female,0.0,0.0,,United-States,<=50K
19.0,Private,58471.0,HS-grad,9.0,Never-married,Craft-repair,Own-child,White,Female,0.0,0.0,40.0,United-States,<=50K
51.0,Private,392668.0,Doctorate,16.0,Married-civ-spouse,Exec-managerial,Husband,White,Male,15024.0,,84.0,United-States,>50K
59.0,Private,113959.0,HS-grad,9.0,,Adm-clerical,,White,Male,0.0,0.0,45.0,United-States,>50K
57.0,Private,29375.0,HS-grad,9.0,Separated,Sales,Not-in-family,Amer-Indian-Eskimo,Female,0.0,0.0,35.0,United-States,<=50K
41.0,Federal-gov,260761.0,Some-college,10.0,Married-civ-spouse,Exec-managerial,Husband,White,Male,0.0,0.0,40.0,United-States,<=50K
53.0,Federal-gov,266598.0,HS-grad,9.0,Married-civ-spouse,Prof-specialty,Husband,White,Male,0.0,0.0,40.0,United-States,>50K
32.0,Private,34066.0,10th,6.0,Married-civ-spouse,Handlers-cleaners,Husband,Amer-Indian-Eskimo,Male,0.0,0.0,40.0,United-States,<=50K
41.0,,112763.0,Masters,,Divorced,Prof-specialty,Unmarried,White,Female,7430.0,0.0,36.0,United-States,>50K
39.0,Self-emp-not-inc,,Some-college,10.0,Separated,Craft-repair,Not-in-family,White,Male,0.0,,60.0,United-States,>50K
47.0,Private,98524.0,5th-6th,3.0,Married-civ-spouse,Machine-op-inspct,Husband,White,Male,0.0,0.0,40.0,United-States,<=50K
47.0,,418961.0,Assoc-voc,11.0,Divorced,Sales,Unmarried,Black,,0.0,0.0,25.0,United-States,<=50K
53.0,Private,231472.0,Masters,14.0,Married-civ-spouse,Exec-managerial,Husband,White,Male,15024.0,0.0,50.0,United-States,>50K
72.0,Private,75594.0,Some-college,10.0,Married-civ-spouse,Craft-repair,Husband,White,Male,2653.0,0.0,40.0,United-States,<=50K
41.0,Private,140886.0,,9.0,Married-civ-spouse,Farming-fishing,Husband,White,Male,0.0,0.0,40.0,United-States,<=50K
56.0,Private,104842.0,Bachelors,13.0,Divorced,Prof-specialty,Unmarried,Black,Female,0.0,0.0,50.0,Haiti,<=50K
22.0,Private,221533.0,HS-grad,9.0,Never-married,Other-service,Not-in-family,White,Male,0.0,0.0,,United-States,<=50K
27.0,Private,96226.0,HS-grad,9.0,Married-civ-spouse,,Husband,White,Male,,0.0,70.0,United-States,<=50K
39.0,Private,,5th-6th,3.0,Married-civ-spouse,Other-service,Husband,Asian-Pac-Islander,Male,0.0,0.0,40.0,Philippines,<=50K
43.0,Local-gov,36924.0,Masters,,Married-civ-spouse,Prof-specialty,Husband,White,Male,0.0,0.0,40.0,United-States,>50K
41.0,Private,166662.0,Prof-school,15.0,Married-civ-spouse,Exec-managerial,Husband,White,Male,0.0,0.0,50.0,United-States,>50K
23.0,Private,335570.0,Some-college,10.0,Never-married,Handlers-cleaners,Own-child,White,,,0.0,,United-States,<=50K
37.0,Private,147638.0,Bachelors,13.0,Separated,Other-service,Unmarried,Asian-Pac-Islander,,0.0,0.0,36.0,Philippines,<=50K
34.0,Private,209317.0,,9.0,Married-civ-spouse,Transport-moving,Husband,White,Male,0.0,0.0,40.0,Puerto-Rico,<=50K
30.0,Private,100734.0,,13.0,Married-civ-spouse,Exec-managerial,Other-relative,White,Female,0.0,0.0,40.0,Greece,>50K
56.0,,159544.0,Masters,14.0,Married-civ-spouse,Prof-specialty,Husband,White,Male,0.0,0.0,60.0,United-States,<=50K
34.0,Private,198265.0,Some-college,10.0,Married-civ-spouse,Tech-support,Husband,White,Male,3103.0,0.0,40.0,United-States,>50K
33.0,Private,159247.0,Bachelors,13.0,Married-civ-spouse,Prof-specialty,Husband,White,Male,0.0,,40.0,United-States,>50K
43.0,Private,233130.0,HS-grad,9.0,Divorced,Sales,,White,Male,0.0,,20.0,United-States,<=50K
25.0,Self-emp-not-inc,182809.0,HS-grad,9.0,Married-civ-spouse,Craft-repair,Husband,White,Male,7298.0,0.0,40.0,United-States,>50K
49.0,Local-gov,123088.0,,10.0,Married-civ-spouse,Exec-managerial,Husband,White,Male,0.0,0.0,46.0,United-States,<=50K
55.0,Federal-gov,,Bachelors,13.0,Married-spouse-absent,,Not-in-family,Black,Male,0.0,0.0,40.0,United-States,>50K
40.0,Private,89226.0,Bachelors,13.0,Married-civ-spouse,Sales,Husband,White,Male,0.0,0.0,40.0,United-States,>50K
38.0,Private,199256.0,HS-grad,9.0,Divorced,Adm-clerical,Unmarried,White,Female,0.0,0.0,40.0,United-States,<=50K
46.0,Self-emp-inc,235320.0,Masters,14.0,Divorced,Sales,Not-in-family,White,Male,0.0,0.0,60.0,United-States,>50K
21.0,Private,240063.0,HS-grad,9.0,Never-married,Transport-moving,Own-child,White,Male,0.0,0.0,48.0,United-States,<=50K
57.0,Private,104724.0,HS-grad,9.0,Married-civ-spouse,Transport-moving,Husband,White,Male,0.0,0.0,40.0,United-States,>50K
46.0,Private,324601.0,1st-4th,2.0,Separated,,Own-child,White,Female,0.0,0.0,40.0,Guatemala,<=50K
48.0,State-gov,106377.0,Doctorate,16.0,Married-civ-spouse,Prof-specialty,Husband,White,Male,0.0,0.0,65.0,United-States,>50K
50.0,Private,378581.0,12th,8.0,Never-married,Protective-serv,Other-relative,Black,Male,0.0,0.0,40.0,United-States,<=50K
23.0,Private,130905.0,Bachelors,,Never-married,Sales,Own-child,White,Female,0.0,0.0,40.0,United-States,<=50K
38.0,Private,127961.0,Bachelors,13.0,Married-civ-spouse,Prof-specialty,Husband,White,Male,7688.0,0.0,40.0,United-States,>50K
21.0,Private,200121.0,HS-grad,9.0,Never-married,Handlers-cleaners,Own-child,White,Male,0.0,0.0,40.0,United-States,<=50K
49.0,Private,157991.0,Some-college,,Divorced,Adm-clerical,Unmarried,Black,Female,0.0,0.0,40.0,United-States,<=50K
30.0,Private,197558.0,,9.0,Married-civ-spouse,Handlers-cleaners,Husband,White,Male,0.0,0.0,40.0,United-States,<=50K
44.0,Private,,HS-grad,9.0,Never-married,Adm-clerical,Other-relative,White,Female,-47889.20366261097,0.0,,United-States,>50K
38.0,Private,304651.0,HS-grad,9.0,Divorced,Transport-moving,Not-in-family,White,Male,0.0,0.0,60.0,United-States,<=50K
48.0,Private,189462.0,Some-college,10.0,Divorced,Handlers-cleaners,Own-child,White,Male,2176.0,0.0,40.0,United-States,<=50K
27.0,Private,169117.0,HS-grad,9.0,Married-civ-spouse,Adm-clerical,Wife,Black,Female,0.0,1887.0,40.0,United-States,>50K
30.0,Private,117028.0,HS-grad,9.0,Never-married,Exec-managerial,Not-in-family,White,Male,0.0,0.0,50.0,United-States,<=50K
44.0,Private,19914.0,HS-grad,9.0,Married-civ-spouse,Other-service,Wife,Asian-Pac-Islander,Female,0.0,0.0,50.0,Philippines,<=50K
21.0,,305781.0,HS-grad,9.0,Never-married,Handlers-cleaners,,White,,0.0,0.0,45.0,United-States,<=50K
35.0,Private,105821.0,Assoc-voc,11.0,Married-civ-spouse,Adm-clerical,Husband,White,Male,0.0,0.0,36.0,United-States,<=50K
30.0,Private,243190.0,Prof-school,15.0,Married-civ-spouse,Prof-specialty,Husband,Asian-Pac-Islander,Male,0.0,0.0,20.0,India,>50K
28.0,Private,103548.0,Bachelors,13.0,Married-civ-spouse,Prof-specialty,Husband,White,Male,0.0,0.0,40.0,United-States,<=50K
47.0,Federal-gov,27067.0,HS-grad,9.0,Divorced,Adm-clerical,Not-in-family,White,Female,0.0,0.0,40.0,United-States,<=50K
51.0,Private,163027.0,HS-grad,9.0,Divorced,Handlers-cleaners,Unmarried,White,Female,0.0,0.0,20.0,United-States,<=50K
41.0,Private,154714.0,Assoc-voc,11.0,Married-civ-spouse,Craft-repair,Husband,White,Male,0.0,0.0,40.0,United-States,>50K
49.0,Private,314773.0,Assoc-voc,11.0,Married-civ-spouse,Prof-specialty,Husband,White,Male,0.0,0.0,40.0,,<=50K
27.0,Private,,HS-grad,9.0,Married-civ-spouse,Adm-clerical,Husband,White,Male,3464.0,0.0,45.0,United-States,<=50K
65.0,Self-emp-inc,226215.0,Bachelors,13.0,Never-married,Exec-managerial,Not-in-family,White,Male,0.0,0.0,40.0,United-States,<=50K
44.0,Private,198270.0,Assoc-acdm,12.0,Divorced,Prof-specialty,Not-in-family,White,Female,0.0,0.0,43.0,United-States,<=50K
55.0,Self-emp-not-inc,168625.0,Some-college,10.0,,Tech-support,Not-in-family,White,Female,0.0,0.0,12.0,United-States,>50K
44.0,Private,242619.0,Some-college,10.0,Married-civ-spouse,Machine-op-inspct,Husband,White,Male,0.0,0.0,40.0,United-States,<=50K
23.0,Private,222835.0,Bachelors,,Never-married,Other-service,Own-child,White,Female,0.0,0.0,30.0,United-States,<=50K
40.0,Private,187702.0,Some-college,10.0,Never-married,Exec-managerial,,White,,0.0,0.0,50.0,,>50K
58.0,Self-emp-inc,190763.0,Bachelors,13.0,Married-civ-spouse,Prof-specialty,Husband,White,Male,0.0,0.0,40.0,United-States,>50K
42.0,Self-emp-not-inc,436107.0,Assoc-acdm,12.0,Married-civ-spouse,Transport-moving,Husband,White,Male,0.0,0.0,50.0,United-States,<=50K
61.0,Private,176689.0,,9.0,Married-civ-spouse,Transport-moving,,White,Male,0.0,0.0,40.0,United-States,<=50K
38.0,Private,199816.0,HS-grad,9.0,Divorced,Machine-op-inspct,Own-child,White,,0.0,0.0,40.0,United-States,<=50K
35.0,Private,189092.0,Bachelors,13.0,Married-civ-spouse,,Husband,White,Male,0.0,0.0,40.0,United-States,>50K
22.0,Private,192017.0,HS-grad,9.0,,Adm-clerical,Own-child,White,Male,0.0,0.0,40.0,United-States,<=50K
42.0,Private,191429.0,,9.0,Married-civ-spouse,Sales,Husband,White,Male,15024.0,0.0,60.0,United-States,>50K
23.0,Private,238092.0,Bachelors,13.0,Never-married,Prof-specialty,Own-child,White,Male,0.0,0.0,40.0,United-States,<=50K
32.0,Private,180603.0,Bachelors,13.0,Married-civ-spouse,Sales,Husband,White,Male,0.0,0.0,40.0,United-States,>50K
27.0,Private,192698.0,Some-college,10.0,Never-married,Adm-clerical,Not-in-family,White,Female,0.0,,40.0,United-States,<=50K
31.0,Private,279015.0,Masters,14.0,,Exec-managerial,Husband,,Male,0.0,2415.0,70.0,Taiwan,>50K
17.0,Private,,11th,7.0,Never-married,Other-service,,Black,Male,0.0,0.0,20.0,United-States,<=50K
47.0,Private,192053.0,HS-grad,9.0,Divorced,Transport-moving,Not-in-family,White,Male,0.0,1590.0,40.0,United-States,<=50K
43.0,Private,162003.0,Some-college,10.0,Divorced,Machine-op-inspct,Not-in-family,White,Male,0.0,0.0,40.0,United-States,<=50K
47.0,Local-gov,40690.0,Some-college,10.0,Divorced,Craft-repair,Not-in-family,White,Male,0.0,0.0,40.0,United-States,<=50K
51.0,Self-emp-not-inc,43878.0,Doctorate,16.0,Divorced,Sales,Not-in-family,White,Male,0.0,0.0,50.0,United-States,>50K
32.0,Private,287229.0,HS-grad,9.0,Never-married,Adm-clerical,Not-in-family,White,Female,0.0,0.0,,United-States,<=50K
27.0,State-gov,208406.0,Bachelors,13.0,Never-married,Prof-specialty,Not-in-family,White,Male,0.0,0.0,30.0,United-States,<=50K
44.0,Private,,HS-grad,,Divorced,Craft-repair,Unmarried,White,Male,0.0,0.0,40.0,United-States,<=50K
20.0,Private,190429.0,Some-college,10.0,Never-married,Other-service,,White,Female,0.0,0.0,40.0,United-States,<=50K
57.0,Private,170287.0,Masters,14.0,Married-civ-spouse,Tech-support,Husband,White,Male,0.0,0.0,40.0,United-States,>50K
52.0,,106728.0,Assoc-acdm,,Divorced,Sales,Unmarried,White,Male,0.0,0.0,40.0,United-States,<=50K
27.0,Private,72887.0,HS-grad,9.0,,Handlers-cleaners,Other-relative,Asian-Pac-Islander,Male,0.0,0.0,40.0,United-States,<=50K
44.0,Private,317320.0,Some-college,,Divorced,Other-service,Unmarried,White,Female,0.0,0.0,40.0,United-States,<=50K
39.0,,218490.0,Bachelors,13.0,Married-civ-spouse,,Husband,White,Male,0.0,1848.0,40.0,United-States,>50K
50.0,Private,88842.0,Bachelors,13.0,Married-civ-spouse,Transport-moving,Husband,White,Male,7298.0,0.0,40.0,,>50K
26.0,Private,191765.0,Bachelors,13.0,Never-married,Prof-specialty,Not-in-family,White,Male,0.0,0.0,40.0,Scotland,<=50K
45.0,Federal-gov,81487.0,Some-college,10.0,Married-civ-spouse,Adm-clerical,Husband,White,Male,0.0,0.0,40.0,Puerto-Rico,>50K
36.0,Federal-gov,327435.0,Masters,14.0,Divorced,Tech-support,Not-in-family,White,Female,0.0,0.0,40.0,United-States,>50K
51.0,State-gov,213296.0,Bachelors,13.0,Widowed,Adm-clerical,Not-in-family,White,Male,0.0,0.0,40.0,United-States,<=50K
29.0,Private,203797.0,Some-college,25.4862381985065,Married-civ-spouse,Exec-managerial,Husband,Black,Male,0.0,0.0,40.0,United-States,>50K
,Private,30126.0,Bachelors,13.0,Divorced,Exec-managerial,,White,Female,0.0,0.0,117.63219978905336,United-States,<=50K
28.0,Private,227778.0,Assoc-voc,11.0,,Other-service,Other-relative,Black,Male,0.0,0.0,40.0,United-States,<=50K
47.0,Private,97176.0,Some-college,10.0,Divorced,,Unmarried,White,Female,0.0,0.0,40.0,United-States,<=50K
,Private,182117.0,Bachelors,13.0,Never-married,,Own-child,White,Male,0.0,0.0,28.0,United-States,<=50K
63.0,Self-emp-not-inc,231777.0,Bachelors,13.0,Never-married,Transport-moving,Not-in-family,White,Male,0.0,0.0,40.0,United-States,<=50K
25.0,Local-gov,315287.0,Some-college,10.0,Never-married,,Other-relative,Black,Male,0.0,0.0,40.0,Trinadad&Tobago,<=50K
35.0,Private,223514.0,Bachelors,13.0,Married-civ-spouse,Adm-clerical,Wife,Black,,0.0,0.0,40.0,United-States,<=50K
90.0,Private,227796.0,Assoc-acdm,12.0,Never-married,Exec-managerial,Not-in-family,White,Male,6097.0,0.0,45.0,United-States,>50K
18.0,Private,232190.0,HS-grad,,Never-married,Sales,Own-child,White,Male,0.0,0.0,20.0,United-States,<=50K
123.7819770088162,Private,231672.0,HS-grad,9.0,Married-civ-spouse,Machine-op-inspct,Husband,Black,Male,0.0,0.0,40.0,United-States,>50K
41.0,Private,46221.0,,15.0,Never-married,Exec-managerial,Not-in-family,White,Male,,0.0,60.0,United-States,>50K
40.0,Private,192381.0,Some-college,10.0,Married-civ-spouse,Craft-repair,Husband,White,Male,0.0,0.0,50.0,United-States,>50K
37.0,Private,73199.0,HS-grad,9.0,Married-civ-spouse,Handlers-cleaners,,Asian-Pac-Islander,Male,0.0,0.0,40.0,United-States,>50K
37.0,Private,216149.0,11th,7.0,Married-civ-spouse,Craft-repair,Husband,White,,0.0,0.0,45.0,United-States,<=50K
25.0,Private,69413.0,Some-college,10.0,Never-married,Sales,Own-child,White,Female,0.0,-2389.4466063488135,40.0,United-States,>50K
34.0,Local-gov,51543.0,Some-college,10.0,Never-married,Other-service,Not-in-family,White,Male,0.0,0.0,,United-States,<=50K
30.0,Private,177304.0,,9.0,Married-civ-spouse,Tech-support,Husband,,Male,0.0,0.0,40.0,United-States,>50K
44.0,Private,174491.0,HS-grad,9.0,Widowed,Other-service,Unmarried,Black,Female,0.0,,30.0,United-States,<=50K
54.0,,264143.0,9th,5.0,Divorced,Handlers-cleaners,Not-in-family,White,Male,0.0,0.0,24.0,United-States,<=50K
48.0,Federal-gov,191013.0,Bachelors,13.0,Widowed,Prof-specialty,Unmarried,Amer-Indian-Eskimo,Female,0.0,0.0,40.0,United-States,<=50K
62.0,Private,254534.0,,10.0,Married-civ-spouse,Sales,Husband,White,Male,0.0,0.0,40.0,United-States,<=50K
29.0,Private,77009.0,11th,7.0,Separated,Sales,Not-in-family,White,Female,0.0,2754.0,42.0,United-States,<=50K
31.0,Private,73796.0,Some-college,10.0,Widowed,Exec-managerial,Unmarried,White,Female,0.0,0.0,30.0,United-States,<=50K
59.0,Self-emp-not-inc,,HS-grad,9.0,Divorced,Prof-specialty,Not-in-family,White,Male,0.0,0.0,20.0,England,<=50K
65.0,State-gov,172348.0,HS-grad,9.0,Widowed,Adm-clerical,Unmarried,White,Female,0.0,0.0,20.0,United-States,<=50K
63.0,,22228.0,HS-grad,9.0,Married-civ-spouse,Other-service,Husband,White,Male,0.0,,40.0,United-States,>50K
23.0,Private,109430.0,,9.0,Never-married,Other-service,Not-in-family,White,Female,,0.0,,United-States,<=50K
41.0,Private,95168.0,HS-grad,9.0,Never-married,Machine-op-inspct,Unmarried,Black,Female,0.0,0.0,40.0,United-States,<=50K
22.0,State-gov,477505.0,Assoc-acdm,12.0,Never-married,Adm-clerical,Not-in-family,White,Male,0.0,0.0,40.0,United-States,<=50K
40.0,Private,184105.0,Assoc-voc,11.0,Married-civ-spouse,Craft-repair,Husband,White,Male,-47889.20366261097,0.0,40.0,United-States,<=50K
24.0,Private,450695.0,Some-college,10.0,Never-married,Sales,Own-child,White,Male,0.0,0.0,35.0,United-States,<=50K
29.0,Private,112031.0,HS-grad,9.0,Divorced,Craft-repair,Not-in-family,White,Female,0.0,0.0,50.0,United-States,<=50K
42.0,State-gov,355756.0,Some-college,10.0,Divorced,Tech-support,Not-in-family,White,Male,0.0,0.0,-32.632199789053374,United-States,>50K
23.0,Private,393248.0,Some-college,10.0,Never-married,Adm-clerical,Own-child,White,Male,0.0,0.0,40.0,United-States,<=50K
48.0,Self-emp-not-inc,373606.0,,10.0,Divorced,Sales,Unmarried,White,Male,0.0,0.0,65.0,United-States,>50K
26.0,State-gov,158963.0,Masters,14.0,Never-married,Exec-managerial,Not-in-family,White,,0.0,-2389.4466063488135,40.0,United-States,>50K
23.0,Private,,HS-grad,9.0,Never-married,Craft-repair,Own-child,White,Male,0.0,0.0,40.0,United-States,<=50K
26.0,Self-emp-not-inc,200681.0,HS-grad,9.0,Married-civ-spouse,Exec-managerial,Husband,White,Male,0.0,0.0,40.0,Outlying-US(Guam-USVI-etc),<=50K
43.0,Private,71269.0,Some-college,10.0,Married-civ-spouse,Sales,Husband,White,Male,0.0,0.0,45.0,United-States,<=50K
35.0,Private,241126.0,Masters,14.0,Married-civ-spouse,Sales,Husband,White,Male,0.0,0.0,40.0,United-States,>50K
39.0,Self-emp-inc,51089.0,Bachelors,13.0,Married-civ-spouse,Prof-specialty,Husband,White,Male,0.0,0.0,30.0,United-States,<=50K
25.0,Private,330850.0,HS-grad,9.0,,Protective-serv,Husband,White,,,0.0,70.0,United-States,<=50K
32.0,Self-emp-not-inc,420895.0,Bachelors,13.0,Married-civ-spouse,Sales,Husband,White,Male,,0.0,47.0,United-States,<=50K
39.0,Local-gov,170263.0,Masters,14.0,Divorced,Prof-specialty,Unmarried,,Female,0.0,0.0,30.0,United-States,>50K
18.0,Private,27920.0,11th,7.0,Never-married,Exec-managerial,Own-child,White,Female,0.0,0.0,,United-States,<=50K
34.0,Private,227282.0,Some-college,10.0,Never-married,Craft-repair,Not-in-family,White,Male,0.0,0.0,40.0,United-States,<=50K
,Private,243330.0,HS-grad,9.0,Married-civ-spouse,Machine-op-inspct,Husband,White,Male,0.0,0.0,55.0,United-States,<=50K
36.0,Private,177616.0,5th-6th,3.0,Separated,Machine-op-inspct,Not-in-family,White,Female,0.0,0.0,40.0,United-States,<=50K
50.0,Local-gov,129311.0,HS-grad,9.0,Married-civ-spouse,Transport-moving,Husband,White,Male,0.0,0.0,40.0,United-States,<=50K
19.0,,195805.0,HS-grad,9.0,Never-married,Sales,Own-child,White,Female,0.0,0.0,12.0,United-States,<=50K
33.0,,232475.0,Some-college,10.0,Never-married,Sales,Own-child,White,Male,0.0,0.0,,United-States,<=50K
52.0,Private,373367.0,11th,7.0,Widowed,Craft-repair,Not-in-family,White,Male,0.0,0.0,40.0,United-States,<=50K
33.0,Private,183000.0,Some-college,10.0,Never-married,Other-service,Not-in-family,White,Male,,0.0,24.0,United-States,<=50K
29.0,Private,253003.0,Some-college,10.0,Never-married,Craft-repair,Not-in-family,White,Male,0.0,2258.0,45.0,United-States,>50K
47.0,Private,573583.0,HS-grad,9.0,Married-civ-spouse,Transport-moving,Husband,White,Male,0.0,0.0,48.0,Italy,>50K
38.0,Private,349198.0,Assoc-acdm,12.0,Married-civ-spouse,Tech-support,Husband,White,Male,0.0,0.0,21.0,United-States,>50K
70.0,Self-emp-inc,247383.0,Some-college,10.0,Married-civ-spouse,Exec-managerial,Husband,White,Male,0.0,0.0,40.0,United-States,>50K
51.0,Local-gov,110327.0,Bachelors,13.0,Married-civ-spouse,,Husband,White,Male,0.0,0.0,40.0,United-States,>50K
21.0,Private,315303.0,Some-college,10.0,Never-married,Other-service,Own-child,Black,Male,0.0,0.0,,United-States,<=50K
41.0,Self-emp-not-inc,240900.0,HS-grad,9.0,Divorced,Farming-fishing,Other-relative,White,Male,0.0,0.0,20.0,United-States,<=50K
41.0,Private,381510.0,Some-college,10.0,Never-married,Other-service,Own-child,White,Male,0.0,0.0,50.0,United-States,<=50K
24.0,Private,83783.0,Bachelors,13.0,Never-married,Tech-support,Own-child,White,Female,0.0,0.0,40.0,United-States,<=50K
31.0,State-gov,,Some-college,10.0,Divorced,Protective-serv,Not-in-family,White,Male,0.0,0.0,40.0,United-States,>50K
27.0,Private,38599.0,12th,8.0,Never-married,Transport-moving,Not-in-family,White,Male,0.0,0.0,40.0,United-States,<=50K
49.0,Private,423222.0,Masters,14.0,Married-civ-spouse,Sales,Husband,White,Male,0.0,0.0,50.0,United-States,>50K
51.0,Private,386773.0,Bachelors,,Never-married,Sales,Not-in-family,White,Male,0.0,,55.0,United-States,>50K
50.0,Federal-gov,98980.0,Bachelors,13.0,Married-civ-spouse,Exec-managerial,Husband,White,Male,7298.0,0.0,40.0,United-States,>50K
21.0,Private,90935.0,Assoc-voc,11.0,Never-married,Transport-moving,Own-child,White,Male,0.0,0.0,40.0,United-States,<=50K
38.0,Private,48093.0,HS-grad,9.0,Married-civ-spouse,Handlers-cleaners,Husband,White,Male,0.0,0.0,40.0,United-States,<=50K
51.0,Private,305147.0,Bachelors,13.0,Never-married,Prof-specialty,Not-in-family,White,Male,0.0,0.0,40.0,United-States,<=50K
31.0,Private,54929.0,Some-college,10.0,Divorced,Craft-repair,Not-in-family,White,,0.0,0.0,60.0,United-States,<=50K
30.0,Private,235109.0,Assoc-voc,11.0,Divorced,Adm-clerical,Unmarried,White,Female,0.0,0.0,112.63219978905336,United-States,>50K
25.0,Private,173062.0,Bachelors,13.0,Never-married,Handlers-cleaners,Unmarried,Black,Male,0.0,2389.4466063488135,40.0,United-States,>50K
32.0,Private,213179.0,Some-college,10.0,Divorced,Craft-repair,Own-child,White,Male,0.0,0.0,40.0,United-States,>50K
30.0,Private,205950.0,Some-college,10.0,Married-civ-spouse,Machine-op-inspct,Husband,White,Male,0.0,0.0,40.0,United-States,>50K
22.0,,152744.0,Some-college,10.0,Never-married,Adm-clerical,Not-in-family,Asian-Pac-Islander,Female,0.0,0.0,10.0,United-States,<=50K
-49.7819770088162,Self-emp-not-inc,267661.0,Assoc-voc,11.0,Never-married,Farming-fishing,Not-in-family,White,Male,0.0,0.0,75.0,United-States,>50K
25.0,Private,266600.0,,9.0,Married-civ-spouse,Adm-clerical,Husband,Black,Male,3137.0,0.0,40.0,United-States,<=50K
56.0,Private,188856.0,Bachelors,13.0,Never-married,Exec-managerial,Not-in-family,White,Female,8614.0,0.0,55.0,United-States,>50K
44.0,,277533.0,Some-college,10.0,Married-civ-spouse,Craft-repair,Husband,,,0.0,0.0,40.0,United-States,<=50K
28.0,,297735.0,Some-college,10.0,Married-civ-spouse,Machine-op-inspct,Husband,White,Male,0.0,0.0,40.0,United-States,>50K
31.0,Private,130021.0,HS-grad,9.0,Married-civ-spouse,Machine-op-inspct,Husband,White,Male,0.0,0.0,45.0,United-States,<=50K
55.0,Private,,10th,6.0,Married-civ-spouse,Exec-managerial,Husband,White,Male,0.0,0.0,45.0,United-States,<=50K
46.0,Private,155933.0,Bachelors,13.0,Never-married,Machine-op-inspct,Not-in-family,White,Female,0.0,1602.0,8.0,United-States,<=50K
20.0,Private,214238.0,11th,7.0,Never-married,Sales,Other-relative,White,,0.0,0.0,32.0,Mexico,<=50K
56.0,Private,284701.0,Bachelors,13.0,Married-civ-spouse,Adm-clerical,Wife,White,Female,0.0,0.0,40.0,United-States,>50K
26.0,Private,174921.0,Bachelors,13.0,Never-married,Sales,Not-in-family,White,Female,0.0,0.0,40.0,United-States,<=50K
31.0,Private,651396.0,HS-grad,9.0,Never-married,Sales,Own-child,White,Female,0.0,1594.0,30.0,United-States,<=50K
51.0,Self-emp-not-inc,85877.0,HS-grad,9.0,Divorced,Exec-managerial,Not-in-family,White,Female,99999.0,0.0,60.0,United-States,>50K
46.0,Federal-gov,102308.0,Prof-school,15.0,Married-civ-spouse,Prof-specialty,Husband,,Male,15024.0,0.0,50.0,United-States,>50K
32.0,Private,334744.0,HS-grad,9.0,Never-married,,Not-in-family,White,Male,0.0,0.0,45.0,United-States,<=50K
42.0,Self-emp-not-inc,99185.0,Some-college,10.0,Married-civ-spouse,Exec-managerial,Husband,White,Male,,0.0,40.0,United-States,>50K
43.0,Local-gov,187034.0,Some-college,10.0,Divorced,Exec-managerial,Not-in-family,,Female,0.0,0.0,40.0,United-States,<=50K
,Private,140752.0,HS-grad,9.0,Never-married,Sales,Not-in-family,,Male,0.0,0.0,25.0,United-States,<=50K
20.0,,122649.0,HS-grad,9.0,Never-married,Other-service,Not-in-family,White,Female,0.0,0.0,,United-States,<=50K
59.0,Private,157932.0,10th,6.0,,Craft-repair,Husband,White,Male,0.0,-2389.4466063488135,40.0,United-States,<=50K
38.0,Local-gov,414791.0,HS-grad,9.0,Married-civ-spouse,Transport-moving,Husband,White,,0.0,0.0,40.0,United-States,>50K
35.0,Private,98900.0,Some-college,10.0,Divorced,Adm-clerical,Unmarried,White,Female,0.0,0.0,40.0,United-States,<=50K
39.0,Private,76417.0,HS-grad,9.0,Married-civ-spouse,Farming-fishing,Husband,White,,0.0,,40.0,United-States,<=50K
23.0,Local-gov,,Bachelors,13.0,Never-married,Prof-specialty,Own-child,White,Female,0.0,0.0,60.0,United-States,<=50K
45.0,Local-gov,317846.0,Assoc-acdm,12.0,Divorced,Exec-managerial,Unmarried,White,Male,0.0,0.0,47.0,United-States,<=50K
49.0,Private,176684.0,Assoc-voc,11.0,Never-married,Exec-managerial,Unmarried,White,Female,0.0,0.0,40.0,United-States,<=50K
37.0,Private,,HS-grad,-6.4862381985064985,Married-civ-spouse,Transport-moving,Husband,White,Male,0.0,0.0,50.0,United-States,<=50K
32.0,Private,29933.0,Bachelors,13.0,Married-civ-spouse,Handlers-cleaners,Husband,White,Male,0.0,0.0,50.0,United-States,>50K
20.0,Private,79691.0,HS-grad,9.0,Never-married,Machine-op-inspct,Own-child,White,Male,0.0,0.0,40.0,United-States,<=50K
51.0,,182985.0,HS-grad,9.0,Married-civ-spouse,Adm-clerical,Wife,White,Female,0.0,0.0,40.0,United-States,<=50K
46.0,State-gov,247992.0,7th-8th,4.0,Never-married,Other-service,Not-in-family,,Female,0.0,0.0,40.0,United-States,<=50K
57.0,Self-emp-inc,180211.0,Prof-school,15.0,Married-civ-spouse,Prof-specialty,Husband,Asian-Pac-Islander,Male,0.0,0.0,50.0,Taiwan,>50K
36.0,,25806.0,Doctorate,16.0,Married-civ-spouse,Prof-specialty,Husband,Asian-Pac-Islander,Male,0.0,0.0,40.0,China,<=50K
41.0,Private,116103.0,Some-college,10.0,Never-married,Exec-managerial,Not-in-family,White,Male,0.0,0.0,50.0,United-States,<=50K
41.0,Private,327723.0,HS-grad,9.0,Divorced,Exec-managerial,Not-in-family,White,Male,0.0,0.0,40.0,United-States,<=50K
41.0,Private,114157.0,HS-grad,9.0,Divorced,Machine-op-inspct,Own-child,White,Male,,0.0,40.0,United-States,<=50K
33.0,Self-emp-inc,128016.0,HS-grad,9.0,Widowed,Sales,Unmarried,White,Female,0.0,0.0,40.0,United-States,<=50K
59.0,Local-gov,130532.0,Bachelors,13.0,Divorced,Adm-clerical,Not-in-family,White,Female,0.0,0.0,45.0,,<=50K
33.0,Private,227282.0,HS-grad,9.0,Married-civ-spouse,Transport-moving,Husband,White,Male,0.0,,60.0,United-States,<=50K
20.0,Private,218068.0,Some-college,10.0,Never-married,Transport-moving,Own-child,White,Male,0.0,0.0,23.0,United-States,<=50K
68.0,State-gov,235882.0,,16.0,Married-civ-spouse,Prof-specialty,Husband,White,Male,0.0,2377.0,60.0,United-States,>50K
,Private,129707.0,Some-college,10.0,Married-civ-spouse,Sales,Husband,White,Male,0.0,1848.0,40.0,United-States,>50K
111.7819770088162,Private,342730.0,Some-college,10.0,Married-civ-spouse,Sales,Husband,White,Male,0.0,0.0,52.0,United-States,>50K
17.0,Private,,10th,,Married-spouse-absent,Other-service,Other-relative,White,Male,0.0,0.0,40.0,United-States,<=50K
21.0,Private,184756.0,Some-college,10.0,Never-married,Adm-clerical,,White,Female,0.0,0.0,16.0,United-States,<=50K
23.0,Private,64292.0,HS-grad,9.0,Never-married,Adm-clerical,Not-in-family,White,Female,0.0,0.0,40.0,United-States,<=50K
,Private,196126.0,11th,7.0,Married-civ-spouse,Transport-moving,Husband,White,Male,0.0,0.0,40.0,United-States,<=50K
,Private,226956.0,HS-grad,9.0,Never-married,Sales,Own-child,White,Female,0.0,0.0,24.0,United-States,<=50K
,Local-gov,183610.0,Masters,14.0,Separated,Prof-specialty,Unmarried,White,Female,0.0,0.0,40.0,United-States,<=50K
44.0,Self-emp-inc,212760.0,Bachelors,13.0,Married-civ-spouse,Exec-managerial,Husband,White,Male,0.0,0.0,60.0,United-States,>50K
39.0,Private,365739.0,Some-college,10.0,Divorced,Craft-repair,Not-in-family,White,Male,0.0,0.0,40.0,United-States,<=50K
21.0,Private,196742.0,Some-college,10.0,Married-civ-spouse,Adm-clerical,Wife,White,Female,,0.0,28.0,United-States,<=50K
18.0,Private,283637.0,Some-college,10.0,Never-married,,Not-in-family,White,Male,0.0,0.0,40.0,United-States,<=50K
18.0,Private,362302.0,12th,8.0,Never-married,Other-service,Own-child,White,Male,0.0,0.0,15.0,United-States,<=50K
26.0,Private,,Bachelors,13.0,Never-married,Adm-clerical,Own-child,White,Female,0.0,0.0,40.0,United-States,>50K
33.0,Private,323985.0,Bachelors,13.0,Married-civ-spouse,Adm-clerical,Wife,White,Female,0.0,0.0,5.0,United-States,>50K
25.0,Private,135845.0,Some-college,10.0,,Adm-clerical,Own-child,White,Female,0.0,0.0,40.0,United-States,<=50K
50.0,Local-gov,,Masters,14.0,Never-married,Prof-specialty,Not-in-family,White,Female,0.0,0.0,50.0,United-States,>50K
29.0,Private,192010.0,Bachelors,13.0,Never-married,Prof-specialty,Not-in-family,White,Female,0.0,0.0,60.0,Poland,<=50K
36.0,Private,115700.0,HS-grad,9.0,Married-civ-spouse,Sales,Husband,White,Male,0.0,0.0,50.0,United-States,<=50K
47.0,Private,,Some-college,10.0,Married-civ-spouse,Exec-managerial,Husband,Asian-Pac-Islander,Male,0.0,0.0,40.0,United-States,<=50K
39.0,Private,680390.0,HS-grad,9.0,Separated,Machine-op-inspct,Unmarried,White,Female,0.0,0.0,24.0,United-States,<=50K
57.0,State-gov,68830.0,HS-grad,9.0,Divorced,Exec-managerial,Not-in-family,White,Female,0.0,0.0,50.0,,<=50K
50.0,Without-pay,123004.0,HS-grad,9.0,Married-civ-spouse,Machine-op-inspct,Own-child,White,Female,0.0,1887.0,40.0,United-States,>50K
39.0,Private,191342.0,Bachelors,13.0,Married-civ-spouse,Craft-repair,Husband,Asian-Pac-Islander,Male,0.0,0.0,40.0,Philippines,>50K
77.0,Local-gov,120408.0,Some-college,10.0,Married-civ-spouse,Protective-serv,Husband,White,Male,0.0,0.0,20.0,United-States,<=50K
24.0,Private,314819.0,Some-college,10.0,Never-married,Craft-repair,Not-in-family,,Male,2174.0,0.0,40.0,United-States,<=50K
55.0,Local-gov,88856.0,7th-8th,4.0,Never-married,Other-service,Unmarried,Black,Female,0.0,0.0,40.0,United-States,<=50K
23.0,Private,181659.0,Some-college,10.0,Never-married,,Not-in-family,White,Male,0.0,,40.0,United-States,<=50K
63.0,Private,37792.0,10th,6.0,Widowed,Other-service,Not-in-family,White,Female,0.0,0.0,31.0,United-States,<=50K
,Self-emp-not-inc,173314.0,Assoc-voc,11.0,Married-civ-spouse,Prof-specialty,Husband,Other,Male,0.0,0.0,60.0,,<=50K
27.0,Private,113635.0,HS-grad,9.0,Never-married,Craft-repair,Not-in-family,White,Male,0.0,0.0,35.0,Ireland,<=50K
61.0,Self-emp-not-inc,268797.0,HS-grad,9.0,Married-civ-spouse,Other-service,Wife,Black,Female,0.0,0.0,17.0,United-States,<=50K
27.0,Private,217200.0,Some-college,10.0,Never-married,Adm-clerical,Not-in-family,,Male,0.0,0.0,40.0,United-States,<=50K
32.0,Private,185177.0,Assoc-voc,11.0,Separated,Tech-support,Own-child,White,Male,0.0,,40.0,United-States,<=50K
37.0,Private,312766.0,,9.0,Divorced,Other-service,Not-in-family,White,Female,0.0,0.0,40.0,United-States,<=50K
21.0,Private,123868.0,Some-college,10.0,Married-civ-spouse,Sales,Husband,White,Male,0.0,0.0,40.0,United-States,<=50K
37.0,,130805.0,Assoc-acdm,12.0,Married-civ-spouse,Protective-serv,Husband,White,Male,0.0,2389.4466063488135,99.0,United-States,<=50K
60.0,Private,82388.0,Some-college,10.0,Married-civ-spouse,Protective-serv,Husband,White,Male,0.0,0.0,38.0,United-States,<=50K
39.0,Private,293291.0,HS-grad,9.0,Married-civ-spouse,Machine-op-inspct,Husband,White,Male,0.0,0.0,50.0,United-States,>50K
29.0,Private,124953.0,Bachelors,13.0,Never-married,Prof-specialty,,White,Male,0.0,0.0,50.0,United-States,<=50K
20.0,Private,38620.0,Some-college,10.0,Never-married,Other-service,Own-child,White,Male,0.0,0.0,,United-States,<=50K
33.0,Private,233107.0,9th,5.0,,Craft-repair,Husband,White,Male,0.0,0.0,33.0,Mexico,<=50K
30.0,Private,361280.0,Bachelors,13.0,Never-married,Prof-specialty,Not-in-family,Asian-Pac-Islander,Male,0.0,0.0,40.0,United-States,<=50K
29.0,Private,93662.0,Some-college,10.0,Divorced,Prof-specialty,Unmarried,White,Female,0.0,0.0,24.0,United-States,<=50K
43.0,Private,437318.0,Some-college,-5.4862381985064985,Married-civ-spouse,Transport-moving,Husband,White,Male,0.0,0.0,40.0,United-States,<=50K
41.0,Local-gov,575442.0,Some-college,10.0,Divorced,Craft-repair,Not-in-family,White,Male,0.0,0.0,40.0,United-States,<=50K
40.0,Private,146659.0,HS-grad,9.0,Married-civ-spouse,Sales,Husband,White,Male,0.0,0.0,,United-States,>50K
38.0,Private,353263.0,Masters,14.0,Never-married,Adm-clerical,Not-in-family,White,Female,0.0,0.0,50.0,Italy,>50K
-12.7819770088162,Private,207917.0,7th-8th,4.0,Married-civ-spouse,Other-service,Husband,,Male,1797.0,0.0,20.0,United-States,>50K
37.0,Private,22494.0,Some-college,10.0,Married-spouse-absent,Exec-managerial,Unmarried,White,Female,0.0,0.0,41.0,United-States,<=50K
35.0,Private,106471.0,Bachelors,13.0,Never-married,Craft-repair,Not-in-family,White,Male,0.0,0.0,35.0,United-States,<=50K
48.0,Federal-gov,483261.0,Some-college,10.0,Never-married,Adm-clerical,Not-in-family,Black,Male,0.0,,40.0,United-States,<=50K
38.0,Local-gov,40955.0,Masters,14.0,Never-married,Prof-specialty,Not-in-family,White,Male,0.0,0.0,43.0,United-States,<=50K
34.0,Private,170017.0,HS-grad,9.0,Divorced,Craft-repair,Own-child,White,Male,0.0,0.0,40.0,United-States,<=50K
37.0,Local-gov,184112.0,Doctorate,16.0,Divorced,Prof-specialty,Not-in-family,White,Female,0.0,0.0,40.0,United-States,>50K
27.0,Federal-gov,175262.0,Some-college,10.0,Never-married,Machine-op-inspct,Own-child,White,Male,0.0,0.0,40.0,United-States,<=50K
45.0,State-gov,185797.0,Some-college,10.0,Never-married,Tech-support,Not-in-family,White,Female,3325.0,0.0,60.0,United-States,<=50K
24.0,Private,140027.0,,10.0,Never-married,Machine-op-inspct,Own-child,Black,Female,0.0,0.0,45.0,United-States,<=50K
29.0,Private,213692.0,Some-college,10.0,Never-married,Craft-repair,Own-child,White,Male,47889.20366261097,0.0,45.0,United-States,>50K
33.0,Private,56121.0,HS-grad,9.0,Never-married,Transport-moving,Not-in-family,White,Male,0.0,0.0,60.0,United-States,<=50K
55.0,Federal-gov,88876.0,Masters,14.0,Married-civ-spouse,Exec-managerial,Husband,Asian-Pac-Islander,Male,0.0,0.0,60.0,United-States,>50K
42.0,Private,173938.0,HS-grad,9.0,Separated,Sales,Own-child,White,Female,0.0,0.0,40.0,United-States,<=50K
41.0,Local-gov,,HS-grad,9.0,Separated,Adm-clerical,Unmarried,White,Female,0.0,0.0,40.0,United-States,<=50K
34.0,Private,217652.0,12th,8.0,Divorced,Machine-op-inspct,Own-child,White,Female,0.0,0.0,40.0,United-States,<=50K
31.0,State-gov,190027.0,Some-college,10.0,Never-married,Other-service,Own-child,Black,Female,0.0,0.0,40.0,United-States,<=50K
20.0,Private,,HS-grad,9.0,Never-married,Other-service,Own-child,White,Female,0.0,0.0,25.0,United-States,<=50K
41.0,Private,33310.0,HS-grad,9.0,Never-married,Adm-clerical,Not-in-family,White,Female,0.0,0.0,,United-States,<=50K
43.0,Self-emp-not-inc,245056.0,Preschool,1.0,Married-civ-spouse,Transport-moving,Husband,Black,Male,0.0,0.0,40.0,Haiti,<=50K
90.0,Private,90523.0,HS-grad,9.0,Widowed,Transport-moving,Unmarried,White,Male,0.0,0.0,99.0,United-States,<=50K
56.0,Private,197577.0,HS-grad,9.0,Divorced,,Not-in-family,White,Female,0.0,0.0,,United-States,<=50K
61.0,Private,353031.0,HS-grad,9.0,Married-civ-spouse,Transport-moving,Husband,White,Male,0.0,0.0,60.0,United-States,<=50K
48.0,Private,304791.0,Some-college,10.0,Widowed,Adm-clerical,,White,Female,0.0,0.0,40.0,United-States,<=50K
51.0,Private,172046.0,Masters,14.0,Married-civ-spouse,Exec-managerial,Husband,White,Male,-47889.20366261097,1977.0,50.0,United-States,<=50K
52.0,Self-emp-inc,230767.0,Bachelors,13.0,Married-civ-spouse,Exec-managerial,Husband,White,Male,0.0,1902.0,60.0,Cuba,>50K
33.0,Self-emp-not-inc,105229.0,Bachelors,13.0,Married-civ-spouse,Exec-managerial,Husband,White,Male,0.0,,40.0,United-States,<=50K
52.0,Private,,7th-8th,4.0,Divorced,Priv-house-serv,Own-child,Black,Female,0.0,0.0,16.0,United-States,<=50K
34.0,Private,112212.0,HS-grad,9.0,Married-civ-spouse,Adm-clerical,Husband,White,Male,0.0,1485.0,40.0,United-States,<=50K
65.0,Private,89681.0,Masters,14.0,Never-married,Prof-specialty,Not-in-family,White,Male,0.0,0.0,99.0,United-States,<=50K
48.0,Private,39986.0,HS-grad,9.0,Never-married,Handlers-cleaners,Not-in-family,,Male,0.0,0.0,40.0,United-States,<=50K
50.0,Private,151580.0,Assoc-acdm,12.0,Married-civ-spouse,Craft-repair,Husband,White,Male,0.0,0.0,45.0,United-States,<=50K
39.0,Private,174368.0,HS-grad,9.0,Married-civ-spouse,Adm-clerical,Wife,White,Female,0.0,0.0,40.0,United-States,>50K
19.0,Private,167859.0,HS-grad,9.0,Never-married,Other-service,Own-child,Black,Male,0.0,0.0,40.0,United-States,<=50K
22.0,Private,91189.0,HS-grad,9.0,Never-married,Sales,Own-child,White,Male,0.0,0.0,40.0,United-States,<=50K
41.0,Self-emp-not-inc,264663.0,11th,7.0,Divorced,Other-service,Not-in-family,White,Female,0.0,0.0,40.0,United-States,<=50K
67.0,Private,236627.0,Bachelors,13.0,Married-civ-spouse,Prof-specialty,Husband,White,Male,0.0,0.0,2.0,United-States,<=50K
18.0,Private,400616.0,Some-college,10.0,Never-married,Adm-clerical,Own-child,White,Male,0.0,0.0,40.0,United-States,<=50K
47.0,Private,,Some-college,10.0,Divorced,Exec-managerial,Not-in-family,White,Female,0.0,0.0,48.0,United-States,<=50K
27.0,Private,120126.0,Bachelors,13.0,Married-civ-spouse,Sales,Husband,White,Male,0.0,0.0,75.0,United-States,>50K
54.0,Private,212960.0,,13.0,Married-civ-spouse,Sales,Husband,White,Male,0.0,0.0,35.0,United-States,>50K
52.0,Private,188644.0,Some-college,10.0,Married-civ-spouse,Transport-moving,Husband,White,Male,0.0,0.0,30.0,Mexico,<=50K
53.0,Private,47396.0,Some-college,10.0,Married-civ-spouse,Adm-clerical,Husband,White,Male,0.0,0.0,50.0,United-States,>50K
55.0,Private,113912.0,Assoc-voc,,Married-civ-spouse,Prof-specialty,Wife,White,Female,0.0,0.0,20.0,United-States,<=50K
41.0,Local-gov,227644.0,Some-college,10.0,Married-civ-spouse,Craft-repair,Husband,,Male,0.0,0.0,40.0,United-States,<=50K
42.0,Private,311920.0,Bachelors,13.0,Married-civ-spouse,Exec-managerial,,White,Female,0.0,1485.0,17.0,United-States,>50K
52.0,Federal-gov,53905.0,HS-grad,9.0,Divorced,Adm-clerical,,White,Female,,0.0,,United-States,<=50K
34.0,Private,532379.0,Some-college,10.0,Married-civ-spouse,Craft-repair,Husband,White,Male,0.0,0.0,40.0,United-States,<=50K
54.0,Private,108960.0,11th,7.0,Married-civ-spouse,Machine-op-inspct,Husband,White,Male,,0.0,40.0,,<=50K
45.0,Private,160724.0,HS-grad,9.0,,Craft-repair,Husband,Asian-Pac-Islander,Male,0.0,0.0,40.0,Vietnam,<=50K
51.0,Private,40230.0,HS-grad,9.0,Married-civ-spouse,Exec-managerial,Wife,White,Female,0.0,0.0,60.0,United-States,<=50K
,Self-emp-not-inc,,Assoc-voc,11.0,Married-civ-spouse,,Husband,White,Male,,0.0,40.0,United-States,>50K
20.0,Private,107658.0,Some-college,10.0,Never-married,Tech-support,Not-in-family,White,Female,0.0,0.0,10.0,United-States,<=50K
21.0,State-gov,99199.0,Some-college,10.0,Never-married,Exec-managerial,Own-child,White,Male,0.0,0.0,10.0,United-States,<=50K
35.0,Private,85399.0,HS-grad,9.0,Never-married,Machine-op-inspct,Not-in-family,White,Female,0.0,0.0,40.0,United-States,<=50K
30.0,Private,181212.0,Some-college,10.0,Never-married,Exec-managerial,Other-relative,White,Female,0.0,0.0,40.0,United-States,<=50K
56.0,Local-gov,,HS-grad,,Married-civ-spouse,Other-service,Husband,Asian-Pac-Islander,Male,0.0,0.0,40.0,China,<=50K
46.0,Local-gov,272780.0,Some-college,10.0,Married-civ-spouse,Prof-specialty,Husband,White,Male,0.0,0.0,24.0,United-States,<=50K
44.0,Self-emp-not-inc,35166.0,Some-college,10.0,Married-civ-spouse,Farming-fishing,Husband,White,Male,0.0,0.0,75.0,,<=50K
37.0,Self-emp-not-inc,191342.0,HS-grad,9.0,Married-civ-spouse,,Husband,Asian-Pac-Islander,,0.0,0.0,,Philippines,>50K
64.0,Private,114994.0,Some-college,10.0,Separated,Other-service,Not-in-family,White,Male,,0.0,40.0,United-States,<=50K
48.0,Federal-gov,147397.0,HS-grad,9.0,Married-civ-spouse,Adm-clerical,Husband,White,Male,0.0,0.0,,United-States,<=50K
33.0,Private,147700.0,HS-grad,9.0,Married-civ-spouse,Craft-repair,Husband,Other,Male,0.0,0.0,40.0,United-States,<=50K
,Private,93973.0,,7.0,Married-civ-spouse,Craft-repair,Husband,Other,Male,0.0,0.0,40.0,Mexico,<=50K
40.0,Local-gov,105717.0,Masters,14.0,Never-married,Adm-clerical,Not-in-family,White,Female,0.0,1876.0,35.0,,<=50K
44.0,Private,174373.0,Assoc-acdm,12.0,Married-civ-spouse,Craft-repair,Husband,White,Male,0.0,0.0,,United-States,>50K
40.0,Private,-405456.9330611756,Assoc-acdm,12.0,Divorced,Exec-managerial,Unmarried,White,Male,0.0,0.0,45.0,United-States,>50K
24.0,Private,215251.0,Bachelors,13.0,Never-married,Exec-managerial,Not-in-family,White,Female,,0.0,50.0,,<=50K
81.0,Private,122651.0,Some-college,10.0,,Sales,Husband,,Male,0.0,0.0,15.0,United-States,<=50K
18.0,Private,266287.0,12th,,Never-married,Sales,Own-child,White,Female,0.0,0.0,35.0,United-States,<=50K
20.0,Private,140764.0,Some-college,10.0,Never-married,Other-service,Own-child,White,,0.0,0.0,92.63219978905336,United-States,>50K
42.0,Private,99203.0,HS-grad,9.0,Separated,Craft-repair,Not-in-family,White,Male,3325.0,0.0,,United-States,<=50K
40.0,Private,168071.0,Assoc-voc,11.0,Divorced,Tech-support,Not-in-family,White,Male,3325.0,0.0,40.0,United-States,<=50K
-46.7819770088162,,211743.0,Bachelors,13.0,Never-married,Sales,Not-in-family,White,Male,0.0,0.0,45.0,United-States,>50K
45.0,Private,33794.0,Masters,14.0,Married-civ-spouse,Other-service,Husband,White,Male,0.0,0.0,40.0,United-States,<=50K
21.0,Private,,Some-college,10.0,Never-married,Prof-specialty,Own-child,White,Male,0.0,0.0,40.0,United-States,<=50K
28.0,Private,185647.0,Some-college,10.0,Divorced,Handlers-cleaners,Not-in-family,White,Male,0.0,0.0,,United-States,<=50K
43.0,Private,185015.0,5th-6th,3.0,Married-spouse-absent,Priv-house-serv,,White,Female,0.0,0.0,40.0,El-Salvador,<=50K
41.0,Self-emp-not-inc,238184.0,HS-grad,9.0,Married-civ-spouse,Farming-fishing,Wife,White,Female,0.0,,40.0,United-States,<=50K
47.0,Private,128796.0,HS-grad,9.0,Married-civ-spouse,Craft-repair,Husband,White,Male,0.0,0.0,40.0,United-States,>50K
19.0,Private,158603.0,HS-grad,9.0,Never-married,,Not-in-family,Black,Male,0.0,0.0,37.0,United-States,<=50K
33.0,Private,113364.0,HS-grad,9.0,Divorced,Adm-clerical,Own-child,White,Male,0.0,0.0,40.0,United-States,<=50K
24.0,Private,190290.0,Bachelors,13.0,Never-married,Sales,Not-in-family,White,Male,0.0,0.0,60.0,United-States,<=50K
34.0,Private,188798.0,Bachelors,13.0,,Prof-specialty,Own-child,White,Female,0.0,0.0,40.0,United-States,<=50K
56.0,Private,258579.0,Masters,14.0,Married-civ-spouse,Exec-managerial,Husband,White,Male,0.0,0.0,50.0,United-States,>50K
42.0,Private,167650.0,Some-college,10.0,Married-civ-spouse,Machine-op-inspct,Husband,White,Male,0.0,0.0,35.0,United-States,<=50K
51.0,Private,44000.0,Masters,14.0,Married-civ-spouse,Prof-specialty,Wife,White,Female,99999.0,0.0,50.0,United-States,>50K
37.0,Private,359001.0,Assoc-voc,11.0,Married-civ-spouse,Transport-moving,Husband,White,Male,15024.0,0.0,50.0,United-States,>50K
29.0,Local-gov,45554.0,,10.0,Divorced,Adm-clerical,Unmarried,White,Female,,0.0,40.0,United-States,<=50K
54.0,Private,259323.0,Some-college,10.0,Married-civ-spouse,Prof-specialty,Husband,White,Male,0.0,0.0,40.0,United-States,>50K
27.0,Private,,Bachelors,13.0,Never-married,Farming-fishing,Not-in-family,White,Male,0.0,0.0,65.0,United-States,<=50K
63.0,Private,31389.0,11th,7.0,Never-married,Farming-fishing,Not-in-family,White,Male,0.0,0.0,12.0,United-States,<=50K
20.0,Private,316043.0,11th,7.0,Never-married,Other-service,,Black,Male,594.0,0.0,20.0,United-States,<=50K
43.0,Private,350379.0,5th-6th,3.0,Divorced,Priv-house-serv,Unmarried,White,Female,0.0,0.0,40.0,Mexico,<=50K
42.0,Self-emp-not-inc,29962.0,Bachelors,13.0,Married-civ-spouse,Sales,Husband,White,Male,0.0,0.0,48.0,United-States,<=50K
57.0,Private,89392.0,Masters,14.0,Married-spouse-absent,Prof-specialty,Not-in-family,White,Female,0.0,0.0,40.0,United-States,<=50K
24.0,Private,234663.0,HS-grad,9.0,Never-married,Handlers-cleaners,Own-child,White,Male,0.0,0.0,60.0,United-States,<=50K
40.0,State-gov,184378.0,Bachelors,13.0,Married-civ-spouse,Adm-clerical,Husband,White,Male,0.0,0.0,40.0,United-States,<=50K
54.0,Private,315804.0,HS-grad,9.0,Divorced,Craft-repair,Not-in-family,White,Male,0.0,0.0,40.0,United-States,<=50K
31.0,Private,213307.0,7th-8th,4.0,Never-married,Machine-op-inspct,Other-relative,White,Female,0.0,0.0,20.0,Mexico,<=50K
40.0,Private,198316.0,10th,6.0,Married-civ-spouse,Exec-managerial,Husband,White,Male,0.0,0.0,40.0,United-States,>50K
45.0,Private,259323.0,Some-college,10.0,Married-civ-spouse,Craft-repair,Husband,White,Male,0.0,0.0,40.0,United-States,<=50K
39.0,Private,101146.0,HS-grad,9.0,Divorced,Prof-specialty,Not-in-family,White,Female,4650.0,0.0,40.0,United-States,<=50K
30.0,Private,293931.0,HS-grad,9.0,Married-civ-spouse,Sales,Husband,White,Male,0.0,0.0,65.0,United-States,<=50K
-43.7819770088162,Private,589809.0,Some-college,10.0,Never-married,Exec-managerial,Not-in-family,White,Male,13550.0,0.0,60.0,United-States,<=50K
27.0,Private,21856.0,Some-college,10.0,Never-married,Craft-repair,Not-in-family,Black,,0.0,0.0,40.0,United-States,<=50K
25.0,,235795.0,Assoc-acdm,12.0,Never-married,Sales,Not-in-family,White,Male,0.0,,48.0,United-States,<=50K
24.0,Private,175254.0,Some-college,10.0,Never-married,Transport-moving,Not-in-family,Black,Male,0.0,0.0,40.0,United-States,<=50K
26.0,Private,160445.0,HS-grad,9.0,Divorced,Craft-repair,Not-in-family,White,Male,0.0,,40.0,United-States,<=50K
55.0,Private,125000.0,Prof-school,15.0,Married-civ-spouse,Exec-managerial,Husband,White,Male,0.0,0.0,60.0,United-States,>50K
20.0,Private,187158.0,Some-college,10.0,Never-married,Adm-clerical,Own-child,White,Female,0.0,,15.0,United-States,<=50K
23.0,,42706.0,Some-college,10.0,Never-married,Prof-specialty,Not-in-family,White,Male,0.0,0.0,45.0,United-States,<=50K
19.0,Private,117595.0,HS-grad,9.0,Never-married,Other-service,Own-child,White,Male,0.0,0.0,24.0,United-States,<=50K
29.0,Private,383402.0,Some-college,10.0,Divorced,Other-service,,White,,0.0,0.0,35.0,United-States,<=50K
,,30916.0,HS-grad,9.0,Married-civ-spouse,Transport-moving,,White,Male,0.0,0.0,50.0,United-States,>50K
58.0,Private,314153.0,HS-grad,,Married-civ-spouse,Sales,Husband,White,Male,0.0,0.0,40.0,United-States,>50K
20.0,Private,49179.0,Some-college,10.0,Never-married,Prof-specialty,Not-in-family,White,Male,0.0,0.0,35.0,United-States,<=50K
48.0,Private,182313.0,Some-college,10.0,Married-civ-spouse,Handlers-cleaners,Husband,White,,0.0,0.0,40.0,United-States,<=50K
19.0,Local-gov,259169.0,Some-college,10.0,Never-married,Prof-specialty,Own-child,,Female,0.0,0.0,30.0,United-States,<=50K
31.0,Private,172304.0,Some-college,10.0,Married-civ-spouse,Craft-repair,Husband,White,Male,0.0,0.0,50.0,United-States,>50K
49.0,Federal-gov,118701.0,HS-grad,9.0,Divorced,Adm-clerical,Unmarried,Black,Female,0.0,0.0,40.0,United-States,<=50K
32.0,Private,234096.0,11th,7.0,Married-civ-spouse,Handlers-cleaners,Husband,White,Male,0.0,0.0,40.0,United-States,<=50K
59.0,Private,90290.0,Some-college,10.0,Married-civ-spouse,Prof-specialty,Husband,White,Male,0.0,0.0,34.0,United-States,<=50K
44.0,Private,266135.0,Bachelors,,Married-civ-spouse,,Husband,White,Male,0.0,0.0,50.0,United-States,>50K
35.0,Private,122353.0,HS-grad,,Married-civ-spouse,Exec-managerial,Husband,White,Male,0.0,0.0,40.0,United-States,>50K
32.0,,151053.0,Some-college,10.0,Never-married,Craft-repair,Unmarried,White,Male,0.0,0.0,40.0,United-States,<=50K
61.0,Federal-gov,178312.0,Some-college,10.0,Married-civ-spouse,Prof-specialty,Husband,White,Male,0.0,0.0,40.0,United-States,<=50K
43.0,Local-gov,301638.0,12th,8.0,Married-civ-spouse,Transport-moving,Husband,White,Male,0.0,1579.0,40.0,United-States,<=50K
39.0,Private,82540.0,Some-college,10.0,Married-civ-spouse,Exec-managerial,,White,Male,,0.0,60.0,United-States,<=50K
24.0,Private,172594.0,Bachelors,13.0,Never-married,Adm-clerical,Own-child,White,Female,0.0,0.0,40.0,United-States,<=50K
63.0,Self-emp-not-inc,246124.0,Bachelors,13.0,Married-civ-spouse,Prof-specialty,Husband,White,Male,0.0,0.0,50.0,United-States,<=50K
41.0,Self-emp-not-inc,136986.0,Some-college,,Never-married,Craft-repair,Not-in-family,White,Male,0.0,0.0,40.0,United-States,<=50K
52.0,Private,190762.0,1st-4th,2.0,Married-civ-spouse,Machine-op-inspct,Husband,White,Male,0.0,0.0,40.0,,<=50K
57.0,Private,275943.0,HS-grad,9.0,Married-civ-spouse,Farming-fishing,Husband,White,Male,0.0,,40.0,United-States,<=50K
28.0,Private,61487.0,HS-grad,9.0,Never-married,Prof-specialty,Unmarried,Black,Male,0.0,0.0,40.0,United-States,<=50K
38.0,Private,172571.0,Some-college,10.0,Divorced,Craft-repair,Own-child,White,Male,0.0,,58.0,Poland,<=50K
52.0,Self-emp-inc,74712.0,HS-grad,9.0,Married-civ-spouse,Sales,Husband,Asian-Pac-Islander,Male,,0.0,40.0,United-States,>50K
26.0,Private,143280.0,HS-grad,9.0,Never-married,,Other-relative,White,Female,0.0,0.0,40.0,United-States,<=50K
30.0,Private,211840.0,Some-college,10.0,Separated,,,Black,Female,0.0,0.0,16.0,United-States,<=50K
54.0,,103024.0,HS-grad,9.0,Divorced,,Not-in-family,White,Male,0.0,0.0,42.0,United-States,>50K
40.0,Private,339814.0,Some-college,10.0,Married-civ-spouse,Exec-managerial,Husband,White,,0.0,0.0,40.0,United-States,>50K
53.0,Private,137428.0,7th-8th,4.0,Married-civ-spouse,Transport-moving,Husband,White,Male,0.0,,60.0,United-States,>50K
30.0,Private,143766.0,Bachelors,13.0,Married-civ-spouse,Prof-specialty,Husband,,Male,47889.20366261097,0.0,40.0,United-States,<=50K
50.0,Private,279129.0,Bachelors,13.0,Divorced,Exec-managerial,Not-in-family,White,Male,0.0,0.0,55.0,United-States,>50K
17.0,Private,174466.0,11th,7.0,Never-married,Other-service,Own-child,White,Male,0.0,0.0,18.0,,<=50K
30.0,Private,31985.0,Some-college,10.0,Divorced,Exec-managerial,Unmarried,White,Female,0.0,0.0,40.0,United-States,<=50K
49.0,Self-emp-not-inc,102308.0,Prof-school,15.0,Married-civ-spouse,Prof-specialty,Husband,White,,15024.0,0.0,35.0,United-States,>50K
46.0,Self-emp-not-inc,119944.0,Masters,14.0,Married-civ-spouse,Exec-managerial,Husband,White,Male,0.0,0.0,50.0,United-States,>50K
42.0,Private,44402.0,Bachelors,13.0,Married-civ-spouse,Sales,Husband,White,Male,0.0,0.0,60.0,United-States,<=50K
35.0,Private,243357.0,11th,7.0,Separated,Other-service,Unmarried,Black,Female,0.0,0.0,40.0,United-States,<=50K
54.0,Local-gov,287831.0,Some-college,10.0,Married-civ-spouse,Adm-clerical,Wife,Black,Female,0.0,0.0,55.0,United-States,>50K
31.0,Local-gov,168740.0,HS-grad,9.0,Married-civ-spouse,Protective-serv,Husband,Black,Male,0.0,,,United-States,>50K
26.0,Local-gov,425092.0,Masters,14.0,Never-married,Prof-specialty,Not-in-family,White,Female,2174.0,0.0,40.0,,<=50K
50.0,Private,155433.0,Bachelors,13.0,Widowed,Prof-specialty,Unmarried,White,Female,0.0,0.0,40.0,United-States,<=50K
30.0,Private,217460.0,Bachelors,13.0,Married-civ-spouse,Prof-specialty,Husband,White,Male,0.0,0.0,40.0,United-States,<=50K
56.0,Private,,HS-grad,9.0,Widowed,Sales,Not-in-family,White,Female,0.0,1974.0,40.0,United-States,<=50K
31.0,Private,393357.0,9th,5.0,Married-civ-spouse,Handlers-cleaners,Husband,Black,Male,0.0,0.0,,United-States,<=50K
21.0,Private,138580.0,12th,8.0,Never-married,Machine-op-inspct,,Black,Female,0.0,0.0,40.0,United-States,<=50K
34.0,Private,196253.0,Some-college,10.0,Divorced,Adm-clerical,Unmarried,White,Female,0.0,0.0,40.0,United-States,<=50K
51.0,Self-emp-inc,318351.0,HS-grad,9.0,Divorced,Adm-clerical,Not-in-family,White,Female,0.0,1741.0,40.0,United-States,<=50K
49.0,State-gov,155372.0,Masters,14.0,Divorced,Prof-specialty,Not-in-family,White,Female,0.0,0.0,40.0,United-States,<=50K
17.0,,28544.0,11th,7.0,Never-married,Sales,Not-in-family,White,Female,0.0,0.0,20.0,,<=50K
21.0,Private,177526.0,Some-college,10.0,Never-married,Other-service,Own-child,White,Male,0.0,0.0,40.0,United-States,<=50K
21.0,Private,34616.0,Some-college,10.0,Never-married,Sales,Own-child,White,Female,0.0,0.0,20.0,United-States,<=50K
39.0,,191227.0,Bachelors,13.0,Divorced,Exec-managerial,Not-in-family,White,Female,13550.0,0.0,50.0,United-States,>50K
,Private,,HS-grad,9.0,Divorced,Other-service,Not-in-family,White,Male,0.0,0.0,25.0,United-States,<=50K
59.0,Private,164970.0,HS-grad,9.0,Married-civ-spouse,Prof-specialty,Husband,Black,Male,0.0,0.0,60.0,United-States,<=50K
48.0,Private,127738.0,9th,5.0,Divorced,Transport-moving,Not-in-family,White,Male,0.0,0.0,40.0,United-States,<=50K
58.0,Private,220789.0,Bachelors,13.0,Divorced,Transport-moving,,White,Male,0.0,,45.0,United-States,<=50K
56.0,Private,226985.0,Assoc-acdm,12.0,Married-civ-spouse,Other-service,Husband,White,Male,0.0,0.0,50.0,United-States,<=50K
29.0,Private,198210.0,HS-grad,,,Tech-support,Unmarried,Black,Female,0.0,0.0,40.0,United-States,<=50K
65.0,Self-emp-not-inc,225473.0,Some-college,10.0,Widowed,Craft-repair,Not-in-family,White,Female,,0.0,35.0,,<=50K
33.0,State-gov,137616.0,Masters,14.0,Never-married,Prof-specialty,Not-in-family,Black,Female,0.0,0.0,35.0,United-States,<=50K
27.0,Private,133696.0,Some-college,10.0,Married-civ-spouse,Prof-specialty,Husband,White,Male,0.0,0.0,88.0,,<=50K
,Private,134912.0,HS-grad,9.0,Married-civ-spouse,Exec-managerial,Husband,White,Male,0.0,0.0,12.0,United-States,<=50K
34.0,Self-emp-inc,,Masters,14.0,Separated,Prof-specialty,Not-in-family,White,Female,4787.0,0.0,40.0,United-States,>50K
33.0,Private,405913.0,Some-college,10.0,Married-civ-spouse,Prof-specialty,Husband,White,Male,0.0,2389.4466063488135,40.0,Peru,<=50K
32.0,Private,209103.0,HS-grad,9.0,,Transport-moving,,White,Male,0.0,0.0,20.0,United-States,>50K
45.0,State-gov,28171.0,Masters,14.0,Married-civ-spouse,Exec-managerial,Husband,White,Male,0.0,0.0,40.0,United-States,<=50K
32.0,Private,192565.0,11th,7.0,Married-civ-spouse,Exec-managerial,Husband,White,Male,0.0,0.0,55.0,United-States,<=50K
56.0,Self-emp-not-inc,144380.0,Some-college,10.0,,Prof-specialty,Not-in-family,,Male,0.0,0.0,50.0,,<=50K
,Private,255885.0,Some-college,10.0,Married-civ-spouse,Sales,Husband,White,Male,0.0,0.0,50.0,United-States,<=50K
40.0,Private,203761.0,11th,7.0,Married-civ-spouse,Handlers-cleaners,Husband,White,Male,0.0,0.0,40.0,United-States,<=50K
44.0,Private,145441.0,Bachelors,13.0,Married-civ-spouse,Exec-managerial,Husband,White,Male,7298.0,0.0,48.0,United-States,>50K
42.0,Private,113732.0,Some-college,10.0,Never-married,Handlers-cleaners,Unmarried,,Female,0.0,625.0,40.0,United-States,<=50K
47.0,Private,191277.0,Some-college,10.0,Married-civ-spouse,Sales,Husband,,Male,0.0,0.0,50.0,United-States,>50K
,Local-gov,349633.0,Masters,14.0,Married-civ-spouse,Prof-specialty,Wife,White,,0.0,0.0,50.0,United-States,>50K
26.0,Private,-472647.9330611756,,,Divorced,Exec-managerial,Unmarried,,Female,0.0,0.0,40.0,United-States,>50K
23.0,Self-emp-not-inc,188925.0,HS-grad,9.0,Married-civ-spouse,Handlers-cleaners,Own-child,White,Male,0.0,0.0,40.0,United-States,<=50K
22.0,Private,170302.0,HS-grad,9.0,Never-married,Handlers-cleaners,Unmarried,White,Male,0.0,1974.0,45.0,United-States,<=50K
38.0,Private,26698.0,HS-grad,9.0,Married-civ-spouse,Tech-support,Husband,White,Male,0.0,0.0,40.0,United-States,<=50K
21.0,Private,301556.0,HS-grad,9.0,Never-married,Other-service,Own-child,White,Female,0.0,0.0,19.0,United-States,<=50K
42.0,Private,107276.0,Some-college,10.0,Never-married,Exec-managerial,Not-in-family,White,Female,0.0,2444.0,,,>50K
32.0,Private,237582.0,Assoc-voc,11.0,Never-married,Prof-specialty,Not-in-family,White,Female,0.0,0.0,38.0,United-States,<=50K
46.0,Private,360096.0,Bachelors,13.0,Married-civ-spouse,Exec-managerial,Husband,White,Male,15024.0,,60.0,United-States,>50K
46.0,Self-emp-inc,168211.0,Some-college,10.0,Married-civ-spouse,Craft-repair,Husband,White,Male,5013.0,0.0,60.0,United-States,<=50K
26.0,Private,206199.0,HS-grad,9.0,Never-married,Adm-clerical,,Black,Male,0.0,0.0,40.0,United-States,<=50K
35.0,Private,168817.0,HS-grad,9.0,Never-married,Machine-op-inspct,Not-in-family,White,Male,0.0,0.0,40.0,United-States,<=50K
59.0,Private,426001.0,HS-grad,9.0,,Adm-clerical,,White,Female,0.0,0.0,20.0,Puerto-Rico,<=50K
,Private,285060.0,Bachelors,,Married-civ-spouse,Exec-managerial,Husband,White,Male,0.0,0.0,,United-States,>50K
30.0,Self-emp-inc,185384.0,Some-college,10.0,Married-civ-spouse,Exec-managerial,Wife,White,Female,0.0,0.0,25.0,United-States,<=50K
27.0,Private,176683.0,Assoc-voc,11.0,Married-civ-spouse,Other-service,Husband,White,Male,0.0,0.0,60.0,United-States,<=50K
43.0,Self-emp-inc,35662.0,Doctorate,16.0,Married-civ-spouse,Prof-specialty,Wife,White,Female,0.0,0.0,70.0,United-States,>50K
33.0,Private,230883.0,Some-college,10.0,Divorced,Exec-managerial,Unmarried,White,Male,0.0,2824.0,48.0,United-States,>50K
,Private,264012.0,Bachelors,13.0,Never-married,Adm-clerical,Not-in-family,White,Male,0.0,0.0,40.0,United-States,<=50K
45.0,Private,48495.0,Bachelors,13.0,Married-civ-spouse,Prof-specialty,Husband,White,Male,0.0,0.0,,United-States,>50K
33.0,Private,415706.0,5th-6th,3.0,Separated,Other-service,Unmarried,White,Female,0.0,0.0,40.0,Mexico,<=50K
54.0,Self-emp-not-inc,168723.0,HS-grad,9.0,Married-civ-spouse,Sales,Husband,White,Male,0.0,0.0,40.0,United-States,<=50K
24.0,Private,73928.0,Assoc-voc,11.0,Never-married,Adm-clerical,Own-child,Asian-Pac-Islander,Female,0.0,0.0,20.0,United-States,<=50K
38.0,,169104.0,Bachelors,,Married-civ-spouse,Protective-serv,Husband,Asian-Pac-Islander,Male,0.0,0.0,40.0,Philippines,>50K
26.0,Local-gov,208122.0,Bachelors,13.0,Never-married,Prof-specialty,Own-child,,Male,1055.0,0.0,40.0,United-States,<=50K
41.0,Private,916645.9330611756,Some-college,10.0,Separated,Machine-op-inspct,Not-in-family,Black,Male,0.0,0.0,40.0,United-States,>50K
,Self-emp-not-inc,93853.0,Some-college,10.0,Married-civ-spouse,Craft-repair,Husband,White,Male,0.0,0.0,45.0,United-States,<=50K
26.0,Private,135521.0,Assoc-voc,11.0,Never-married,Handlers-cleaners,Other-relative,White,Male,0.0,0.0,28.0,,<=50K
27.0,Private,538193.0,11th,7.0,Never-married,Prof-specialty,Not-in-family,Asian-Pac-Islander,Female,,0.0,50.0,United-States,<=50K
18.0,Private,96483.0,HS-grad,9.0,Never-married,Other-service,Own-child,Asian-Pac-Islander,Female,0.0,0.0,20.0,United-States,<=50K
-44.7819770088162,Private,228406.0,Some-college,10.0,Never-married,Adm-clerical,Unmarried,,Female,0.0,0.0,40.0,United-States,>50K
33.0,Private,164683.0,HS-grad,9.0,Never-married,Transport-moving,Own-child,White,Female,0.0,0.0,40.0,United-States,<=50K
25.0,,217030.0,HS-grad,9.0,Never-married,Other-service,Unmarried,White,Female,0.0,0.0,30.0,United-States,<=50K
41.0,Private,247752.0,HS-grad,9.0,Married-civ-spouse,Sales,Husband,White,Male,0.0,0.0,40.0,United-States,<=50K
30.0,Private,63861.0,Assoc-acdm,12.0,Never-married,Tech-support,Not-in-family,White,Female,0.0,0.0,40.0,United-States,<=50K
24.0,Private,206974.0,,13.0,Never-married,Adm-clerical,Own-child,White,Female,0.0,,40.0,United-States,<=50K
40.0,Private,,HS-grad,9.0,Divorced,Other-service,Unmarried,White,Female,0.0,0.0,36.0,United-States,<=50K
30.0,State-gov,48214.0,Masters,14.0,Married-civ-spouse,Prof-specialty,Wife,White,Female,0.0,0.0,50.0,United-States,>50K
33.0,Private,144949.0,Masters,14.0,Married-civ-spouse,Prof-specialty,Husband,White,Male,15024.0,0.0,40.0,United-States,>50K
57.0,Private,250201.0,HS-grad,9.0,Widowed,,Unmarried,White,Male,0.0,0.0,50.0,United-States,<=50K
29.0,Private,71860.0,HS-grad,9.0,Married-civ-spouse,Farming-fishing,Husband,White,Male,0.0,0.0,60.0,United-States,<=50K
30.0,Private,343699.0,HS-grad,9.0,Divorced,Craft-repair,Unmarried,White,Female,0.0,0.0,40.0,United-States,<=50K
80.0,Self-emp-not-inc,132728.0,HS-grad,9.0,Never-married,Exec-managerial,Not-in-family,White,Male,0.0,0.0,20.0,United-States,<=50K
33.0,Private,477106.0,HS-grad,9.0,Married-civ-spouse,Transport-moving,Husband,Black,Male,0.0,0.0,40.0,United-States,<=50K
47.0,Self-emp-inc,,Bachelors,13.0,Married-civ-spouse,Sales,Husband,White,Male,0.0,0.0,40.0,United-States,>50K
49.0,Private,184986.0,HS-grad,9.0,Divorced,Other-service,Not-in-family,White,Female,0.0,0.0,40.0,United-States,<=50K
,Private,334308.0,HS-grad,9.0,Married-civ-spouse,Exec-managerial,Wife,White,Female,0.0,0.0,30.0,United-States,>50K
48.0,Private,121424.0,Bachelors,13.0,Married-civ-spouse,Exec-managerial,Husband,White,Male,0.0,0.0,,United-States,>50K
43.0,Private,295510.0,HS-grad,9.0,Married-civ-spouse,Exec-managerial,Husband,White,Male,0.0,0.0,45.0,United-States,>50K
,Private,256916.0,HS-grad,9.0,Married-civ-spouse,Exec-managerial,Husband,White,Male,0.0,0.0,,United-States,<=50K
29.0,Private,244473.0,Assoc-voc,11.0,Married-civ-spouse,Tech-support,Husband,White,Male,0.0,2051.0,40.0,United-States,<=50K
27.0,Private,208725.0,Bachelors,13.0,Never-married,Craft-repair,Own-child,White,Male,0.0,0.0,40.0,United-States,<=50K
46.0,,441542.0,Bachelors,13.0,Married-civ-spouse,Transport-moving,Husband,Black,Male,0.0,0.0,40.0,United-States,<=50K
33.0,Private,169886.0,12th,8.0,Separated,Other-service,Unmarried,White,Female,0.0,0.0,50.0,,<=50K
36.0,Local-gov,175255.0,HS-grad,9.0,Married-civ-spouse,Other-service,Wife,White,Female,0.0,0.0,35.0,United-States,<=50K
48.0,,324173.0,Assoc-voc,11.0,,Exec-managerial,Not-in-family,White,Female,0.0,0.0,50.0,United-States,<=50K
38.0,Private,197711.0,10th,6.0,Divorced,Machine-op-inspct,Not-in-family,Asian-Pac-Islander,Female,0.0,0.0,40.0,Portugal,<=50K
45.0,Private,203785.0,9th,5.0,,Handlers-cleaners,,White,Male,47889.20366261097,0.0,,United-States,>50K
28.0,Private,250135.0,Some-college,10.0,Divorced,Exec-managerial,Not-in-family,White,Female,0.0,0.0,40.0,United-States,<=50K
31.0,Self-emp-not-inc,156890.0,7th-8th,4.0,Married-civ-spouse,Craft-repair,Husband,White,Male,0.0,0.0,40.0,United-States,<=50K
46.0,Private,219021.0,HS-grad,9.0,Married-civ-spouse,Transport-moving,Husband,White,,15024.0,0.0,44.0,United-States,>50K
41.0,Private,121130.0,HS-grad,9.0,Never-married,Adm-clerical,Not-in-family,White,Female,0.0,0.0,40.0,United-States,<=50K
38.0,Private,380543.0,HS-grad,9.0,Never-married,Other-service,Unmarried,Black,Female,0.0,-2389.4466063488135,30.0,United-States,>50K
46.0,Private,305160.0,1st-4th,2.0,Married-civ-spouse,Handlers-cleaners,Husband,White,Male,0.0,0.0,40.0,Mexico,<=50K
50.0,Private,99307.0,HS-grad,9.0,Married-civ-spouse,Craft-repair,Husband,White,Male,5013.0,0.0,45.0,United-States,<=50K
25.0,Private,44363.0,HS-grad,,Never-married,Handlers-cleaners,Not-in-family,White,Male,0.0,0.0,35.0,United-States,<=50K
18.0,Private,282609.0,5th-6th,3.0,Never-married,Handlers-cleaners,Other-relative,White,Male,0.0,0.0,30.0,Honduras,<=50K
45.0,Local-gov,151267.0,Some-college,10.0,Married-civ-spouse,Other-service,Wife,Black,Female,0.0,0.0,25.0,United-States,<=50K
49.0,Private,99179.0,Bachelors,13.0,Never-married,Prof-specialty,Not-in-family,White,,0.0,2389.4466063488135,40.0,United-States,>50K
19.0,Private,118306.0,HS-grad,9.0,Never-married,,Own-child,White,Male,0.0,0.0,16.0,United-States,<=50K
44.0,Self-emp-not-inc,157237.0,Assoc-voc,11.0,Married-civ-spouse,Prof-specialty,Husband,White,Male,15024.0,0.0,50.0,United-States,>50K
44.0,Private,159580.0,12th,8.0,Divorced,Transport-moving,Not-in-family,White,Female,0.0,0.0,40.0,United-States,<=50K
35.0,Private,166193.0,HS-grad,9.0,Divorced,Machine-op-inspct,Own-child,White,Male,0.0,0.0,40.0,United-States,<=50K
18.0,Private,127273.0,11th,7.0,Never-married,Other-service,Other-relative,White,Male,0.0,0.0,20.0,United-States,<=50K
63.0,Private,71800.0,7th-8th,4.0,Widowed,Other-service,Not-in-family,White,Female,0.0,0.0,41.0,United-States,<=50K
50.0,Private,258819.0,HS-grad,9.0,Divorced,Craft-repair,Not-in-family,White,Male,0.0,0.0,40.0,United-States,>50K
27.0,Private,,Bachelors,13.0,Never-married,Tech-support,Not-in-family,Asian-Pac-Islander,Female,0.0,,40.0,,<=50K
28.0,Private,70034.0,7th-8th,4.0,Never-married,Adm-clerical,,White,Male,0.0,0.0,,Portugal,<=50K
101.7819770088162,Private,131230.0,HS-grad,9.0,Never-married,,Own-child,White,Male,0.0,0.0,20.0,United-States,>50K
35.0,Private,176123.0,10th,6.0,Married-civ-spouse,Other-service,Husband,Asian-Pac-Islander,Male,0.0,0.0,60.0,India,<=50K
21.0,Private,154964.0,HS-grad,,Divorced,,Other-relative,Black,Female,0.0,0.0,40.0,United-States,<=50K
46.0,Private,383384.0,HS-grad,9.0,Married-civ-spouse,Prof-specialty,Husband,,Male,0.0,0.0,40.0,United-States,<=50K
17.0,Private,110798.0,,7.0,Never-married,Sales,Own-child,White,Female,0.0,0.0,20.0,United-States,<=50K
42.0,Private,181265.0,Assoc-voc,11.0,Married-civ-spouse,Transport-moving,Husband,White,Male,0.0,,48.0,United-States,<=50K
61.0,Self-emp-not-inc,30073.0,HS-grad,9.0,Married-civ-spouse,Farming-fishing,Husband,White,Male,0.0,1848.0,60.0,United-States,>50K
41.0,Federal-gov,133060.0,Assoc-acdm,12.0,Married-civ-spouse,Prof-specialty,Husband,White,Male,0.0,0.0,40.0,United-States,>50K
40.0,Private,34722.0,Bachelors,,Married-civ-spouse,Exec-managerial,Husband,White,Male,0.0,0.0,50.0,United-States,<=50K
30.0,Private,119411.0,HS-grad,9.0,Divorced,,Not-in-family,White,Male,0.0,0.0,40.0,United-States,<=50K
26.0,Private,211695.0,Bachelors,13.0,Never-married,Prof-specialty,Own-child,White,Male,0.0,0.0,40.0,United-States,<=50K
20.0,Private,221533.0,11th,7.0,Never-married,Craft-repair,Not-in-family,White,Male,0.0,0.0,40.0,United-States,<=50K
22.0,Private,535027.0,Some-college,,Never-married,Transport-moving,Unmarried,Black,Male,0.0,0.0,15.0,United-States,<=50K
38.0,Private,,Bachelors,13.0,Married-civ-spouse,Exec-managerial,Husband,White,,0.0,0.0,50.0,United-States,>50K
40.0,Private,,Doctorate,16.0,,Prof-specialty,Husband,White,Male,0.0,0.0,45.0,United-States,<=50K
57.0,Private,195820.0,HS-grad,9.0,Married-civ-spouse,Machine-op-inspct,Husband,White,Male,0.0,0.0,40.0,United-States,>50K
69.0,Private,277588.0,HS-grad,9.0,Married-civ-spouse,Sales,Husband,White,Male,,0.0,10.0,United-States,<=50K
49.0,Private,128132.0,HS-grad,9.0,Married-civ-spouse,Sales,Husband,White,Male,0.0,0.0,60.0,,>50K
52.0,Private,200783.0,7th-8th,4.0,Married-civ-spouse,Machine-op-inspct,Husband,White,Male,0.0,0.0,60.0,United-States,<=50K
50.0,Private,94081.0,HS-grad,9.0,Married-civ-spouse,Exec-managerial,,,Male,0.0,0.0,40.0,United-States,>50K
27.0,Private,141545.0,,9.0,Married-civ-spouse,Transport-moving,Husband,White,Male,0.0,1902.0,,United-States,<=50K
41.0,Private,197033.0,Some-college,10.0,Married-civ-spouse,Other-service,Husband,White,,0.0,0.0,35.0,United-States,<=50K
41.0,Private,,5th-6th,3.0,Married-spouse-absent,Priv-house-serv,Not-in-family,White,Female,,0.0,32.0,Mexico,<=50K
35.0,Private,417136.0,HS-grad,9.0,Divorced,Craft-repair,Unmarried,Black,Male,0.0,0.0,40.0,United-States,<=50K
55.0,Self-emp-not-inc,95149.0,Some-college,10.0,Married-civ-spouse,Transport-moving,Husband,White,Male,0.0,0.0,99.0,United-States,<=50K
,Self-emp-not-inc,,HS-grad,9.0,Divorced,Transport-moving,Not-in-family,White,Male,0.0,0.0,50.0,United-States,<=50K
54.0,State-gov,305319.0,,13.0,Married-civ-spouse,Prof-specialty,Husband,White,Male,0.0,0.0,70.0,United-States,<=50K
52.0,Private,,Doctorate,16.0,Married-civ-spouse,Exec-managerial,Husband,White,Male,0.0,0.0,38.0,United-States,>50K
37.0,Local-gov,216473.0,HS-grad,,,Protective-serv,Husband,White,Male,0.0,0.0,48.0,United-States,>50K
42.0,Private,144995.0,Preschool,1.0,Never-married,Handlers-cleaners,Not-in-family,White,Male,,0.0,25.0,United-States,<=50K
42.0,Private,155106.0,Some-college,10.0,Never-married,Machine-op-inspct,Not-in-family,White,Male,0.0,0.0,45.0,United-States,<=50K
,Private,237868.0,HS-grad,9.0,,Sales,,White,Male,0.0,1887.0,55.0,United-States,>50K
58.0,State-gov,32367.0,Some-college,,Married-civ-spouse,Exec-managerial,Husband,White,,0.0,0.0,40.0,United-States,<=50K
43.0,Private,244172.0,HS-grad,9.0,Separated,Transport-moving,Unmarried,,Male,0.0,0.0,40.0,Mexico,<=50K
34.0,Private,320027.0,,9.0,Married-civ-spouse,Other-service,Husband,White,Male,0.0,0.0,50.0,United-States,<=50K
46.0,Local-gov,,Bachelors,13.0,Married-civ-spouse,Prof-specialty,Husband,White,Male,3103.0,0.0,50.0,United-States,>50K
77.0,Private,171193.0,Assoc-voc,11.0,Divorced,Sales,Not-in-family,White,Female,0.0,1668.0,30.0,United-States,<=50K
23.0,Private,126613.0,Bachelors,13.0,Never-married,Prof-specialty,Own-child,White,Female,0.0,0.0,30.0,United-States,<=50K
41.0,Private,146908.0,Doctorate,16.0,Married-civ-spouse,,Husband,White,Male,0.0,0.0,60.0,United-States,>50K
39.0,Self-emp-inc,202937.0,Masters,14.0,Married-civ-spouse,Prof-specialty,Wife,White,Female,0.0,,40.0,United-States,>50K
36.0,Private,51100.0,Some-college,10.0,Married-civ-spouse,Craft-repair,Husband,White,Male,0.0,,40.0,United-States,<=50K
27.0,State-gov,210295.0,Bachelors,13.0,Married-civ-spouse,Protective-serv,Husband,White,Male,0.0,0.0,40.0,United-States,<=50K
56.0,Private,122390.0,Assoc-voc,11.0,Married-civ-spouse,Sales,Husband,White,Male,15024.0,0.0,40.0,United-States,>50K
19.0,Private,203319.0,11th,7.0,Never-married,Sales,Own-child,White,Male,0.0,0.0,,United-States,<=50K
40.0,Private,116632.0,Bachelors,13.0,Divorced,Sales,Own-child,White,Male,0.0,0.0,80.0,United-States,<=50K
42.0,Local-gov,97277.0,Masters,,Divorced,Prof-specialty,Unmarried,White,Female,0.0,0.0,40.0,United-States,<=50K
26.0,Private,243786.0,Bachelors,,Never-married,,Not-in-family,White,Female,0.0,0.0,38.0,United-States,<=50K
,Self-emp-not-inc,370119.0,Some-college,10.0,Married-civ-spouse,Exec-managerial,,White,Male,0.0,0.0,40.0,,>50K
38.0,State-gov,112497.0,Bachelors,13.0,Married-civ-spouse,Protective-serv,Husband,White,Male,0.0,0.0,60.0,United-States,<=50K
40.0,Federal-gov,406463.0,Masters,14.0,Never-married,Tech-support,Not-in-family,,Female,0.0,0.0,40.0,United-States,<=50K
24.0,Private,306779.0,Some-college,10.0,Never-married,Sales,Not-in-family,White,Male,0.0,0.0,65.0,United-States,<=50K
38.0,Private,411797.0,Assoc-voc,11.0,Divorced,Adm-clerical,Unmarried,White,Female,0.0,0.0,40.0,United-States,<=50K
49.0,Private,298130.0,7th-8th,4.0,Married-civ-spouse,Machine-op-inspct,Husband,White,Male,0.0,0.0,,United-States,<=50K
51.0,Private,172046.0,Bachelors,13.0,Married-civ-spouse,,Husband,White,Male,0.0,,45.0,United-States,>50K
25.0,Private,104993.0,9th,5.0,Never-married,Handlers-cleaners,,,Male,2907.0,0.0,40.0,United-States,<=50K
18.0,Private,56613.0,Some-college,10.0,Never-married,Protective-serv,Own-child,White,Female,0.0,0.0,20.0,United-States,<=50K
,Private,277022.0,Some-college,10.0,Divorced,Adm-clerical,,White,Female,0.0,0.0,40.0,Columbia,<=50K
39.0,Private,172718.0,Some-college,10.0,Divorced,Sales,Unmarried,White,Female,0.0,0.0,40.0,United-States,<=50K
43.0,Private,398959.0,Some-college,10.0,Married-civ-spouse,Craft-repair,Husband,White,Male,-47889.20366261097,0.0,40.0,United-States,>50K
41.0,Private,362815.0,Some-college,10.0,Separated,Exec-managerial,Not-in-family,,Male,0.0,0.0,,United-States,<=50K
45.0,Private,101452.0,Masters,14.0,Married-civ-spouse,Exec-managerial,Husband,White,Male,15024.0,0.0,60.0,England,>50K
54.0,Local-gov,249949.0,Some-college,10.0,Divorced,Exec-managerial,Other-relative,Black,Female,47889.20366261097,0.0,40.0,United-States,>50K
22.0,Private,127768.0,Some-college,10.0,Never-married,Other-service,Own-child,White,Male,0.0,0.0,32.0,United-States,>50K
51.0,Private,220537.0,HS-grad,9.0,,Machine-op-inspct,Not-in-family,White,Female,0.0,0.0,40.0,United-States,<=50K
53.0,Private,194259.0,Some-college,10.0,Married-civ-spouse,Adm-clerical,Wife,White,Female,4386.0,0.0,40.0,United-States,>50K
43.0,Private,56651.0,HS-grad,9.0,Married-civ-spouse,,Husband,White,Male,0.0,0.0,50.0,United-States,<=50K
27.0,Private,,9th,5.0,Separated,Craft-repair,Not-in-family,White,Male,0.0,0.0,40.0,United-States,<=50K
35.0,Private,229328.0,HS-grad,9.0,Married-civ-spouse,Machine-op-inspct,Wife,Black,Female,47889.20366261097,0.0,40.0,United-States,>50K
,,163057.0,Some-college,10.0,Divorced,Craft-repair,Not-in-family,White,Male,0.0,0.0,,United-States,<=50K
,Private,295706.0,Masters,14.0,Married-civ-spouse,Exec-managerial,,White,Male,0.0,0.0,70.0,United-States,>50K
20.0,Private,184045.0,Some-college,,Never-married,Sales,Unmarried,Black,Female,0.0,0.0,30.0,United-States,<=50K
31.0,Private,103435.0,HS-grad,9.0,Married-civ-spouse,Transport-moving,Husband,White,Male,0.0,0.0,40.0,United-States,<=50K
30.0,Private,169496.0,Masters,14.0,Married-civ-spouse,Other-service,Husband,White,Male,0.0,0.0,15.0,United-States,>50K
18.0,Private,192409.0,Some-college,10.0,Never-married,Sales,Own-child,White,Female,0.0,0.0,20.0,United-States,<=50K
21.0,Private,,Some-college,,Never-married,Other-service,Own-child,Black,Male,0.0,0.0,40.0,Outlying-US(Guam-USVI-etc),<=50K
47.0,Private,343742.0,HS-grad,9.0,Separated,Craft-repair,Unmarried,Black,Male,0.0,0.0,40.0,United-States,<=50K
38.0,Private,186934.0,,10.0,Married-civ-spouse,Craft-repair,,White,Male,0.0,0.0,45.0,United-States,<=50K
49.0,Local-gov,337768.0,Masters,14.0,Married-civ-spouse,Exec-managerial,Husband,White,Male,0.0,0.0,50.0,,>50K
25.0,,294406.0,Assoc-voc,11.0,Never-married,Prof-specialty,,White,Female,0.0,0.0,30.0,United-States,<=50K
24.0,Private,254351.0,,10.0,Never-married,Sales,Own-child,White,Male,0.0,0.0,107.63219978905336,United-States,>50K
38.0,Local-gov,338611.0,Some-college,10.0,Never-married,Adm-clerical,,White,Female,0.0,0.0,40.0,United-States,<=50K
35.0,Private,179481.0,HS-grad,9.0,Never-married,Transport-moving,Own-child,White,Male,0.0,0.0,55.0,United-States,<=50K
31.0,Private,274818.0,Some-college,10.0,Never-married,Adm-clerical,Not-in-family,White,Female,0.0,0.0,40.0,United-States,<=50K
32.0,Private,258406.0,Some-college,10.0,Never-married,Craft-repair,Unmarried,White,,0.0,0.0,72.0,Mexico,<=50K
46.0,Private,130779.0,Some-college,10.0,Married-civ-spouse,Adm-clerical,Husband,,Male,0.0,0.0,40.0,United-States,<=50K
26.0,Self-emp-not-inc,219897.0,Masters,14.0,Never-married,Prof-specialty,Not-in-family,White,Female,0.0,0.0,50.0,United-States,<=50K
21.0,Private,169699.0,Some-college,10.0,Never-married,Other-service,Not-in-family,White,Female,0.0,0.0,35.0,United-States,<=50K
20.0,Private,228452.0,,10.0,Never-married,Sales,Not-in-family,White,Male,0.0,0.0,50.0,United-States,<=50K
29.0,Private,135791.0,Bachelors,13.0,Married-civ-spouse,Exec-managerial,Wife,White,Female,15024.0,0.0,50.0,Cuba,>50K
,Private,137076.0,Some-college,10.0,Married-civ-spouse,Exec-managerial,Husband,White,Male,15024.0,0.0,60.0,United-States,>50K
29.0,Private,,Assoc-acdm,12.0,Never-married,Prof-specialty,Not-in-family,White,Female,8614.0,0.0,40.0,United-States,>50K
32.0,Private,,HS-grad,9.0,Married-civ-spouse,Machine-op-inspct,Husband,White,Male,0.0,0.0,40.0,United-States,<=50K
50.0,Private,257126.0,HS-grad,,Married-civ-spouse,Craft-repair,Husband,White,Male,0.0,0.0,40.0,United-States,>50K
18.0,Private,295607.0,10th,,Never-married,Transport-moving,Own-child,White,Male,0.0,0.0,40.0,United-States,<=50K
49.0,,350759.0,Bachelors,13.0,Married-civ-spouse,Sales,Husband,White,Male,0.0,0.0,60.0,United-States,>50K
34.0,Self-emp-not-inc,190290.0,HS-grad,9.0,Married-civ-spouse,Craft-repair,Husband,White,Male,0.0,,40.0,,>50K
50.0,Private,266529.0,11th,7.0,Married-civ-spouse,Craft-repair,Husband,White,Male,0.0,,40.0,United-States,<=50K
57.0,Private,74156.0,HS-grad,,Married-civ-spouse,Other-service,,White,Male,0.0,0.0,30.0,United-States,<=50K
22.0,Private,208946.0,Some-college,10.0,Never-married,Adm-clerical,Own-child,White,Male,0.0,0.0,25.0,United-States,<=50K
29.0,Self-emp-not-inc,229842.0,,9.0,Never-married,,Unmarried,Black,Male,0.0,0.0,45.0,United-States,<=50K
50.0,Self-emp-not-inc,371305.0,,9.0,Married-civ-spouse,Sales,Husband,White,Male,0.0,1902.0,60.0,United-States,>50K
27.0,Private,126060.0,Assoc-voc,11.0,Never-married,Prof-specialty,Not-in-family,White,,0.0,0.0,35.0,United-States,<=50K
37.0,Private,179671.0,HS-grad,9.0,Divorced,Craft-repair,Not-in-family,,Male,0.0,0.0,40.0,United-States,<=50K
35.0,Private,187167.0,HS-grad,9.0,Divorced,,Not-in-family,White,Female,0.0,0.0,,United-States,<=50K
54.0,State-gov,137815.0,12th,8.0,Never-married,Other-service,Own-child,White,Male,4101.0,0.0,,United-States,<=50K
44.0,Private,160574.0,HS-grad,9.0,Married-civ-spouse,Craft-repair,Husband,White,,0.0,0.0,65.0,United-States,>50K
42.0,Private,222756.0,Bachelors,13.0,Divorced,Prof-specialty,Unmarried,White,Male,,0.0,40.0,United-States,>50K
50.0,Private,98815.0,Assoc-voc,11.0,Married-civ-spouse,Adm-clerical,Husband,White,,0.0,0.0,46.0,United-States,>50K
46.0,Private,332884.0,Bachelors,13.0,Married-civ-spouse,Exec-managerial,Husband,White,Male,7298.0,0.0,,United-States,>50K
39.0,Private,290922.0,Masters,14.0,Never-married,Prof-specialty,Own-child,White,Female,0.0,0.0,40.0,United-States,<=50K
56.0,Private,318450.0,,14.0,Married-civ-spouse,Adm-clerical,,White,Male,0.0,0.0,80.0,United-States,>50K
41.0,Private,161880.0,HS-grad,9.0,Separated,,Not-in-family,Black,Male,0.0,0.0,50.0,United-States,<=50K
35.0,Self-emp-not-inc,171968.0,HS-grad,9.0,Separated,Transport-moving,Not-in-family,White,Male,0.0,0.0,70.0,United-States,<=50K
28.0,Private,241895.0,HS-grad,9.0,Married-civ-spouse,Sales,Husband,White,Male,0.0,1628.0,40.0,United-States,<=50K
64.0,Private,,11th,7.0,Widowed,Machine-op-inspct,Not-in-family,White,Female,0.0,0.0,40.0,India,<=50K
25.0,Private,27411.0,Bachelors,13.0,Divorced,Sales,Not-in-family,White,Female,0.0,0.0,40.0,United-States,<=50K
39.0,Private,325374.0,Some-college,10.0,Never-married,Adm-clerical,Not-in-family,White,Male,0.0,0.0,40.0,United-States,<=50K
,Private,141807.0,Doctorate,16.0,Married-civ-spouse,Exec-managerial,Husband,White,Male,0.0,0.0,40.0,United-States,>50K
32.0,Private,174201.0,HS-grad,,Married-civ-spouse,Handlers-cleaners,Husband,White,Male,0.0,0.0,38.0,United-States,>50K
54.0,Private,286989.0,,1.0,Married-civ-spouse,Farming-fishing,Husband,White,Male,0.0,0.0,60.0,United-States,<=50K
19.0,Private,,HS-grad,9.0,Never-married,Craft-repair,Other-relative,White,Male,0.0,0.0,25.0,Mexico,<=50K
40.0,Private,393962.0,Assoc-voc,11.0,Never-married,Prof-specialty,Not-in-family,White,Female,0.0,0.0,50.0,United-States,<=50K
-31.7819770088162,Private,145636.0,HS-grad,9.0,,Machine-op-inspct,Husband,White,Male,0.0,0.0,,United-States,<=50K
37.0,Private,278632.0,9th,5.0,Married-civ-spouse,Transport-moving,Husband,White,Male,0.0,0.0,40.0,United-States,<=50K
19.0,Private,56750.0,Some-college,10.0,Never-married,Exec-managerial,Not-in-family,White,Female,0.0,0.0,30.0,United-States,<=50K
46.0,Local-gov,36228.0,HS-grad,9.0,,Craft-repair,Husband,White,Male,0.0,1902.0,40.0,United-States,<=50K
57.0,Self-emp-not-inc,287229.0,HS-grad,9.0,Married-civ-spouse,Craft-repair,Husband,White,Male,,0.0,48.0,United-States,>50K
17.0,Private,152696.0,12th,8.0,Never-married,Other-service,Own-child,White,Female,0.0,0.0,30.0,United-States,<=50K
52.0,,73134.0,Bachelors,,Married-civ-spouse,Sales,Husband,White,Male,0.0,0.0,40.0,United-States,>50K
31.0,Private,364657.0,Some-college,10.0,Married-civ-spouse,Exec-managerial,,White,Male,0.0,0.0,50.0,Germany,>50K
19.0,Private,146189.0,11th,7.0,Never-married,Sales,Unmarried,Amer-Indian-Eskimo,Male,0.0,0.0,43.0,United-States,<=50K
35.0,Federal-gov,179262.0,HS-grad,9.0,Never-married,Adm-clerical,Unmarried,White,Female,0.0,0.0,40.0,United-States,<=50K
45.0,Self-emp-inc,121124.0,Prof-school,15.0,Never-married,Craft-repair,Not-in-family,White,Male,0.0,0.0,50.0,United-States,>50K
20.0,Private,227594.0,HS-grad,9.0,Never-married,,Own-child,White,Female,,0.0,40.0,United-States,<=50K
18.0,Self-emp-not-inc,258474.0,10th,6.0,Never-married,Farming-fishing,Own-child,White,Male,0.0,0.0,40.0,United-States,<=50K
50.0,,172175.0,Prof-school,15.0,Married-civ-spouse,Prof-specialty,Husband,White,Male,0.0,0.0,40.0,United-States,>50K
58.0,Private,104945.0,9th,5.0,Married-civ-spouse,Handlers-cleaners,Husband,Black,Male,,0.0,60.0,United-States,<=50K
36.0,Private,29984.0,12th,8.0,Married-civ-spouse,Transport-moving,Husband,White,Male,0.0,0.0,40.0,United-States,<=50K
43.0,Private,200355.0,HS-grad,9.0,Married-civ-spouse,Transport-moving,Husband,White,Male,0.0,0.0,70.0,United-States,>50K
39.0,,,HS-grad,9.0,Divorced,Other-service,Own-child,White,Male,0.0,0.0,40.0,United-States,<=50K
57.0,State-gov,170108.0,Bachelors,13.0,Married-civ-spouse,Exec-managerial,Husband,White,Male,0.0,1902.0,40.0,United-States,>50K
24.0,Local-gov,184678.0,Bachelors,13.0,,Prof-specialty,Not-in-family,White,Female,0.0,0.0,40.0,United-States,<=50K
19.0,Private,38619.0,Some-college,10.0,Never-married,Farming-fishing,Own-child,White,Male,0.0,,66.0,United-States,<=50K
35.0,Private,66304.0,10th,6.0,Married-civ-spouse,Machine-op-inspct,Husband,White,Male,0.0,0.0,45.0,United-States,<=50K
46.0,Private,205100.0,Assoc-voc,11.0,Married-civ-spouse,Exec-managerial,Husband,White,Male,0.0,0.0,48.0,United-States,>50K
64.0,Private,203783.0,HS-grad,9.0,Widowed,Adm-clerical,Unmarried,White,Female,0.0,0.0,8.0,United-States,<=50K
23.0,Private,197756.0,Some-college,10.0,Married-civ-spouse,Sales,Wife,White,Female,0.0,,35.0,United-States,<=50K
51.0,Private,35576.0,HS-grad,9.0,Divorced,Craft-repair,Not-in-family,White,Male,0.0,0.0,38.0,United-States,<=50K
47.0,Private,287480.0,Some-college,10.0,Married-civ-spouse,Craft-repair,Husband,White,Male,0.0,0.0,40.0,United-States,<=50K
35.0,Private,176756.0,12th,8.0,Married-civ-spouse,,Husband,Black,Male,0.0,0.0,40.0,United-States,<=50K
47.0,Private,114882.0,Assoc-voc,11.0,Married-civ-spouse,Transport-moving,Husband,White,Male,0.0,0.0,40.0,United-States,<=50K
35.0,Self-emp-not-inc,462890.0,10th,6.0,Married-civ-spouse,Transport-moving,Husband,Black,Male,0.0,0.0,50.0,United-States,<=50K
35.0,Self-emp-not-inc,455379.0,HS-grad,9.0,Married-civ-spouse,Transport-moving,Husband,White,Male,0.0,0.0,65.0,United-States,>50K
69.0,Local-gov,142297.0,10th,6.0,Married-civ-spouse,Adm-clerical,Wife,White,Female,,0.0,17.0,United-States,<=50K
29.0,Private,-426274.9330611756,Masters,14.0,Never-married,,Not-in-family,Black,Male,0.0,0.0,60.0,United-States,>50K
38.0,Self-emp-not-inc,43712.0,11th,7.0,Married-civ-spouse,Exec-managerial,Husband,White,Male,0.0,1887.0,45.0,United-States,>50K
25.0,Private,69739.0,10th,6.0,Never-married,Machine-op-inspct,Own-child,White,Male,0.0,0.0,40.0,Portugal,<=50K
59.0,Private,47444.0,Some-college,10.0,Married-civ-spouse,Transport-moving,Husband,White,,0.0,,74.0,United-States,>50K
38.0,Private,150057.0,Bachelors,13.0,Divorced,Sales,,White,Male,0.0,0.0,50.0,United-States,<=50K
25.0,Private,76978.0,HS-grad,9.0,Never-married,Sales,,Black,Female,0.0,0.0,35.0,United-States,<=50K
53.0,Private,133219.0,HS-grad,9.0,Married-civ-spouse,Other-service,Husband,Black,Male,4386.0,0.0,30.0,United-States,>50K
42.0,Local-gov,150533.0,Masters,14.0,Married-civ-spouse,Protective-serv,Husband,White,Male,7688.0,0.0,35.0,United-States,>50K
36.0,Private,179488.0,Some-college,,Divorced,Adm-clerical,Unmarried,White,Male,0.0,0.0,40.0,Canada,<=50K
30.0,Private,194901.0,,15.0,Divorced,Sales,Own-child,White,Male,0.0,0.0,55.0,United-States,<=50K
41.0,Private,183850.0,HS-grad,9.0,Divorced,Sales,Not-in-family,White,Male,0.0,0.0,50.0,United-States,<=50K
39.0,Local-gov,113253.0,Bachelors,13.0,Married-civ-spouse,Prof-specialty,Wife,White,Female,0.0,0.0,50.0,United-States,>50K
,State-gov,,Some-college,10.0,Never-married,Prof-specialty,Not-in-family,White,Female,0.0,0.0,16.0,United-States,<=50K
-45.7819770088162,Private,236818.0,Assoc-voc,,Never-married,Prof-specialty,,Black,Female,,0.0,26.0,United-States,>50K
34.0,Private,106541.0,Some-college,10.0,Married-civ-spouse,Machine-op-inspct,Husband,,Male,0.0,0.0,,United-States,<=50K
55.0,Private,205422.0,10th,6.0,Married-civ-spouse,Other-service,Wife,,Female,0.0,0.0,40.0,United-States,<=50K
32.0,Private,174215.0,,10.0,Divorced,Sales,Unmarried,White,Female,0.0,0.0,40.0,United-States,<=50K
21.0,Private,262634.0,7th-8th,4.0,Never-married,Farming-fishing,Not-in-family,White,Male,0.0,0.0,36.0,United-States,<=50K
47.0,Private,181652.0,HS-grad,9.0,Married-civ-spouse,Machine-op-inspct,Wife,White,Female,0.0,,40.0,United-States,<=50K
27.0,Private,147951.0,HS-grad,9.0,Never-married,Machine-op-inspct,Other-relative,White,Male,0.0,0.0,1.0,United-States,<=50K
33.0,Private,53373.0,HS-grad,,Married-civ-spouse,Craft-repair,Husband,White,Male,0.0,0.0,35.0,United-States,<=50K
22.0,Private,440969.0,Some-college,10.0,Never-married,Other-service,Own-child,White,Female,0.0,0.0,24.0,United-States,<=50K
27.0,Private,466224.0,Some-college,10.0,Never-married,Sales,Not-in-family,Black,Male,0.0,0.0,40.0,United-States,<=50K
37.0,Private,175614.0,,6.0,Never-married,Other-service,Unmarried,White,Female,0.0,0.0,40.0,United-States,<=50K
58.0,Private,209438.0,Some-college,,Divorced,Other-service,Unmarried,Black,Female,0.0,0.0,40.0,United-States,<=50K
29.0,Private,264166.0,Some-college,10.0,Never-married,Adm-clerical,Not-in-family,White,Female,0.0,0.0,60.0,Mexico,<=50K
42.0,Private,306496.0,HS-grad,9.0,Married-civ-spouse,Other-service,Husband,White,Male,0.0,0.0,40.0,United-States,<=50K
37.0,Private,253006.0,Some-college,10.0,Separated,,Not-in-family,White,Male,0.0,,45.0,United-States,<=50K
63.0,Private,76860.0,Bachelors,13.0,Married-civ-spouse,Protective-serv,Husband,Asian-Pac-Islander,Male,0.0,0.0,40.0,Philippines,>50K
51.0,Private,200576.0,Bachelors,-2.4862381985064985,Divorced,Adm-clerical,Not-in-family,White,Female,0.0,0.0,40.0,United-States,>50K
17.0,Self-emp-inc,,11th,7.0,Never-married,Prof-specialty,Own-child,White,Male,-47889.20366261097,0.0,20.0,United-States,>50K
37.0,Private,,7th-8th,4.0,Married-civ-spouse,Craft-repair,Husband,White,Male,0.0,0.0,50.0,United-States,<=50K
42.0,Federal-gov,272625.0,Assoc-voc,11.0,Divorced,Adm-clerical,Unmarried,Black,Female,0.0,0.0,40.0,United-States,>50K
32.0,Private,221680.0,Bachelors,13.0,Never-married,Machine-op-inspct,Not-in-family,White,Male,0.0,0.0,40.0,United-States,<=50K
23.0,Private,347292.0,HS-grad,9.0,Never-married,Handlers-cleaners,Not-in-family,White,Male,0.0,0.0,40.0,United-States,<=50K
53.0,,64322.0,HS-grad,9.0,Married-civ-spouse,Exec-managerial,Husband,White,Male,0.0,0.0,40.0,United-States,<=50K
64.0,Self-emp-not-inc,165479.0,,9.0,Married-civ-spouse,Sales,Husband,White,Male,0.0,0.0,5.0,,<=50K
39.0,Private,112264.0,HS-grad,9.0,Married-civ-spouse,Craft-repair,Husband,White,Male,0.0,0.0,40.0,United-States,<=50K
39.0,Private,256294.0,HS-grad,9.0,Married-civ-spouse,Other-service,Husband,Black,Male,0.0,0.0,40.0,United-States,<=50K
36.0,Private,268292.0,HS-grad,9.0,Married-civ-spouse,Craft-repair,Husband,White,Male,0.0,0.0,41.0,United-States,<=50K
30.0,Private,261023.0,Some-college,10.0,Divorced,Machine-op-inspct,Unmarried,White,Male,0.0,0.0,50.0,United-States,<=50K
48.0,Local-gov,97680.0,Masters,14.0,Married-civ-spouse,Prof-specialty,Wife,White,Female,15024.0,0.0,10.0,United-States,>50K
61.0,Private,159046.0,7th-8th,,Married-civ-spouse,Transport-moving,Husband,,Male,0.0,0.0,40.0,United-States,<=50K
75.0,Private,200068.0,Some-college,10.0,Married-civ-spouse,Exec-managerial,Husband,White,Male,,0.0,35.0,United-States,>50K
51.0,Self-emp-not-inc,299119.0,Bachelors,,,Sales,Husband,,Male,0.0,0.0,50.0,United-States,>50K
37.0,State-gov,29145.0,Bachelors,13.0,Married-civ-spouse,Exec-managerial,Husband,White,Male,0.0,0.0,50.0,United-States,>50K
28.0,Private,126129.0,Some-college,10.0,Never-married,Adm-clerical,Not-in-family,White,Female,0.0,0.0,40.0,United-States,<=50K
35.0,Private,241126.0,Bachelors,13.0,Never-married,Prof-specialty,Not-in-family,White,Male,0.0,0.0,50.0,United-States,<=50K
24.0,Private,116800.0,Assoc-voc,11.0,Never-married,Machine-op-inspct,Own-child,White,,0.0,-2389.4466063488135,35.0,United-States,>50K
44.0,Self-emp-inc,79521.0,Bachelors,13.0,Married-civ-spouse,Farming-fishing,Husband,White,Male,15024.0,0.0,55.0,United-States,>50K
49.0,Private,195956.0,Bachelors,13.0,Divorced,Tech-support,,White,,0.0,0.0,35.0,United-States,<=50K
45.0,Private,165346.0,Some-college,10.0,Divorced,Exec-managerial,Unmarried,White,Female,0.0,0.0,64.0,United-States,<=50K
45.0,Private,341995.0,Assoc-voc,11.0,Married-civ-spouse,Prof-specialty,Husband,White,Male,0.0,1902.0,42.0,United-States,>50K
66.0,,189834.0,,4.0,Widowed,Other-service,Not-in-family,White,Female,0.0,0.0,20.0,United-States,<=50K
44.0,Self-emp-not-inc,92162.0,HS-grad,9.0,Divorced,Craft-repair,Not-in-family,White,Male,0.0,0.0,40.0,United-States,<=50K
45.0,,189890.0,Assoc-acdm,12.0,Divorced,Prof-specialty,Unmarried,White,Female,5455.0,0.0,38.0,United-States,<=50K
33.0,Private,136331.0,HS-grad,9.0,Married-civ-spouse,,Husband,White,Male,47889.20366261097,0.0,40.0,United-States,>50K
43.0,Private,,5th-6th,3.0,Separated,Other-service,Other-relative,White,Female,0.0,0.0,40.0,El-Salvador,<=50K
56.0,Self-emp-not-inc,,Masters,14.0,Married-civ-spouse,Prof-specialty,Husband,White,Male,0.0,0.0,60.0,United-States,>50K
41.0,Private,135823.0,Assoc-voc,11.0,Married-civ-spouse,Prof-specialty,Husband,White,Male,47889.20366261097,0.0,40.0,United-States,>50K
31.0,Private,169589.0,Masters,14.0,Never-married,Prof-specialty,Not-in-family,White,Male,0.0,0.0,30.0,United-States,<=50K
39.0,,74194.0,Assoc-voc,11.0,Divorced,Craft-repair,Not-in-family,White,Male,,1721.0,45.0,United-States,<=50K
41.0,Self-emp-not-inc,144594.0,7th-8th,4.0,Married-civ-spouse,Craft-repair,Husband,White,Male,0.0,2179.0,40.0,United-States,<=50K
49.0,Private,247892.0,Some-college,10.0,Married-civ-spouse,Craft-repair,Husband,Black,Male,0.0,0.0,30.0,United-States,<=50K
59.0,Private,175689.0,Some-college,10.0,Married-civ-spouse,Adm-clerical,Wife,White,Female,0.0,0.0,14.0,Cuba,>50K
29.0,Private,137240.0,Some-college,10.0,Divorced,Handlers-cleaners,Not-in-family,White,Male,0.0,0.0,45.0,United-States,<=50K
76.0,Self-emp-not-inc,237624.0,7th-8th,4.0,Married-civ-spouse,,Husband,White,Male,0.0,0.0,10.0,United-States,<=50K
18.0,State-gov,352317.0,Some-college,10.0,Never-married,Other-service,Own-child,White,Female,0.0,0.0,20.0,United-States,<=50K
56.0,Private,28729.0,11th,7.0,Separated,Machine-op-inspct,Not-in-family,White,Female,0.0,0.0,40.0,United-States,<=50K
50.0,Self-emp-inc,-536350.9330611756,Prof-school,15.0,Married-civ-spouse,Prof-specialty,Husband,Asian-Pac-Islander,Male,0.0,0.0,40.0,India,>50K
54.0,Private,100933.0,HS-grad,9.0,,Adm-clerical,Unmarried,White,,0.0,0.0,40.0,United-States,<=50K
25.0,,404616.0,Masters,14.0,Married-civ-spouse,Farming-fishing,Not-in-family,White,Male,0.0,0.0,99.0,United-States,>50K
25.0,Private,178037.0,HS-grad,9.0,Never-married,Sales,Unmarried,White,Male,0.0,0.0,40.0,United-States,<=50K
52.0,Private,224198.0,HS-grad,9.0,Divorced,Sales,Not-in-family,White,Female,0.0,0.0,48.0,United-States,<=50K
23.0,Private,434467.0,HS-grad,9.0,Never-married,,Not-in-family,White,Male,0.0,0.0,48.0,United-States,<=50K
,Private,167350.0,HS-grad,9.0,Never-married,Craft-repair,Own-child,White,Male,0.0,0.0,35.0,United-States,<=50K
21.0,Private,322931.0,Some-college,10.0,Never-married,Craft-repair,Not-in-family,,Male,0.0,0.0,55.0,United-States,<=50K
60.0,Private,188236.0,10th,6.0,Widowed,Tech-support,Unmarried,White,Female,0.0,0.0,40.0,United-States,<=50K
39.0,Private,198841.0,Masters,14.0,Married-civ-spouse,Prof-specialty,Husband,White,Male,,0.0,45.0,United-States,>50K
26.0,Private,320465.0,HS-grad,9.0,Never-married,Other-service,Not-in-family,Black,Male,0.0,0.0,40.0,United-States,<=50K
48.0,Private,57534.0,Some-college,10.0,Married-civ-spouse,Machine-op-inspct,Husband,White,Male,0.0,0.0,40.0,United-States,<=50K
29.0,Private,253814.0,Bachelors,13.0,Never-married,Exec-managerial,Not-in-family,White,Female,0.0,0.0,45.0,United-States,<=50K
47.0,State-gov,207120.0,Assoc-voc,11.0,Married-civ-spouse,Exec-managerial,Husband,White,Male,0.0,0.0,38.0,United-States,>50K
37.0,Private,177858.0,Some-college,10.0,Never-married,Exec-managerial,Not-in-family,White,Male,2174.0,0.0,40.0,United-States,<=50K
37.0,Private,166497.0,Bachelors,13.0,Divorced,Craft-repair,Not-in-family,White,Male,0.0,0.0,35.0,,<=50K
22.0,Private,239098.0,HS-grad,9.0,Never-married,Other-service,Unmarried,White,Female,0.0,0.0,40.0,United-States,<=50K
,Private,843521.9330611756,1st-4th,,Married-civ-spouse,Handlers-cleaners,Husband,,Male,0.0,0.0,40.0,El-Salvador,>50K
26.0,Private,238787.0,Bachelors,13.0,Married-civ-spouse,Sales,Wife,White,Female,0.0,0.0,,United-States,<=50K
,Private,225724.0,Some-college,10.0,Never-married,Prof-specialty,Own-child,White,Female,0.0,0.0,25.0,United-States,<=50K
41.0,Local-gov,74581.0,,13.0,Divorced,Prof-specialty,Unmarried,White,Male,0.0,,65.0,United-States,<=50K
26.0,Private,102476.0,Bachelors,13.0,,Tech-support,Husband,White,Male,0.0,0.0,40.0,United-States,>50K
40.0,Private,133456.0,HS-grad,9.0,Married-civ-spouse,Sales,Other-relative,White,Female,0.0,0.0,24.0,United-States,>50K
66.0,Private,386120.0,11th,7.0,Married-civ-spouse,Other-service,Husband,White,Male,10605.0,2389.4466063488135,,United-States,<=50K
45.0,Private,148549.0,Some-college,10.0,Divorced,,Not-in-family,White,Male,27828.0,0.0,56.0,United-States,>50K
44.0,Local-gov,145178.0,HS-grad,9.0,Married-civ-spouse,Other-service,Wife,Black,Female,0.0,0.0,38.0,Jamaica,>50K
30.0,,49795.0,HS-grad,9.0,Never-married,Adm-clerical,Not-in-family,White,Male,0.0,0.0,40.0,United-States,<=50K
22.0,Private,310197.0,7th-8th,4.0,Married-civ-spouse,Handlers-cleaners,Husband,White,Male,0.0,0.0,40.0,United-States,<=50K
48.0,Private,277946.0,HS-grad,9.0,Married-civ-spouse,Craft-repair,Husband,White,Male,0.0,0.0,40.0,United-States,<=50K
52.0,Self-emp-inc,334273.0,Doctorate,16.0,Married-civ-spouse,Prof-specialty,Husband,White,Male,99999.0,0.0,65.0,United-States,>50K
25.0,Private,470203.0,Bachelors,13.0,Never-married,Prof-specialty,Not-in-family,,Female,0.0,0.0,30.0,United-States,<=50K
43.0,Private,350661.0,Prof-school,15.0,Separated,Tech-support,Not-in-family,White,Male,0.0,0.0,50.0,Columbia,>50K
33.0,Private,90668.0,HS-grad,,Never-married,Adm-clerical,Not-in-family,White,Female,0.0,0.0,40.0,United-States,<=50K
32.0,Private,131584.0,HS-grad,9.0,Never-married,Craft-repair,Own-child,White,Male,0.0,0.0,40.0,United-States,<=50K
43.0,Self-emp-inc,320984.0,Some-college,10.0,Married-civ-spouse,Machine-op-inspct,Husband,White,Male,0.0,,50.0,United-States,<=50K
29.0,Private,306420.0,HS-grad,9.0,Married-civ-spouse,Craft-repair,Husband,White,Male,0.0,0.0,45.0,United-States,>50K
24.0,Private,194630.0,Bachelors,13.0,Never-married,Prof-specialty,Not-in-family,White,Male,0.0,0.0,35.0,United-States,<=50K
41.0,Private,112656.0,HS-grad,9.0,Divorced,Other-service,Unmarried,White,,0.0,0.0,40.0,United-States,<=50K
53.0,State-gov,94186.0,Assoc-acdm,12.0,Married-civ-spouse,,Wife,Black,Female,0.0,0.0,37.0,United-States,<=50K
32.0,Private,137076.0,Some-college,10.0,Married-civ-spouse,Sales,Husband,White,,0.0,0.0,40.0,United-States,<=50K
38.0,Private,108140.0,Bachelors,13.0,Never-married,Exec-managerial,Not-in-family,White,Male,2202.0,0.0,45.0,United-States,<=50K
26.0,Private,195636.0,Bachelors,13.0,Never-married,Prof-specialty,Not-in-family,White,Female,0.0,0.0,55.0,United-States,<=50K
37.0,Private,32709.0,Bachelors,13.0,Married-civ-spouse,Tech-support,Wife,White,,0.0,0.0,40.0,United-States,>50K
23.0,Private,197613.0,Some-college,10.0,Never-married,Adm-clerical,Own-child,White,Female,0.0,0.0,40.0,,<=50K
42.0,Private,191765.0,HS-grad,9.0,Divorced,Other-service,Other-relative,Black,Female,0.0,0.0,35.0,United-States,<=50K
21.0,Private,94826.0,5th-6th,3.0,Never-married,Craft-repair,Own-child,White,Male,0.0,0.0,40.0,Guatemala,<=50K
23.0,Private,53306.0,HS-grad,9.0,Never-married,Craft-repair,Not-in-family,White,Male,0.0,0.0,30.0,United-States,<=50K
45.0,Private,421412.0,HS-grad,9.0,Married-civ-spouse,Machine-op-inspct,Husband,White,Male,0.0,,45.0,United-States,>50K
47.0,Private,189680.0,Bachelors,13.0,Never-married,Sales,Own-child,White,Male,0.0,0.0,40.0,United-States,<=50K
28.0,Private,226089.0,10th,6.0,Never-married,Machine-op-inspct,Unmarried,White,Female,0.0,0.0,40.0,United-States,<=50K
17.0,Private,,9th,5.0,Never-married,Handlers-cleaners,Other-relative,White,Male,0.0,0.0,40.0,Mexico,<=50K
56.0,Private,340171.0,,9.0,Married-civ-spouse,Transport-moving,Husband,Black,Male,0.0,0.0,40.0,United-States,<=50K
46.0,,504725.0,5th-6th,3.0,Separated,Handlers-cleaners,Not-in-family,White,Male,0.0,0.0,50.0,Mexico,<=50K
23.0,Private,129767.0,Some-college,10.0,Never-married,Adm-clerical,Not-in-family,White,Female,0.0,1721.0,40.0,United-States,<=50K
-40.7819770088162,Private,258761.0,HS-grad,9.0,Divorced,Exec-managerial,Not-in-family,White,Male,0.0,0.0,50.0,United-States,>50K
19.0,Private,,HS-grad,9.0,Never-married,Other-service,Own-child,White,Female,0.0,0.0,14.0,United-States,<=50K
75.0,Private,185603.0,10th,6.0,Widowed,Tech-support,Not-in-family,White,Female,0.0,0.0,32.0,United-States,<=50K
84.0,Private,,HS-grad,9.0,Widowed,,Not-in-family,White,Female,,,40.0,England,<=50K
51.0,Private,135190.0,7th-8th,4.0,Separated,Machine-op-inspct,Not-in-family,Black,Female,0.0,0.0,30.0,United-States,<=50K
41.0,Private,180572.0,Bachelors,13.0,Divorced,Prof-specialty,Not-in-family,White,Female,0.0,0.0,50.0,United-States,>50K
,,269786.0,HS-grad,,Married-civ-spouse,Craft-repair,Husband,White,Male,0.0,0.0,40.0,United-States,<=50K
21.0,Private,192572.0,HS-grad,,Never-married,Adm-clerical,Own-child,White,Female,0.0,,45.0,United-States,<=50K
41.0,Private,75012.0,HS-grad,9.0,Married-civ-spouse,Machine-op-inspct,Husband,White,,,0.0,50.0,United-States,<=50K
32.0,Private,204374.0,HS-grad,9.0,Divorced,Handlers-cleaners,Not-in-family,,Male,0.0,0.0,40.0,United-States,<=50K
38.0,Private,168680.0,Some-college,10.0,Never-married,Adm-clerical,,Black,Female,0.0,0.0,40.0,United-States,<=50K
42.0,Private,32016.0,Assoc-voc,11.0,Married-civ-spouse,,Husband,White,Male,7298.0,0.0,40.0,United-States,>50K
22.0,Private,141003.0,Assoc-voc,11.0,Never-married,Other-service,Own-child,White,Male,0.0,0.0,30.0,United-States,<=50K
39.0,Private,67433.0,Bachelors,13.0,Never-married,Exec-managerial,Not-in-family,White,Female,0.0,0.0,40.0,United-States,<=50K
34.0,Self-emp-not-inc,338042.0,HS-grad,9.0,Married-civ-spouse,Farming-fishing,Husband,White,Male,0.0,0.0,60.0,United-States,<=50K
,Self-emp-not-inc,188571.0,11th,7.0,Married-civ-spouse,Transport-moving,Husband,,Male,0.0,0.0,40.0,United-States,<=50K
49.0,Self-emp-inc,235646.0,HS-grad,9.0,Never-married,Craft-repair,Not-in-family,White,Male,0.0,0.0,47.0,United-States,<=50K
,Private,113211.0,Bachelors,13.0,Married-civ-spouse,Craft-repair,Husband,White,Male,99999.0,0.0,40.0,United-States,>50K
25.0,Private,243560.0,HS-grad,,Never-married,Sales,Own-child,White,Female,0.0,0.0,40.0,Columbia,<=50K
22.0,Private,283969.0,HS-grad,9.0,Never-married,,Own-child,White,Male,0.0,0.0,40.0,Mexico,<=50K
20.0,Private,174714.0,Some-college,10.0,Never-married,Other-service,Own-child,White,Male,0.0,0.0,20.0,,<=50K
,Private,185732.0,,9.0,Never-married,Other-service,Own-child,White,Female,0.0,0.0,30.0,United-States,<=50K
45.0,Private,377622.0,Some-college,10.0,Married-civ-spouse,Sales,Husband,White,Male,0.0,0.0,40.0,United-States,<=50K
65.0,Private,85787.0,7th-8th,4.0,Married-civ-spouse,Craft-repair,Husband,White,Male,-47889.20366261097,0.0,40.0,United-States,>50K
37.0,Private,208391.0,Some-college,10.0,Married-civ-spouse,Transport-moving,Husband,White,Male,0.0,0.0,40.0,United-States,>50K
-25.7819770088162,Private,172991.0,,10.0,Married-civ-spouse,Sales,Husband,White,Male,0.0,0.0,25.0,United-States,>50K
32.0,Federal-gov,386877.0,Assoc-voc,11.0,,Tech-support,Own-child,Black,Male,4650.0,0.0,40.0,United-States,<=50K
29.0,Private,,Bachelors,13.0,Never-married,Prof-specialty,Not-in-family,White,,0.0,0.0,50.0,England,<=50K
39.0,Self-emp-not-inc,,HS-grad,9.0,,Craft-repair,Husband,White,Male,0.0,0.0,60.0,United-States,<=50K
33.0,,67482.0,Assoc-voc,11.0,Divorced,Other-service,Unmarried,White,,0.0,0.0,99.0,United-States,<=50K
35.0,Private,138441.0,HS-grad,9.0,Married-civ-spouse,,Husband,White,Male,0.0,0.0,40.0,United-States,<=50K
66.0,Self-emp-not-inc,102686.0,Masters,14.0,Married-civ-spouse,Exec-managerial,Husband,White,Male,0.0,0.0,20.0,United-States,>50K
,Private,287701.0,,12.0,Divorced,Craft-repair,Unmarried,White,Male,0.0,0.0,45.0,United-States,>50K
22.0,Private,320451.0,Some-college,,Never-married,Protective-serv,Own-child,Asian-Pac-Islander,Male,0.0,0.0,24.0,India,<=50K
26.0,Self-emp-not-inc,118523.0,,24.4862381985065,Married-civ-spouse,Adm-clerical,Husband,White,Male,0.0,0.0,40.0,United-States,>50K
27.0,Self-emp-not-inc,226976.0,HS-grad,9.0,Married-civ-spouse,Prof-specialty,Husband,White,Male,0.0,0.0,50.0,United-States,>50K
18.0,Private,308739.0,HS-grad,9.0,Never-married,Adm-clerical,Own-child,,Female,0.0,0.0,20.0,United-States,<=50K
17.0,Private,19752.0,11th,7.0,,Other-service,Own-child,Black,Female,0.0,0.0,25.0,United-States,<=50K
20.0,Private,26842.0,Some-college,10.0,Never-married,Machine-op-inspct,Not-in-family,White,Female,2176.0,0.0,40.0,United-States,<=50K
37.0,Private,125550.0,HS-grad,9.0,Divorced,Sales,Not-in-family,White,Female,0.0,0.0,60.0,United-States,<=50K
44.0,Self-emp-not-inc,122749.0,HS-grad,9.0,Married-civ-spouse,Craft-repair,Husband,White,Male,0.0,0.0,35.0,Germany,<=50K
35.0,Private,119272.0,Bachelors,13.0,Married-civ-spouse,Exec-managerial,Husband,White,Male,0.0,0.0,55.0,United-States,>50K
62.0,Private,88055.0,Bachelors,13.0,Married-civ-spouse,Machine-op-inspct,Husband,White,Male,0.0,0.0,40.0,United-States,<=50K
39.0,Private,319248.0,10th,6.0,Never-married,Other-service,Unmarried,White,Female,,0.0,25.0,Mexico,<=50K
31.0,Private,83425.0,Some-college,10.0,,Adm-clerical,Unmarried,White,Female,0.0,,40.0,United-States,<=50K
43.0,Private,60001.0,Some-college,10.0,Married-civ-spouse,,Husband,White,Male,0.0,,45.0,United-States,<=50K
34.0,Private,172928.0,,9.0,Married-civ-spouse,Sales,Husband,White,Male,0.0,0.0,65.0,United-States,<=50K
24.0,Private,,Bachelors,13.0,Never-married,Other-service,Not-in-family,White,Female,0.0,0.0,40.0,United-States,<=50K
62.0,Private,109463.0,Some-college,10.0,Separated,Sales,Unmarried,White,Female,0.0,1617.0,33.0,United-States,<=50K
25.0,Private,28473.0,Assoc-voc,11.0,Married-civ-spouse,Craft-repair,Husband,White,Male,0.0,0.0,40.0,United-States,<=50K
35.0,Private,,Some-college,10.0,Married-civ-spouse,Exec-managerial,Husband,White,Male,0.0,0.0,40.0,United-States,>50K
33.0,Private,291414.0,11th,7.0,Married-civ-spouse,Handlers-cleaners,Husband,White,Male,0.0,,40.0,United-States,<=50K
28.0,Local-gov,229223.0,Assoc-voc,11.0,Married-civ-spouse,Prof-specialty,Wife,White,Female,7688.0,0.0,36.0,United-States,>50K
21.0,Private,161051.0,Some-college,10.0,Never-married,Tech-support,Own-child,Black,Female,0.0,0.0,4.0,United-States,<=50K
40.0,Self-emp-inc,182437.0,Assoc-acdm,12.0,Married-civ-spouse,Sales,Husband,White,,15024.0,0.0,50.0,United-States,>50K
48.0,Private,155509.0,HS-grad,9.0,Never-married,Adm-clerical,Not-in-family,Black,Female,,0.0,16.0,Trinadad&Tobago,<=50K
61.0,Private,149981.0,HS-grad,,,Adm-clerical,Wife,White,Female,2414.0,0.0,5.0,United-States,<=50K
30.0,Private,160594.0,Bachelors,-2.4862381985064985,Never-married,Exec-managerial,Not-in-family,White,Male,0.0,0.0,50.0,United-States,>50K
37.0,Local-gov,165883.0,HS-grad,9.0,Married-civ-spouse,Handlers-cleaners,Husband,Black,Male,0.0,0.0,40.0,United-States,<=50K
54.0,Private,,,10.0,Married-civ-spouse,Sales,Husband,White,Male,0.0,0.0,40.0,United-States,>50K
,Private,212261.0,Some-college,10.0,,Transport-moving,Own-child,Black,Male,0.0,0.0,39.0,United-States,<=50K
,Local-gov,32587.0,Bachelors,13.0,Married-civ-spouse,Exec-managerial,Husband,Amer-Indian-Eskimo,Male,0.0,0.0,50.0,United-States,>50K
48.0,Private,107682.0,HS-grad,9.0,Widowed,Machine-op-inspct,Not-in-family,White,Female,0.0,0.0,10.0,United-States,<=50K
66.0,Private,262285.0,Bachelors,13.0,Married-civ-spouse,Prof-specialty,Husband,White,Male,0.0,0.0,99.0,United-States,<=50K
22.0,Private,313730.0,Assoc-acdm,12.0,Never-married,Farming-fishing,Not-in-family,Black,Female,0.0,0.0,40.0,United-States,<=50K
20.0,Private,436253.0,Some-college,10.0,Never-married,Other-service,Own-child,White,Male,0.0,0.0,35.0,United-States,<=50K
33.0,Private,165235.0,Bachelors,13.0,Never-married,Other-service,Not-in-family,Asian-Pac-Islander,Female,0.0,0.0,35.0,Thailand,<=50K
29.0,Private,59732.0,HS-grad,9.0,Married-civ-spouse,Craft-repair,Husband,Amer-Indian-Eskimo,Male,0.0,0.0,,United-States,<=50K
32.0,Private,167063.0,Bachelors,13.0,Married-civ-spouse,Tech-support,Husband,White,Male,0.0,0.0,40.0,United-States,<=50K
42.0,Self-emp-inc,212894.0,Bachelors,13.0,Married-civ-spouse,Exec-managerial,Husband,,Male,0.0,0.0,60.0,United-States,>50K
43.0,,114537.0,Assoc-voc,11.0,Married-civ-spouse,Protective-serv,Husband,White,Male,-47889.20366261097,0.0,40.0,United-States,>50K
49.0,State-gov,,,13.0,Married-civ-spouse,Adm-clerical,Husband,White,Male,0.0,0.0,40.0,United-States,>50K
45.0,Local-gov,185588.0,Bachelors,13.0,Divorced,Prof-specialty,,,Female,0.0,0.0,40.0,United-States,<=50K
45.0,Private,166181.0,HS-grad,9.0,Widowed,Priv-house-serv,Own-child,Black,Female,0.0,0.0,25.0,United-States,<=50K
25.0,Private,,Bachelors,13.0,Never-married,Prof-specialty,Own-child,White,Male,0.0,,35.0,United-States,<=50K
23.0,Private,34431.0,HS-grad,9.0,Never-married,Machine-op-inspct,Not-in-family,,,0.0,0.0,40.0,United-States,<=50K
59.0,Private,53481.0,Some-college,10.0,Married-civ-spouse,Sales,Husband,White,Male,0.0,0.0,50.0,United-States,<=50K
51.0,Private,,Bachelors,13.0,,Prof-specialty,Husband,White,Male,0.0,0.0,70.0,United-States,>50K
44.0,Private,202872.0,Assoc-acdm,12.0,Divorced,Prof-specialty,Not-in-family,White,Female,0.0,0.0,40.0,United-States,>50K
65.0,Private,113323.0,Bachelors,13.0,Married-civ-spouse,Exec-managerial,Husband,White,Male,0.0,0.0,40.0,United-States,>50K
50.0,Private,191062.0,HS-grad,9.0,Married-civ-spouse,Handlers-cleaners,Husband,White,Male,0.0,0.0,40.0,United-States,<=50K
36.0,Local-gov,52532.0,Doctorate,,Married-civ-spouse,Prof-specialty,Husband,White,Male,0.0,1887.0,50.0,United-States,>50K
47.0,Private,343579.0,HS-grad,9.0,Married-civ-spouse,,Husband,White,Male,0.0,0.0,40.0,Mexico,<=50K
34.0,Private,299507.0,Assoc-voc,11.0,Never-married,Craft-repair,Not-in-family,White,Female,0.0,0.0,40.0,United-States,<=50K
42.0,Private,96115.0,Bachelors,13.0,Separated,Other-service,Not-in-family,White,Male,0.0,0.0,40.0,United-States,<=50K
52.0,,259323.0,HS-grad,9.0,Married-civ-spouse,Craft-repair,Husband,White,Male,0.0,0.0,40.0,United-States,>50K
39.0,State-gov,195148.0,Some-college,10.0,Married-civ-spouse,,Husband,White,Male,0.0,0.0,40.0,United-States,<=50K
34.0,Private,208353.0,HS-grad,9.0,Never-married,Machine-op-inspct,Own-child,White,Male,0.0,0.0,40.0,United-States,<=50K
33.0,Private,204752.0,HS-grad,9.0,Never-married,Other-service,Own-child,White,Male,0.0,0.0,40.0,United-States,<=50K
34.0,Private,73161.0,,,Married-civ-spouse,Sales,Husband,White,Male,0.0,0.0,40.0,United-States,>50K
34.0,Private,45522.0,HS-grad,9.0,Never-married,Other-service,,White,Male,0.0,0.0,40.0,United-States,<=50K
19.0,Private,243942.0,Some-college,10.0,Never-married,,Not-in-family,White,Male,0.0,0.0,40.0,,<=50K
32.0,Private,398988.0,Bachelors,13.0,Never-married,Exec-managerial,Not-in-family,White,Male,0.0,0.0,,United-States,<=50K
58.0,Local-gov,53481.0,Masters,-1.4862381985064983,Never-married,Prof-specialty,Not-in-family,White,Male,0.0,0.0,35.0,United-States,>50K
38.0,Private,414991.0,HS-grad,9.0,Married-civ-spouse,Transport-moving,Husband,White,Male,0.0,0.0,40.0,United-States,>50K
,Private,439779.0,Some-college,10.0,Never-married,Sales,Own-child,White,Male,0.0,0.0,,United-States,<=50K
38.0,Private,108726.0,HS-grad,9.0,Married-civ-spouse,Exec-managerial,Husband,White,Male,0.0,0.0,40.0,United-States,>50K
114.7819770088162,,197274.0,HS-grad,9.0,Never-married,Handlers-cleaners,Not-in-family,Black,Male,0.0,0.0,40.0,United-States,>50K
37.0,Local-gov,272471.0,HS-grad,9.0,Divorced,Adm-clerical,Unmarried,White,Female,0.0,0.0,40.0,United-States,<=50K
29.0,Federal-gov,,Assoc-voc,11.0,Married-civ-spouse,Tech-support,Husband,,Male,0.0,0.0,42.0,United-States,>50K
44.0,Private,44006.0,Assoc-voc,11.0,Divorced,Transport-moving,Not-in-family,White,Male,0.0,0.0,40.0,,<=50K
20.0,Private,30035.0,Assoc-acdm,12.0,Never-married,Sales,Own-child,White,Female,0.0,0.0,40.0,United-States,<=50K
50.0,Self-emp-not-inc,796317.9330611756,HS-grad,9.0,Divorced,Exec-managerial,,White,Female,99999.0,0.0,35.0,United-States,<=50K
53.0,Self-emp-not-inc,187830.0,Assoc-voc,11.0,Separated,Craft-repair,Not-in-family,White,Male,0.0,0.0,,Poland,<=50K
35.0,Local-gov,79649.0,Bachelors,13.0,Married-civ-spouse,Prof-specialty,Husband,White,Male,0.0,0.0,50.0,United-States,<=50K
,Private,177368.0,HS-grad,9.0,Married-civ-spouse,Craft-repair,Husband,White,Male,0.0,0.0,40.0,United-States,>50K
30.0,Private,34572.0,Prof-school,15.0,Married-civ-spouse,,Husband,White,Male,0.0,0.0,80.0,United-States,>50K
20.0,,273989.0,HS-grad,9.0,Never-married,Transport-moving,Own-child,White,Male,0.0,0.0,40.0,United-States,<=50K
46.0,Private,27669.0,,9.0,Never-married,Other-service,Not-in-family,White,Female,0.0,0.0,28.0,,<=50K
33.0,Private,102270.0,HS-grad,9.0,Married-civ-spouse,Other-service,Wife,White,Female,0.0,0.0,30.0,United-States,<=50K
20.0,Private,,11th,7.0,Never-married,Craft-repair,Own-child,,Male,0.0,0.0,40.0,United-States,<=50K
32.0,Self-emp-not-inc,62272.0,HS-grad,9.0,Divorced,Exec-managerial,Unmarried,White,Female,0.0,2389.4466063488135,40.0,United-States,>50K
20.0,Private,211345.0,Some-college,10.0,Never-married,,Own-child,White,Female,0.0,0.0,,United-States,<=50K
52.0,Private,146711.0,Bachelors,-2.4862381985064985,Married-civ-spouse,Prof-specialty,Husband,White,Male,0.0,0.0,50.0,,<=50K
30.0,Private,110594.0,HS-grad,9.0,Divorced,Adm-clerical,Own-child,White,Female,0.0,0.0,40.0,United-States,<=50K
40.0,Private,77313.0,Bachelors,13.0,Never-married,Exec-managerial,Not-in-family,White,Female,0.0,0.0,60.0,United-States,>50K
70.0,Self-emp-not-inc,155141.0,Bachelors,13.0,Married-civ-spouse,Craft-repair,Husband,White,Male,0.0,2377.0,12.0,United-States,>50K
55.0,Federal-gov,270859.0,Bachelors,13.0,,Prof-specialty,Husband,White,Male,0.0,0.0,40.0,United-States,>50K
27.0,Local-gov,105830.0,Bachelors,13.0,Never-married,Prof-specialty,,White,Female,0.0,0.0,60.0,United-States,<=50K
44.0,Private,328561.0,Assoc-voc,11.0,Married-civ-spouse,,Other-relative,White,Female,0.0,0.0,20.0,United-States,<=50K
,Private,255014.0,Some-college,10.0,Married-civ-spouse,Craft-repair,Husband,White,Male,0.0,0.0,55.0,United-States,>50K
40.0,Self-emp-not-inc,284706.0,Prof-school,15.0,Married-civ-spouse,Prof-specialty,Husband,Amer-Indian-Eskimo,,0.0,1977.0,60.0,United-States,>50K
40.0,Private,30201.0,Assoc-voc,11.0,Divorced,Handlers-cleaners,Not-in-family,White,Female,0.0,0.0,35.0,United-States,<=50K
,State-gov,78649.0,Some-college,10.0,,Adm-clerical,Unmarried,Amer-Indian-Eskimo,Female,0.0,0.0,40.0,United-States,<=50K
43.0,Federal-gov,325706.0,Prof-school,15.0,Married-civ-spouse,Prof-specialty,Husband,Asian-Pac-Islander,Male,0.0,0.0,50.0,India,>50K
51.0,Self-emp-inc,139127.0,Some-college,10.0,Divorced,Exec-managerial,Unmarried,White,Female,0.0,0.0,50.0,United-States,<=50K
49.0,Private,122206.0,Assoc-voc,11.0,Married-civ-spouse,,Husband,White,Male,0.0,0.0,25.0,United-States,<=50K
54.0,,146574.0,HS-grad,9.0,Married-civ-spouse,Craft-repair,Husband,White,Male,0.0,0.0,40.0,United-States,>50K
48.0,Private,191681.0,HS-grad,9.0,Married-civ-spouse,Craft-repair,Husband,White,Male,0.0,0.0,40.0,United-States,>50K
41.0,Private,187336.0,HS-grad,9.0,Divorced,Exec-managerial,Not-in-family,White,Female,0.0,0.0,40.0,United-States,<=50K
41.0,State-gov,,Bachelors,13.0,Married-civ-spouse,Prof-specialty,Husband,White,Male,0.0,0.0,40.0,United-States,>50K
46.0,Private,143542.0,11th,7.0,Widowed,Machine-op-inspct,Other-relative,White,Male,0.0,0.0,20.0,United-States,<=50K
19.0,Private,349620.0,,6.0,Never-married,Machine-op-inspct,Own-child,White,Female,0.0,0.0,40.0,United-States,<=50K
44.0,Private,175943.0,Bachelors,13.0,Married-civ-spouse,Prof-specialty,Wife,White,Female,0.0,0.0,20.0,United-States,<=50K
21.0,Private,29810.0,HS-grad,9.0,,Other-service,Not-in-family,White,Female,0.0,0.0,50.0,United-States,<=50K
33.0,Private,427812.0,9th,5.0,Married-civ-spouse,Handlers-cleaners,Husband,White,Male,0.0,0.0,40.0,Puerto-Rico,<=50K
61.0,Private,56248.0,1st-4th,2.0,Married-civ-spouse,Machine-op-inspct,Husband,White,Male,0.0,0.0,60.0,United-States,>50K
47.0,Private,131160.0,,13.0,Divorced,Other-service,Not-in-family,White,Female,99999.0,0.0,40.0,United-States,>50K
49.0,Private,62546.0,Bachelors,13.0,Married-civ-spouse,Exec-managerial,Husband,White,Male,0.0,0.0,40.0,United-States,>50K
45.0,Private,217953.0,HS-grad,9.0,,Craft-repair,Husband,,Male,0.0,0.0,40.0,Mexico,<=50K
39.0,Private,122493.0,HS-grad,9.0,Married-civ-spouse,Craft-repair,Husband,White,Male,7298.0,0.0,40.0,United-States,>50K
47.0,Private,103757.0,Assoc-acdm,12.0,Married-civ-spouse,Craft-repair,Husband,White,Male,,0.0,40.0,United-States,<=50K
44.0,Self-emp-not-inc,190290.0,Some-college,10.0,,Exec-managerial,Not-in-family,White,Male,0.0,0.0,80.0,France,<=50K
38.0,Self-emp-not-inc,120985.0,HS-grad,,Married-civ-spouse,Craft-repair,Husband,White,Male,4386.0,0.0,35.0,United-States,<=50K
131.7819770088162,Federal-gov,39643.0,HS-grad,9.0,Widowed,Exec-managerial,Not-in-family,White,Female,0.0,0.0,58.0,United-States,>50K
28.0,Private,257405.0,5th-6th,3.0,Never-married,Farming-fishing,Unmarried,Black,Male,0.0,0.0,40.0,Mexico,<=50K
56.0,Private,158776.0,11th,7.0,Married-civ-spouse,Sales,Husband,White,Male,0.0,0.0,55.0,United-States,<=50K
60.0,Self-emp-not-inc,282066.0,Bachelors,13.0,Married-civ-spouse,Exec-managerial,,White,,0.0,1977.0,45.0,United-States,>50K
31.0,Private,202450.0,HS-grad,9.0,Married-civ-spouse,Machine-op-inspct,Husband,White,Male,0.0,1573.0,40.0,United-States,<=50K
17.0,Private,32763.0,10th,6.0,Never-married,,Own-child,White,Male,0.0,0.0,15.0,United-States,<=50K
29.0,Private,183061.0,HS-grad,9.0,Married-civ-spouse,Craft-repair,Husband,Amer-Indian-Eskimo,Male,0.0,0.0,48.0,United-States,<=50K
37.0,Private,426350.0,Bachelors,13.0,Married-civ-spouse,Sales,Husband,White,Male,15024.0,0.0,40.0,United-States,>50K
32.0,Private,159442.0,Prof-school,15.0,,Sales,Not-in-family,White,Female,13550.0,0.0,50.0,United-States,>50K
52.0,Private,195638.0,HS-grad,9.0,Never-married,Other-service,Unmarried,White,Female,0.0,0.0,45.0,United-States,<=50K
30.0,,271933.0,HS-grad,9.0,Divorced,Adm-clerical,Not-in-family,White,Female,0.0,0.0,40.0,United-States,<=50K
42.0,Private,137698.0,5th-6th,3.0,Married-spouse-absent,Farming-fishing,Not-in-family,White,Male,0.0,0.0,35.0,Mexico,<=50K
59.0,Private,239405.0,HS-grad,,Divorced,Other-service,Unmarried,Black,Female,0.0,0.0,35.0,Jamaica,<=50K
25.0,Private,247025.0,Bachelors,13.0,Never-married,Sales,Not-in-family,White,Male,3325.0,0.0,48.0,,<=50K
56.0,Self-emp-not-inc,346635.0,Masters,14.0,Divorced,Sales,Unmarried,White,Female,0.0,2339.0,60.0,United-States,<=50K
34.0,Private,255830.0,Assoc-acdm,12.0,Divorced,Craft-repair,Unmarried,Black,Female,7443.0,0.0,40.0,United-States,<=50K
25.0,Self-emp-not-inc,245369.0,HS-grad,9.0,Separated,Craft-repair,Own-child,White,Male,0.0,0.0,35.0,United-States,<=50K
49.0,,182211.0,HS-grad,-6.4862381985064985,,Farming-fishing,Not-in-family,White,Male,0.0,0.0,55.0,United-States,>50K
,Private,379525.0,Some-college,10.0,Never-married,Adm-clerical,Own-child,White,Female,4416.0,0.0,24.0,United-States,<=50K
33.0,Private,209317.0,9th,5.0,Never-married,,Not-in-family,White,Male,0.0,,45.0,El-Salvador,<=50K
32.0,Private,168443.0,Masters,14.0,Married-civ-spouse,Exec-managerial,Wife,White,Female,0.0,0.0,40.0,United-States,<=50K
27.0,Federal-gov,285432.0,Assoc-acdm,12.0,Never-married,Transport-moving,Not-in-family,Black,Male,0.0,0.0,40.0,United-States,<=50K
30.0,Private,241844.0,HS-grad,9.0,Separated,Handlers-cleaners,Own-child,Black,Male,0.0,0.0,40.0,United-States,<=50K
45.0,Local-gov,135776.0,Masters,14.0,Divorced,Prof-specialty,Not-in-family,White,Female,0.0,0.0,30.0,United-States,<=50K
40.0,State-gov,119578.0,Bachelors,13.0,Never-married,Prof-specialty,Unmarried,White,Female,0.0,0.0,20.0,United-States,<=50K
56.0,Private,164332.0,HS-grad,9.0,Married-civ-spouse,Sales,Wife,White,Female,0.0,0.0,15.0,United-States,<=50K
70.0,Self-emp-inc,243436.0,9th,5.0,Divorced,Sales,Not-in-family,White,Male,0.0,0.0,45.0,United-States,<=50K
31.0,Private,111363.0,Bachelors,13.0,Never-married,Exec-managerial,Not-in-family,White,Male,0.0,0.0,40.0,United-States,<=50K
29.0,Local-gov,275110.0,,10.0,Married-civ-spouse,Protective-serv,Own-child,Black,Male,0.0,0.0,40.0,United-States,<=50K
31.0,State-gov,227864.0,HS-grad,9.0,Married-civ-spouse,,Husband,Black,,0.0,0.0,40.0,United-States,<=50K
33.0,Private,120420.0,11th,7.0,Married-civ-spouse,Machine-op-inspct,Husband,White,Male,,0.0,40.0,United-States,<=50K
65.0,Private,243858.0,HS-grad,9.0,Widowed,Other-service,Not-in-family,White,Female,0.0,0.0,15.0,United-States,<=50K
32.0,Private,81528.0,HS-grad,9.0,Never-married,Handlers-cleaners,Other-relative,White,Male,0.0,0.0,60.0,United-States,<=50K
46.0,Self-emp-inc,320124.0,HS-grad,9.0,Married-civ-spouse,Exec-managerial,Wife,Amer-Indian-Eskimo,Female,15024.0,0.0,40.0,United-States,>50K
31.0,Private,,Some-college,10.0,Married-civ-spouse,Other-service,Husband,Other,Male,0.0,0.0,40.0,Puerto-Rico,<=50K
35.0,,178322.0,Assoc-voc,11.0,Married-civ-spouse,Sales,Husband,,Male,0.0,0.0,,Germany,>50K
21.0,Private,325762.0,Some-college,10.0,,Sales,Own-child,White,Female,0.0,0.0,-37.632199789053374,United-States,>50K
36.0,Private,185394.0,HS-grad,9.0,Never-married,Adm-clerical,Unmarried,White,Female,0.0,0.0,40.0,United-States,<=50K
42.0,Private,46091.0,Bachelors,13.0,Divorced,Exec-managerial,Unmarried,White,Female,0.0,0.0,40.0,United-States,<=50K
29.0,Private,145182.0,HS-grad,9.0,Never-married,Protective-serv,Own-child,Black,Female,0.0,0.0,20.0,United-States,<=50K
30.0,Private,194827.0,Some-college,10.0,Married-civ-spouse,Craft-repair,,White,Male,0.0,1740.0,40.0,United-States,<=50K
37.0,Private,360743.0,Some-college,10.0,,Handlers-cleaners,Husband,Black,Male,0.0,0.0,40.0,United-States,>50K
36.0,Private,156667.0,Bachelors,13.0,,Prof-specialty,Husband,White,,0.0,1902.0,50.0,United-States,>50K
36.0,Private,200360.0,Some-college,10.0,Never-married,Craft-repair,Not-in-family,White,Male,0.0,0.0,40.0,United-States,<=50K
24.0,Private,314823.0,HS-grad,9.0,Never-married,Sales,Own-child,,Male,0.0,0.0,40.0,Dominican-Republic,<=50K
53.0,Private,95647.0,9th,5.0,Married-civ-spouse,Handlers-cleaners,Husband,White,Male,0.0,0.0,50.0,United-States,<=50K
41.0,,184466.0,Masters,14.0,Married-civ-spouse,Prof-specialty,Husband,White,Male,0.0,0.0,38.0,United-States,>50K
26.0,,198163.0,Masters,14.0,Married-civ-spouse,Sales,Wife,White,Female,0.0,0.0,40.0,United-States,<=50K
68.0,,,Some-college,10.0,Widowed,Craft-repair,Not-in-family,White,Male,0.0,0.0,10.0,United-States,<=50K
23.0,Private,82777.0,HS-grad,,Married-civ-spouse,Exec-managerial,Husband,White,Male,0.0,0.0,,United-States,<=50K
35.0,Private,80680.0,Masters,14.0,Never-married,Exec-managerial,Not-in-family,White,Female,0.0,0.0,45.0,United-States,>50K
49.0,Self-emp-not-inc,168191.0,7th-8th,4.0,,Other-service,Husband,White,Male,0.0,0.0,70.0,Italy,<=50K
47.0,Private,171807.0,Some-college,10.0,Divorced,Tech-support,Not-in-family,White,Female,0.0,0.0,40.0,United-States,<=50K
34.0,Private,159008.0,Assoc-voc,11.0,Married-civ-spouse,Prof-specialty,Wife,White,Female,0.0,0.0,36.0,United-States,>50K
28.0,,129460.0,9th,5.0,Never-married,Craft-repair,Not-in-family,White,Male,0.0,0.0,40.0,El-Salvador,<=50K
30.0,Private,175931.0,Some-college,10.0,Married-civ-spouse,Handlers-cleaners,Husband,White,,0.0,0.0,44.0,United-States,<=50K
71.0,Private,183678.0,Prof-school,15.0,,Prof-specialty,Husband,White,Male,0.0,0.0,16.0,United-States,<=50K
56.0,Private,301835.0,5th-6th,3.0,Separated,Machine-op-inspct,Not-in-family,White,Male,0.0,0.0,40.0,United-States,<=50K
30.0,,257874.0,Bachelors,13.0,Never-married,,Not-in-family,White,Female,0.0,0.0,30.0,United-States,<=50K
37.0,Private,327323.0,5th-6th,3.0,Separated,Farming-fishing,Not-in-family,,Male,0.0,0.0,32.0,Guatemala,<=50K
26.0,Private,134888.0,Bachelors,13.0,Never-married,Tech-support,Own-child,White,Female,0.0,0.0,35.0,United-States,<=50K
43.0,Private,136721.0,12th,8.0,Married-civ-spouse,Craft-repair,Husband,White,Male,0.0,,40.0,United-States,<=50K
28.0,Private,124680.0,HS-grad,9.0,Never-married,Sales,Unmarried,,Female,0.0,0.0,70.0,United-States,<=50K
52.0,,283079.0,HS-grad,9.0,Never-married,Prof-specialty,Not-in-family,White,Male,47889.20366261097,0.0,50.0,United-States,>50K
54.0,Private,93605.0,HS-grad,9.0,Divorced,Transport-moving,Not-in-family,White,Male,0.0,0.0,40.0,United-States,<=50K
35.0,Private,37314.0,Some-college,10.0,Married-civ-spouse,Craft-repair,Husband,White,Male,5013.0,0.0,40.0,United-States,<=50K
,Self-emp-not-inc,504871.0,Some-college,10.0,Married-civ-spouse,,Husband,White,Male,0.0,0.0,40.0,United-States,<=50K
50.0,Private,53497.0,HS-grad,9.0,Never-married,Exec-managerial,,White,Male,0.0,0.0,40.0,United-States,<=50K
47.0,Private,302711.0,11th,7.0,Divorced,Adm-clerical,Unmarried,White,Female,0.0,0.0,40.0,United-States,<=50K
27.0,Private,410351.0,HS-grad,9.0,Married-civ-spouse,Craft-repair,Husband,White,Male,0.0,0.0,40.0,United-States,<=50K
28.0,Private,230743.0,Assoc-acdm,12.0,Divorced,Adm-clerical,Not-in-family,White,Female,0.0,0.0,40.0,United-States,<=50K
64.0,Self-emp-inc,213574.0,HS-grad,9.0,Married-civ-spouse,Craft-repair,Husband,White,Male,2635.0,0.0,10.0,United-States,<=50K
35.0,Private,111377.0,HS-grad,9.0,Separated,Transport-moving,Not-in-family,White,Male,0.0,0.0,,United-States,<=50K
41.0,Self-emp-not-inc,233130.0,HS-grad,9.0,Married-civ-spouse,Exec-managerial,Husband,White,Male,0.0,0.0,45.0,Mexico,<=50K
47.0,State-gov,189123.0,HS-grad,9.0,Married-civ-spouse,Other-service,Husband,White,Male,0.0,,40.0,United-States,<=50K
,Private,113200.0,Some-college,10.0,Never-married,Handlers-cleaners,Own-child,,Female,0.0,0.0,6.0,United-States,<=50K
50.0,Federal-gov,107079.0,HS-grad,9.0,Married-civ-spouse,Other-service,Husband,White,Male,0.0,,40.0,United-States,<=50K
53.0,State-gov,195922.0,Masters,14.0,Divorced,Prof-specialty,Not-in-family,White,Female,0.0,0.0,40.0,United-States,<=50K
47.0,Local-gov,166863.0,HS-grad,9.0,Married-civ-spouse,Exec-managerial,Husband,White,Male,0.0,0.0,40.0,United-States,>50K
40.0,Self-emp-not-inc,165108.0,Bachelors,13.0,Married-civ-spouse,Adm-clerical,,White,Male,0.0,0.0,,England,<=50K
,Private,236338.0,HS-grad,9.0,Married-civ-spouse,Sales,Wife,White,Female,0.0,0.0,-37.632199789053374,United-States,>50K
35.0,Private,164526.0,,10.0,Married-civ-spouse,Craft-repair,Husband,White,Male,0.0,0.0,40.0,United-States,<=50K
,Private,213260.0,HS-grad,9.0,Separated,Protective-serv,Not-in-family,Black,Male,0.0,0.0,40.0,United-States,<=50K
19.0,,216413.0,HS-grad,9.0,Divorced,Tech-support,Unmarried,White,Female,0.0,0.0,55.0,United-States,<=50K
32.0,Local-gov,349148.0,Assoc-acdm,12.0,Married-civ-spouse,Craft-repair,Husband,White,Male,0.0,0.0,40.0,United-States,>50K
28.0,Private,129624.0,Bachelors,13.0,Married-civ-spouse,Sales,Husband,White,Male,0.0,0.0,45.0,Cambodia,<=50K
43.0,Private,40024.0,11th,7.0,Never-married,Transport-moving,Not-in-family,White,Male,0.0,0.0,42.0,United-States,<=50K
40.0,,385357.0,,13.0,Married-civ-spouse,Protective-serv,Husband,White,Male,0.0,0.0,72.0,United-States,>50K
17.0,Private,244589.0,,7.0,Never-married,Sales,Own-child,White,Female,0.0,0.0,40.0,United-States,<=50K
34.0,Self-emp-not-inc,236391.0,11th,7.0,Married-civ-spouse,Sales,Wife,,Female,0.0,,30.0,United-States,<=50K
,Private,393965.0,Assoc-acdm,12.0,Divorced,Adm-clerical,Not-in-family,White,Female,0.0,0.0,25.0,United-States,>50K
38.0,Federal-gov,198841.0,Some-college,10.0,Separated,Handlers-cleaners,Not-in-family,White,Male,0.0,0.0,40.0,United-States,<=50K
51.0,Private,320513.0,7th-8th,4.0,Married-spouse-absent,Craft-repair,Not-in-family,Black,Male,0.0,0.0,,Dominican-Republic,<=50K
58.0,Self-emp-inc,229116.0,Prof-school,15.0,Divorced,Prof-specialty,Not-in-family,White,Male,-47889.20366261097,0.0,70.0,United-States,<=50K
22.0,Private,388247.0,Some-college,10.0,Never-married,Sales,Own-child,White,,0.0,0.0,40.0,United-States,<=50K
48.0,Self-emp-inc,192945.0,HS-grad,9.0,Married-civ-spouse,Exec-managerial,Husband,White,Male,7688.0,0.0,40.0,United-States,>50K
36.0,Private,136343.0,Bachelors,13.0,Married-civ-spouse,,Husband,White,Male,,0.0,40.0,United-States,>50K
19.0,Private,28145.0,HS-grad,9.0,Never-married,Other-service,Own-child,White,Female,0.0,0.0,,United-States,<=50K
49.0,Self-emp-inc,94606.0,Doctorate,16.0,Married-civ-spouse,Prof-specialty,Husband,Black,Male,0.0,0.0,60.0,United-States,>50K
23.0,Private,149224.0,HS-grad,9.0,Never-married,Sales,Not-in-family,White,Male,0.0,0.0,40.0,United-States,<=50K
34.0,Private,186824.0,Bachelors,13.0,Married-civ-spouse,Prof-specialty,Husband,White,Male,0.0,0.0,,United-States,<=50K
31.0,Self-emp-not-inc,348038.0,Bachelors,13.0,Married-civ-spouse,Prof-specialty,,White,Male,0.0,1902.0,50.0,Puerto-Rico,>50K
34.0,Private,252646.0,Some-college,10.0,Married-civ-spouse,Prof-specialty,Husband,White,Male,,0.0,50.0,United-States,>50K
26.0,Private,375499.0,10th,6.0,Never-married,Adm-clerical,,Black,Male,0.0,0.0,20.0,United-States,<=50K
41.0,Local-gov,307767.0,HS-grad,9.0,Married-civ-spouse,Protective-serv,Husband,,Male,0.0,2389.4466063488135,40.0,United-States,>50K
51.0,Private,508891.0,HS-grad,9.0,Divorced,Machine-op-inspct,Own-child,Black,Male,0.0,0.0,40.0,United-States,<=50K
41.0,,694105.0,HS-grad,9.0,Never-married,Craft-repair,Unmarried,White,Male,0.0,0.0,-32.632199789053374,United-States,>50K
27.0,Private,154210.0,11th,7.0,Married-spouse-absent,Sales,Own-child,Asian-Pac-Islander,Male,0.0,0.0,35.0,India,<=50K
24.0,Self-emp-not-inc,236769.0,7th-8th,4.0,Married-civ-spouse,Craft-repair,Husband,White,Male,0.0,0.0,40.0,United-States,<=50K
39.0,Private,216149.0,Prof-school,15.0,Divorced,Prof-specialty,Not-in-family,White,Male,0.0,0.0,70.0,United-States,>50K
19.0,State-gov,144429.0,Some-college,10.0,Never-married,Prof-specialty,Own-child,White,Male,0.0,0.0,10.0,United-States,<=50K
25.0,Private,169905.0,HS-grad,,Never-married,Craft-repair,,White,Male,0.0,0.0,40.0,United-States,<=50K
28.0,State-gov,70100.0,Bachelors,13.0,Never-married,Prof-specialty,Not-in-family,White,Male,0.0,0.0,20.0,United-States,<=50K
30.0,Private,231263.0,HS-grad,9.0,Married-civ-spouse,Sales,Husband,White,Male,0.0,0.0,40.0,United-States,<=50K
21.0,Private,222490.0,Some-college,10.0,Never-married,Handlers-cleaners,Own-child,White,Female,0.0,0.0,40.0,United-States,<=50K
26.0,Private,41521.0,HS-grad,9.0,Never-married,Other-service,Not-in-family,White,Female,0.0,0.0,35.0,United-States,<=50K
36.0,Local-gov,101833.0,Bachelors,13.0,Separated,Prof-specialty,Not-in-family,,Male,0.0,,40.0,,<=50K
71.0,Private,99549.0,5th-6th,3.0,Married-civ-spouse,Exec-managerial,Husband,White,Male,0.0,0.0,40.0,United-States,<=50K
46.0,Private,,HS-grad,9.0,Married-civ-spouse,Machine-op-inspct,Husband,Black,Male,0.0,2389.4466063488135,40.0,United-States,>50K
20.0,Private,174063.0,Some-college,10.0,Never-married,Other-service,Own-child,,Female,0.0,0.0,40.0,United-States,<=50K
18.0,Private,126913.0,Some-college,10.0,Never-married,Other-service,Own-child,White,Female,,0.0,12.0,United-States,<=50K
28.0,Private,162994.0,Bachelors,13.0,Married-civ-spouse,Tech-support,Husband,White,Male,0.0,0.0,40.0,United-States,<=50K
27.0,Private,197918.0,11th,7.0,Never-married,Craft-repair,Unmarried,Black,Male,,0.0,47.0,United-States,<=50K
26.0,Private,386585.0,Some-college,,Divorced,Tech-support,Not-in-family,White,Male,0.0,0.0,60.0,,<=50K
44.0,Private,198282.0,Masters,14.0,Married-civ-spouse,Exec-managerial,Husband,White,Male,15024.0,0.0,40.0,United-States,>50K
20.0,Private,39927.0,HS-grad,9.0,Never-married,Other-service,Not-in-family,,Male,0.0,0.0,8.0,United-States,<=50K
18.0,Private,-413670.9330611756,Some-college,10.0,Never-married,Sales,Own-child,White,Male,0.0,0.0,,United-States,>50K
42.0,Private,356934.0,Masters,14.0,,Exec-managerial,Husband,,Male,0.0,0.0,40.0,United-States,>50K
25.0,Private,189656.0,,13.0,Never-married,,Not-in-family,White,Male,0.0,0.0,60.0,United-States,>50K
49.0,Self-emp-inc,143482.0,Some-college,10.0,Married-civ-spouse,Prof-specialty,Wife,White,Female,0.0,0.0,65.0,,>50K
33.0,Private,221196.0,Some-college,10.0,Married-civ-spouse,Craft-repair,Husband,Black,Male,0.0,0.0,40.0,United-States,<=50K
47.0,Private,122194.0,HS-grad,9.0,Divorced,Adm-clerical,Not-in-family,White,Female,0.0,0.0,40.0,United-States,<=50K
62.0,Private,174355.0,HS-grad,9.0,Widowed,Other-service,Not-in-family,White,Female,0.0,0.0,40.0,United-States,<=50K
39.0,Private,291665.0,HS-grad,9.0,Married-civ-spouse,Adm-clerical,Husband,White,Male,4508.0,0.0,24.0,United-States,<=50K
47.0,Private,250170.0,HS-grad,9.0,,Machine-op-inspct,Husband,,Male,0.0,0.0,40.0,United-States,>50K
48.0,Private,186299.0,Bachelors,13.0,Married-civ-spouse,Exec-managerial,Husband,White,Male,0.0,0.0,40.0,United-States,>50K
28.0,Self-emp-not-inc,175406.0,Masters,14.0,Married-civ-spouse,Exec-managerial,Wife,White,Female,0.0,0.0,30.0,United-States,>50K
31.0,Self-emp-inc,117963.0,Doctorate,16.0,Never-married,Prof-specialty,Own-child,White,Male,0.0,0.0,40.0,United-States,<=50K
30.0,Private,175931.0,HS-grad,9.0,Married-civ-spouse,Craft-repair,Husband,White,Male,0.0,0.0,40.0,United-States,<=50K
42.0,Self-emp-inc,50122.0,HS-grad,9.0,Married-civ-spouse,Sales,Husband,White,Male,0.0,0.0,60.0,United-States,<=50K
32.0,Private,53135.0,HS-grad,,Never-married,Machine-op-inspct,Not-in-family,White,Male,0.0,0.0,40.0,United-States,<=50K
51.0,Private,221532.0,Bachelors,13.0,Divorced,Exec-managerial,,White,Male,0.0,0.0,40.0,United-States,>50K
33.0,Private,166961.0,Some-college,10.0,Never-married,Adm-clerical,Not-in-family,White,Female,0.0,0.0,38.0,United-States,<=50K
30.0,Federal-gov,266463.0,,9.0,Married-civ-spouse,Adm-clerical,Husband,White,Male,0.0,,40.0,United-States,>50K
66.0,Self-emp-inc,197816.0,Bachelors,13.0,Married-civ-spouse,Exec-managerial,Husband,White,,10605.0,0.0,,United-States,>50K
22.0,Private,206974.0,Bachelors,13.0,Never-married,Sales,Not-in-family,White,Female,0.0,0.0,40.0,United-States,<=50K
29.0,Local-gov,128091.0,HS-grad,9.0,,Transport-moving,Unmarried,White,Female,0.0,0.0,40.0,United-States,<=50K
23.0,Private,114939.0,Some-college,10.0,Never-married,,Not-in-family,White,Female,0.0,0.0,38.0,United-States,<=50K
50.0,Private,69345.0,HS-grad,9.0,Married-civ-spouse,Machine-op-inspct,Husband,White,Male,0.0,1902.0,44.0,,>50K
64.0,Private,,Prof-school,,Married-civ-spouse,Prof-specialty,Husband,White,,0.0,0.0,40.0,United-States,>50K
,Private,114537.0,Assoc-voc,11.0,Married-civ-spouse,Exec-managerial,Husband,White,Male,0.0,0.0,50.0,United-States,>50K
69.0,Private,108196.0,9th,5.0,Never-married,Craft-repair,Other-relative,White,Male,2993.0,0.0,40.0,United-States,<=50K
36.0,Private,353524.0,HS-grad,9.0,Divorced,Exec-managerial,,White,Female,1831.0,0.0,40.0,United-States,<=50K
36.0,Private,89040.0,11th,7.0,Married-civ-spouse,Transport-moving,Husband,White,Male,0.0,0.0,47.0,United-States,<=50K
24.0,Private,97743.0,HS-grad,9.0,Never-married,Other-service,Not-in-family,White,Male,0.0,0.0,37.0,United-States,<=50K
53.0,Private,240914.0,Some-college,10.0,Married-civ-spouse,Craft-repair,Husband,White,Male,0.0,0.0,40.0,United-States,<=50K
48.0,,332884.0,Assoc-acdm,12.0,Divorced,Craft-repair,Not-in-family,White,Male,0.0,0.0,40.0,United-States,<=50K
31.0,,281030.0,HS-grad,9.0,Married-civ-spouse,,Husband,White,Male,0.0,0.0,45.0,United-States,<=50K
21.0,Private,293968.0,,10.0,Married-spouse-absent,Sales,Own-child,Black,Female,0.0,0.0,20.0,United-States,<=50K
66.0,Self-emp-inc,,10th,6.0,Married-civ-spouse,Sales,Husband,White,Male,0.0,0.0,30.0,United-States,<=50K
25.0,Private,199947.0,HS-grad,9.0,Married-civ-spouse,Adm-clerical,Wife,White,Female,0.0,0.0,40.0,United-States,<=50K
52.0,Private,172511.0,,14.0,Married-civ-spouse,Exec-managerial,Husband,White,,0.0,0.0,36.0,United-States,<=50K
30.0,Private,348592.0,10th,6.0,Married-civ-spouse,Craft-repair,,White,Male,0.0,0.0,40.0,United-States,<=50K
77.0,Private,183781.0,HS-grad,9.0,Widowed,Craft-repair,Unmarried,White,Female,0.0,0.0,77.63219978905337,United-States,>50K
24.0,State-gov,215797.0,Bachelors,13.0,Never-married,Tech-support,Not-in-family,White,Female,0.0,0.0,40.0,United-States,<=50K
47.0,Private,105381.0,HS-grad,9.0,Divorced,Sales,Not-in-family,,Female,0.0,0.0,40.0,United-States,<=50K
31.0,Self-emp-not-inc,213307.0,10th,6.0,Married-civ-spouse,Other-service,Wife,White,Female,0.0,0.0,28.0,Mexico,<=50K
32.0,Private,207668.0,Bachelors,13.0,Never-married,,,White,Male,0.0,2444.0,50.0,United-States,>50K
37.0,Private,194004.0,11th,7.0,Married-civ-spouse,Craft-repair,Husband,White,Male,0.0,0.0,25.0,United-States,<=50K
57.0,Self-emp-not-inc,225334.0,Prof-school,15.0,Married-civ-spouse,Sales,Wife,White,Female,15024.0,0.0,35.0,United-States,>50K
28.0,Private,184806.0,Masters,14.0,Never-married,Exec-managerial,Not-in-family,White,Male,0.0,0.0,58.0,,<=50K
37.0,Private,151771.0,7th-8th,4.0,Married-civ-spouse,Craft-repair,Husband,White,Male,0.0,0.0,40.0,United-States,<=50K
25.0,Private,189850.0,Some-college,10.0,Never-married,Machine-op-inspct,Own-child,Black,Male,0.0,0.0,40.0,United-States,<=50K
24.0,Private,152540.0,Bachelors,13.0,Divorced,Transport-moving,Unmarried,White,Female,0.0,0.0,40.0,United-States,<=50K
49.0,State-gov,72619.0,Some-college,10.0,Divorced,Adm-clerical,Unmarried,White,Female,0.0,0.0,50.0,United-States,<=50K
35.0,Private,465326.0,Bachelors,13.0,Married-civ-spouse,Sales,Husband,White,Male,0.0,0.0,40.0,United-States,<=50K
40.0,Self-emp-not-inc,99651.0,Some-college,,Married-civ-spouse,Prof-specialty,Husband,White,Male,0.0,0.0,60.0,United-States,<=50K
24.0,Private,172146.0,9th,5.0,Never-married,Machine-op-inspct,Not-in-family,White,Male,0.0,1721.0,40.0,United-States,<=50K
24.0,Local-gov,249101.0,HS-grad,9.0,Divorced,Protective-serv,Unmarried,Black,,0.0,0.0,40.0,United-States,<=50K
44.0,Private,29115.0,Some-college,10.0,Never-married,Other-service,Not-in-family,White,Female,0.0,0.0,40.0,United-States,<=50K
,Private,163776.0,HS-grad,9.0,Married-civ-spouse,Sales,Husband,White,Male,0.0,1902.0,60.0,United-States,>50K
35.0,Private,150042.0,HS-grad,9.0,Married-civ-spouse,Exec-managerial,Wife,White,Female,0.0,0.0,40.0,United-States,>50K
52.0,Self-emp-not-inc,185407.0,Bachelors,13.0,Married-civ-spouse,Exec-managerial,Husband,White,Male,0.0,0.0,50.0,United-States,>50K
64.0,Self-emp-not-inc,198466.0,HS-grad,9.0,,Sales,Not-in-family,White,Female,0.0,0.0,70.0,,<=50K
23.0,Private,62278.0,HS-grad,9.0,Never-married,Craft-repair,Unmarried,White,Male,0.0,0.0,40.0,United-States,<=50K
49.0,State-gov,324791.0,Bachelors,13.0,Married-civ-spouse,Prof-specialty,Husband,White,Male,0.0,0.0,50.0,United-States,>50K
54.0,Private,81859.0,HS-grad,9.0,Married-civ-spouse,Adm-clerical,Husband,White,Male,0.0,0.0,40.0,United-States,>50K
47.0,Local-gov,148995.0,HS-grad,9.0,Married-civ-spouse,Protective-serv,Husband,White,Male,0.0,-2389.4466063488135,60.0,United-States,<=50K
,Private,198286.0,Some-college,10.0,Married-spouse-absent,Exec-managerial,Not-in-family,White,Female,0.0,0.0,40.0,United-States,<=50K
27.0,Private,198346.0,Bachelors,13.0,Divorced,Adm-clerical,Not-in-family,White,,0.0,,35.0,United-States,<=50K
17.0,Private,47199.0,11th,7.0,Never-married,Priv-house-serv,Own-child,White,Female,,0.0,24.0,,<=50K
30.0,Private,109282.0,Some-college,10.0,Never-married,Sales,,White,Male,0.0,0.0,20.0,United-States,<=50K
34.0,Private,148226.0,HS-grad,9.0,Never-married,Machine-op-inspct,Unmarried,Black,Female,0.0,0.0,48.0,United-States,<=50K
36.0,Private,90897.0,Assoc-acdm,12.0,Never-married,Tech-support,Not-in-family,White,,0.0,0.0,40.0,United-States,<=50K
32.0,Private,97723.0,HS-grad,9.0,Married-civ-spouse,Craft-repair,Husband,White,Male,0.0,1672.0,40.0,United-States,<=50K
22.0,Private,131291.0,HS-grad,9.0,Never-married,Other-service,Not-in-family,White,Male,0.0,0.0,20.0,United-States,<=50K
40.0,Private,193385.0,Prof-school,15.0,Married-civ-spouse,Prof-specialty,Wife,Asian-Pac-Islander,Female,0.0,0.0,40.0,China,<=50K
35.0,Private,302239.0,Some-college,10.0,Never-married,Adm-clerical,Not-in-family,White,Female,0.0,0.0,40.0,United-States,<=50K
65.0,Private,90113.0,Bachelors,13.0,Married-civ-spouse,Exec-managerial,Husband,White,Male,0.0,0.0,60.0,United-States,>50K
46.0,Private,173243.0,HS-grad,9.0,Married-civ-spouse,Craft-repair,Husband,White,Male,0.0,0.0,40.0,United-States,<=50K
50.0,Private,114056.0,Assoc-voc,11.0,Married-civ-spouse,Protective-serv,Husband,White,Male,0.0,0.0,84.0,United-States,<=50K
59.0,Private,165695.0,Assoc-acdm,12.0,Married-civ-spouse,Transport-moving,Husband,White,Male,0.0,0.0,32.0,United-States,>50K
34.0,Private,,Prof-school,15.0,Never-married,Tech-support,Not-in-family,Asian-Pac-Islander,Male,0.0,1564.0,40.0,India,>50K
35.0,Private,259846.0,HS-grad,9.0,Married-civ-spouse,Craft-repair,Husband,White,Male,0.0,0.0,55.0,United-States,<=50K
39.0,Private,315776.0,Masters,14.0,Never-married,Exec-managerial,Not-in-family,Black,Male,8614.0,0.0,52.0,United-States,>50K
36.0,Private,,HS-grad,,Never-married,Machine-op-inspct,Unmarried,Amer-Indian-Eskimo,Female,0.0,0.0,40.0,United-States,<=50K
35.0,Local-gov,217926.0,Some-college,10.0,Married-civ-spouse,Prof-specialty,Husband,Black,,0.0,0.0,40.0,,<=50K
30.0,Private,147171.0,Some-college,,Married-civ-spouse,Other-service,Wife,Asian-Pac-Islander,,0.0,0.0,40.0,Trinadad&Tobago,<=50K
26.0,Private,206721.0,Bachelors,13.0,,Sales,,White,,0.0,0.0,50.0,United-States,<=50K
65.0,Private,105586.0,Some-college,10.0,,Exec-managerial,Husband,Asian-Pac-Islander,Male,20051.0,0.0,40.0,United-States,>50K
34.0,State-gov,156292.0,HS-grad,9.0,Never-married,Handlers-cleaners,Not-in-family,Black,Male,0.0,0.0,40.0,United-States,<=50K
27.0,Private,168470.0,Bachelors,13.0,Never-married,Exec-managerial,Not-in-family,White,Male,0.0,0.0,40.0,United-States,<=50K
43.0,Private,35210.0,Some-college,10.0,Divorced,Adm-clerical,,White,Female,0.0,0.0,112.63219978905336,United-States,>50K
30.0,State-gov,152940.0,Masters,14.0,Never-married,Prof-specialty,Unmarried,White,Male,0.0,0.0,40.0,United-States,<=50K
31.0,Private,144990.0,HS-grad,9.0,Married-spouse-absent,Machine-op-inspct,Unmarried,Black,Female,0.0,0.0,40.0,United-States,<=50K
29.0,Local-gov,158703.0,Some-college,10.0,Married-civ-spouse,Other-service,Husband,White,Male,0.0,0.0,40.0,United-States,<=50K
50.0,Federal-gov,191013.0,HS-grad,9.0,Separated,Sales,Other-relative,Amer-Indian-Eskimo,Female,0.0,0.0,40.0,United-States,<=50K
36.0,Private,111268.0,Assoc-acdm,12.0,,Sales,Unmarried,White,Female,0.0,0.0,40.0,United-States,<=50K
50.0,Private,195298.0,,10.0,Married-civ-spouse,Exec-managerial,Husband,,Male,0.0,0.0,50.0,United-States,>50K
49.0,Private,187370.0,Masters,14.0,Married-civ-spouse,Exec-managerial,Husband,White,Male,15024.0,0.0,50.0,United-States,>50K
42.0,Private,220049.0,HS-grad,9.0,Married-civ-spouse,Sales,Husband,Black,Male,0.0,0.0,40.0,United-States,>50K
37.0,Local-gov,233825.0,Bachelors,13.0,Married-civ-spouse,Prof-specialty,Wife,White,Female,15024.0,0.0,50.0,United-States,>50K
44.0,Local-gov,290403.0,Assoc-voc,11.0,Divorced,Protective-serv,Own-child,White,Female,0.0,,40.0,,<=50K
22.0,Private,107882.0,HS-grad,9.0,Never-married,Prof-specialty,Own-child,White,Female,0.0,0.0,20.0,United-States,<=50K
52.0,Private,99736.0,Masters,14.0,Divorced,Prof-specialty,Unmarried,White,,15020.0,0.0,50.0,United-States,>50K
25.0,Private,124111.0,Bachelors,13.0,Never-married,Adm-clerical,Own-child,White,Female,0.0,0.0,40.0,United-States,<=50K
33.0,Private,202450.0,HS-grad,9.0,Married-civ-spouse,Machine-op-inspct,Husband,White,Male,0.0,0.0,40.0,United-States,<=50K
32.0,Private,459007.0,,9.0,Married-civ-spouse,Protective-serv,Husband,White,Male,0.0,0.0,90.0,,<=50K
19.0,Private,236940.0,HS-grad,9.0,Never-married,Farming-fishing,Own-child,White,Male,0.0,0.0,40.0,United-States,<=50K
48.0,State-gov,158451.0,Bachelors,13.0,Separated,Prof-specialty,Unmarried,White,Female,914.0,0.0,40.0,United-States,<=50K
23.0,Local-gov,314819.0,HS-grad,9.0,Never-married,Transport-moving,Own-child,White,Male,0.0,0.0,40.0,United-States,<=50K
40.0,Private,337456.0,HS-grad,9.0,Divorced,Protective-serv,Unmarried,White,Female,0.0,0.0,40.0,United-States,<=50K
,Self-emp-not-inc,118793.0,10th,6.0,Married-civ-spouse,Craft-repair,Husband,White,Male,0.0,0.0,50.0,,>50K
34.0,Private,181091.0,HS-grad,9.0,Married-civ-spouse,Craft-repair,Husband,White,Male,7688.0,0.0,40.0,United-States,>50K
40.0,Private,79531.0,Bachelors,13.0,Married-civ-spouse,Exec-managerial,,White,Male,0.0,0.0,75.0,United-States,>50K
38.0,Self-emp-inc,112847.0,Prof-school,,Married-civ-spouse,Prof-specialty,Husband,Asian-Pac-Islander,Male,0.0,0.0,40.0,United-States,>50K
51.0,,189762.0,Some-college,10.0,Married-civ-spouse,Exec-managerial,Wife,White,Female,0.0,0.0,15.0,,>50K
43.0,Private,,Some-college,10.0,Married-civ-spouse,Prof-specialty,Husband,White,Male,0.0,0.0,40.0,United-States,>50K
57.0,Federal-gov,66504.0,Prof-school,15.0,Divorced,Prof-specialty,Not-in-family,White,Female,0.0,0.0,50.0,United-States,>50K
21.0,Local-gov,102942.0,Some-college,10.0,Never-married,Other-service,Not-in-family,White,Female,0.0,2001.0,40.0,United-States,<=50K
37.0,Self-emp-not-inc,410919.0,,9.0,Never-married,Craft-repair,Own-child,White,Male,0.0,0.0,35.0,United-States,<=50K
62.0,,29828.0,HS-grad,9.0,,Transport-moving,Husband,White,,0.0,0.0,,United-States,<=50K
46.0,Private,191389.0,HS-grad,,Married-civ-spouse,Exec-managerial,Wife,White,Female,0.0,0.0,28.0,United-States,>50K
21.0,Private,414812.0,7th-8th,4.0,Never-married,Craft-repair,Own-child,White,Male,0.0,0.0,40.0,United-States,<=50K
54.0,Private,320012.0,Some-college,10.0,Married-civ-spouse,Adm-clerical,Wife,White,Female,0.0,0.0,40.0,United-States,<=50K
45.0,Private,,HS-grad,9.0,Divorced,Adm-clerical,Unmarried,White,Female,0.0,0.0,32.0,United-States,<=50K
28.0,Private,308136.0,HS-grad,9.0,Never-married,Other-service,Own-child,White,Male,0.0,0.0,40.0,United-States,<=50K
,Private,163434.0,Some-college,10.0,Married-civ-spouse,Handlers-cleaners,Husband,White,Male,0.0,0.0,40.0,United-States,<=50K
67.0,Private,131656.0,Bachelors,13.0,Married-civ-spouse,Transport-moving,Husband,White,Male,0.0,2392.0,24.0,United-States,>50K
26.0,Self-emp-not-inc,189238.0,Some-college,10.0,,Prof-specialty,Not-in-family,White,Female,0.0,0.0,4.0,Mexico,<=50K
55.0,Private,368797.0,Masters,14.0,Married-civ-spouse,Exec-managerial,Husband,White,Male,0.0,1977.0,60.0,United-States,>50K
35.0,Private,152307.0,11th,7.0,,,Husband,,,0.0,0.0,40.0,United-States,<=50K
27.0,State-gov,291196.0,Bachelors,13.0,Never-married,Prof-specialty,Not-in-family,Black,Male,0.0,0.0,40.0,United-States,<=50K
,Private,214468.0,Bachelors,13.0,Never-married,Sales,Own-child,White,Female,0.0,0.0,,United-States,<=50K
47.0,Self-emp-not-inc,,Masters,14.0,Married-civ-spouse,Prof-specialty,Wife,White,Female,0.0,0.0,20.0,United-States,>50K
46.0,Self-emp-inc,328216.0,Prof-school,15.0,Married-civ-spouse,Prof-specialty,Husband,White,Male,0.0,1902.0,45.0,United-States,>50K
31.0,Private,193132.0,Bachelors,13.0,Never-married,Tech-support,Not-in-family,White,Female,0.0,0.0,42.0,United-States,<=50K
17.0,Private,142587.0,11th,7.0,,Sales,Own-child,White,Female,0.0,0.0,10.0,United-States,<=50K
,Private,79586.0,HS-grad,9.0,Separated,Machine-op-inspct,Own-child,,Male,0.0,0.0,60.0,United-States,<=50K
38.0,Self-emp-inc,187934.0,HS-grad,9.0,Married-civ-spouse,Other-service,Wife,White,Female,0.0,,20.0,Poland,<=50K
53.0,Private,120839.0,Some-college,10.0,Married-civ-spouse,Craft-repair,Husband,White,,0.0,0.0,40.0,United-States,<=50K
45.0,Private,102076.0,Some-college,10.0,Divorced,Prof-specialty,Unmarried,White,Female,0.0,0.0,32.0,United-States,<=50K
43.0,Private,412379.0,Some-college,10.0,Never-married,Other-service,Unmarried,White,,0.0,0.0,28.0,,<=50K
29.0,Private,56630.0,Assoc-voc,11.0,Married-civ-spouse,Adm-clerical,Husband,White,Male,0.0,0.0,40.0,,<=50K
36.0,Local-gov,95855.0,Masters,14.0,Married-civ-spouse,Prof-specialty,Wife,White,Female,0.0,0.0,60.0,United-States,>50K
23.0,,212407.0,Bachelors,,Never-married,Handlers-cleaners,Own-child,White,Male,0.0,0.0,25.0,United-States,<=50K
35.0,Private,103710.0,Masters,14.0,Never-married,Prof-specialty,Not-in-family,White,Female,0.0,0.0,40.0,United-States,<=50K
44.0,Federal-gov,316120.0,Prof-school,15.0,Divorced,Prof-specialty,Unmarried,White,Male,0.0,0.0,40.0,United-States,>50K
48.0,Private,164966.0,Bachelors,13.0,Married-civ-spouse,Exec-managerial,Husband,Asian-Pac-Islander,Male,0.0,-2389.4466063488135,40.0,India,<=50K
27.0,Local-gov,67187.0,HS-grad,9.0,Divorced,Adm-clerical,Not-in-family,Amer-Indian-Eskimo,Female,0.0,0.0,33.0,United-States,<=50K
23.0,Private,85088.0,Some-college,10.0,Never-married,Other-service,Own-child,White,Female,0.0,0.0,37.0,,<=50K
23.0,Private,227594.0,12th,8.0,Never-married,Machine-op-inspct,Own-child,White,Female,0.0,0.0,40.0,United-States,<=50K
51.0,,189511.0,Assoc-voc,11.0,Married-civ-spouse,Other-service,Husband,White,Male,0.0,0.0,,Germany,>50K
30.0,Private,232475.0,HS-grad,9.0,Separated,Craft-repair,Not-in-family,White,Male,0.0,0.0,,United-States,<=50K
25.0,Private,193051.0,Bachelors,13.0,Married-civ-spouse,Tech-support,Husband,White,Male,0.0,0.0,35.0,United-States,<=50K
75.0,Self-emp-inc,126225.0,HS-grad,9.0,Married-civ-spouse,Exec-managerial,Husband,,Male,0.0,0.0,40.0,United-States,>50K
20.0,Self-emp-inc,154782.0,,9.0,Never-married,,Own-child,White,Male,0.0,2389.4466063488135,20.0,United-States,>50K
23.0,Private,91842.0,Bachelors,,Never-married,Exec-managerial,Not-in-family,White,Female,0.0,0.0,30.0,United-States,<=50K
40.0,Local-gov,179580.0,HS-grad,9.0,Married-civ-spouse,,Wife,White,Female,0.0,0.0,40.0,United-States,<=50K
51.0,,360131.0,5th-6th,3.0,Married-civ-spouse,Craft-repair,Other-relative,White,Female,0.0,0.0,40.0,,<=50K
31.0,Private,703107.0,HS-grad,9.0,Never-married,Machine-op-inspct,Not-in-family,Black,Male,,,40.0,United-States,<=50K
42.0,Private,169628.0,Some-college,10.0,Divorced,Adm-clerical,Not-in-family,Black,Female,,0.0,38.0,United-States,<=50K
50.0,Self-emp-inc,207246.0,Some-college,10.0,Separated,Exec-managerial,Unmarried,White,Female,0.0,,75.0,United-States,<=50K
44.0,Private,203943.0,Bachelors,13.0,Married-civ-spouse,Exec-managerial,Husband,Black,Male,0.0,0.0,35.0,United-States,>50K
56.0,Private,161944.0,HS-grad,9.0,Married-civ-spouse,Machine-op-inspct,Husband,White,Male,0.0,0.0,40.0,United-States,<=50K
31.0,Self-emp-not-inc,81030.0,Doctorate,16.0,Married-civ-spouse,Prof-specialty,Husband,White,,0.0,0.0,,United-States,>50K
63.0,Self-emp-not-inc,201600.0,Some-college,10.0,Married-civ-spouse,Sales,Husband,White,Male,,1902.0,60.0,United-States,>50K
40.0,Self-emp-not-inc,,Bachelors,13.0,Married-civ-spouse,Transport-moving,Husband,White,Male,0.0,0.0,70.0,,<=50K
39.0,Self-emp-not-inc,106347.0,Some-college,10.0,Divorced,Sales,Unmarried,White,Male,0.0,0.0,47.0,United-States,<=50K
58.0,Private,71283.0,HS-grad,9.0,Married-civ-spouse,Transport-moving,Husband,White,Male,0.0,0.0,38.0,United-States,>50K
25.0,Self-emp-not-inc,21472.0,Some-college,10.0,Never-married,Other-service,Not-in-family,White,Female,,0.0,22.0,United-States,<=50K
46.0,Private,165138.0,Assoc-voc,11.0,Married-civ-spouse,Craft-repair,Husband,White,Male,0.0,0.0,40.0,United-States,<=50K
36.0,Private,131192.0,HS-grad,9.0,Married-civ-spouse,Machine-op-inspct,Husband,White,Male,0.0,0.0,40.0,United-States,>50K
40.0,Private,217120.0,10th,6.0,Divorced,Craft-repair,,White,Male,0.0,0.0,50.0,United-States,<=50K
20.0,Private,186849.0,HS-grad,9.0,Never-married,Transport-moving,Other-relative,White,Male,47889.20366261097,0.0,40.0,United-States,>50K
42.0,Self-emp-not-inc,323790.0,Bachelors,13.0,Married-civ-spouse,Exec-managerial,Husband,White,Male,0.0,1977.0,70.0,United-States,>50K
,Self-emp-not-inc,53366.0,11th,7.0,Married-civ-spouse,Craft-repair,Husband,White,Male,0.0,0.0,20.0,United-States,<=50K
26.0,Private,124111.0,,13.0,Never-married,Adm-clerical,Not-in-family,White,Female,0.0,,35.0,United-States,<=50K
49.0,Local-gov,119904.0,Bachelors,13.0,Married-civ-spouse,Prof-specialty,Wife,White,Female,7688.0,0.0,30.0,United-States,>50K
23.0,Private,285775.0,HS-grad,9.0,Never-married,Protective-serv,Other-relative,White,Male,0.0,0.0,42.0,United-States,<=50K
52.0,Private,48947.0,Some-college,10.0,Divorced,Adm-clerical,Unmarried,White,Female,0.0,0.0,45.0,United-States,<=50K
39.0,Local-gov,239119.0,Masters,14.0,Divorced,Prof-specialty,Not-in-family,Black,Male,0.0,0.0,40.0,Dominican-Republic,<=50K
25.0,Private,323545.0,HS-grad,9.0,,Tech-support,Not-in-family,Black,Female,0.0,0.0,40.0,United-States,<=50K
45.0,Self-emp-not-inc,127948.0,Bachelors,13.0,Married-civ-spouse,Exec-managerial,Husband,White,Male,0.0,0.0,40.0,United-States,<=50K
23.0,Private,407684.0,9th,5.0,Never-married,Machine-op-inspct,Other-relative,White,Female,0.0,0.0,40.0,Mexico,<=50K
34.0,State-gov,209317.0,,10.0,Married-civ-spouse,,Husband,White,Male,0.0,0.0,40.0,United-States,<=50K
24.0,Private,194630.0,Bachelors,13.0,Never-married,Tech-support,Not-in-family,White,Male,0.0,0.0,35.0,United-States,<=50K
36.0,State-gov,747719.0,,15.0,Married-civ-spouse,Prof-specialty,Wife,White,Female,15024.0,0.0,50.0,United-States,>50K
26.0,Private,219815.0,Some-college,10.0,Married-spouse-absent,Adm-clerical,Unmarried,White,Female,0.0,0.0,40.0,United-States,<=50K
27.0,State-gov,38353.0,Masters,14.0,Never-married,,Not-in-family,White,Male,0.0,0.0,40.0,United-States,<=50K
45.0,Private,160440.0,HS-grad,9.0,Married-civ-spouse,Sales,Husband,White,Male,0.0,,55.0,United-States,>50K
47.0,Local-gov,162595.0,Some-college,10.0,Married-spouse-absent,Craft-repair,Other-relative,White,Male,0.0,0.0,45.0,United-States,<=50K
35.0,Private,202950.0,HS-grad,9.0,Married-civ-spouse,Exec-managerial,,White,Male,0.0,0.0,55.0,,>50K
29.0,Private,22641.0,HS-grad,9.0,Married-civ-spouse,Machine-op-inspct,Husband,Amer-Indian-Eskimo,,0.0,0.0,45.0,,<=50K
47.0,State-gov,263215.0,Bachelors,13.0,Married-civ-spouse,Adm-clerical,Husband,White,,0.0,0.0,80.0,United-States,<=50K
41.0,Private,213351.0,HS-grad,9.0,Married-civ-spouse,Exec-managerial,Husband,White,Male,0.0,0.0,40.0,United-States,<=50K
50.0,State-gov,211319.0,Masters,14.0,,Prof-specialty,Not-in-family,White,Male,0.0,0.0,38.0,United-States,<=50K
56.0,Private,229525.0,9th,,Married-civ-spouse,Transport-moving,Husband,Black,Male,0.0,0.0,40.0,United-States,<=50K
36.0,Local-gov,127772.0,Bachelors,13.0,Divorced,Prof-specialty,Unmarried,White,Male,0.0,0.0,40.0,United-States,<=50K
46.0,Private,168191.0,,9.0,,Craft-repair,Not-in-family,White,Male,0.0,0.0,2.0,Italy,<=50K
47.0,Local-gov,319205.0,Some-college,10.0,Divorced,Adm-clerical,Unmarried,White,Female,0.0,0.0,40.0,United-States,<=50K
44.0,Local-gov,354230.0,Some-college,10.0,Married-civ-spouse,Craft-repair,Husband,White,Male,0.0,0.0,40.0,United-States,<=50K
31.0,Private,305619.0,Some-college,10.0,Married-civ-spouse,Adm-clerical,Husband,White,Male,0.0,0.0,,United-States,>50K
49.0,Private,34446.0,Some-college,10.0,Married-civ-spouse,Transport-moving,Husband,White,Male,0.0,0.0,40.0,United-States,<=50K
42.0,Private,112494.0,Some-college,10.0,Married-civ-spouse,Craft-repair,Husband,White,Male,7298.0,0.0,35.0,,>50K
36.0,Private,173804.0,Some-college,10.0,,Sales,Not-in-family,White,,0.0,0.0,35.0,United-States,<=50K
54.0,Self-emp-inc,151580.0,Bachelors,13.0,Married-civ-spouse,Tech-support,Husband,White,,0.0,0.0,40.0,United-States,>50K
33.0,Private,199227.0,Bachelors,13.0,Married-civ-spouse,Exec-managerial,,White,Male,0.0,0.0,55.0,United-States,>50K
,Private,171015.0,,10.0,Never-married,Adm-clerical,,White,Female,0.0,0.0,36.0,United-States,<=50K
39.0,Private,145933.0,Bachelors,13.0,Married-civ-spouse,Craft-repair,Husband,White,Male,15024.0,0.0,55.0,United-States,>50K
26.0,Private,,,9.0,Never-married,Exec-managerial,Not-in-family,Black,Female,0.0,0.0,37.0,United-States,<=50K
32.0,Private,155151.0,HS-grad,9.0,Married-civ-spouse,Craft-repair,Husband,White,Male,0.0,0.0,55.0,United-States,<=50K
23.0,Private,70261.0,Some-college,10.0,Never-married,Other-service,Own-child,,Male,0.0,0.0,30.0,United-States,<=50K
29.0,Private,29865.0,HS-grad,9.0,Divorced,Sales,Not-in-family,Amer-Indian-Eskimo,Female,0.0,0.0,50.0,United-States,<=50K
20.0,Private,137300.0,Assoc-voc,11.0,Never-married,Machine-op-inspct,Unmarried,White,Female,0.0,0.0,40.0,United-States,<=50K
57.0,Local-gov,62701.0,Some-college,10.0,Widowed,Exec-managerial,Not-in-family,White,,6849.0,0.0,40.0,United-States,<=50K
27.0,Private,335878.0,Assoc-acdm,12.0,Married-civ-spouse,Transport-moving,Husband,Black,Male,0.0,0.0,45.0,United-States,<=50K
36.0,Private,186415.0,,9.0,Married-civ-spouse,Handlers-cleaners,Husband,White,Male,0.0,,65.0,United-States,<=50K
54.0,Self-emp-not-inc,154785.0,Bachelors,13.0,Divorced,Exec-managerial,Not-in-family,White,Male,0.0,0.0,50.0,United-States,<=50K
36.0,Federal-gov,343052.0,HS-grad,9.0,Married-civ-spouse,Adm-clerical,Wife,White,Female,,0.0,40.0,United-States,<=50K
,,355124.0,HS-grad,9.0,Never-married,Machine-op-inspct,Not-in-family,White,Female,0.0,2001.0,40.0,Mexico,<=50K
50.0,,421561.0,,10.0,Divorced,,Not-in-family,White,Male,0.0,0.0,40.0,United-States,<=50K
50.0,Private,81253.0,HS-grad,9.0,Married-civ-spouse,Other-service,Wife,Asian-Pac-Islander,Female,0.0,0.0,30.0,United-States,<=50K
28.0,Self-emp-not-inc,119793.0,HS-grad,9.0,Never-married,Other-service,Not-in-family,White,Male,0.0,0.0,,United-States,<=50K
,Private,197860.0,Some-college,10.0,Married-civ-spouse,Handlers-cleaners,Husband,White,Male,0.0,0.0,40.0,,<=50K
38.0,Private,43712.0,HS-grad,9.0,Married-civ-spouse,Adm-clerical,Husband,White,Male,0.0,0.0,55.0,United-States,<=50K
41.0,Private,160837.0,11th,7.0,Married-spouse-absent,Machine-op-inspct,Not-in-family,White,Male,0.0,0.0,40.0,Guatemala,<=50K
61.0,Self-emp-inc,156542.0,Prof-school,15.0,Separated,Prof-specialty,Not-in-family,White,Male,0.0,0.0,40.0,United-States,>50K
39.0,Private,153047.0,HS-grad,9.0,Married-civ-spouse,Craft-repair,,White,Male,0.0,0.0,50.0,United-States,>50K
18.0,Private,205218.0,11th,7.0,Never-married,Sales,Own-child,White,Female,0.0,0.0,20.0,United-States,<=50K
19.0,Private,261259.0,Some-college,10.0,Never-married,Handlers-cleaners,Own-child,White,Male,0.0,0.0,35.0,United-States,<=50K
26.0,Private,214069.0,HS-grad,9.0,Separated,Farming-fishing,,White,Male,0.0,0.0,,United-States,<=50K
29.0,Self-emp-not-inc,394927.0,Some-college,10.0,Never-married,Craft-repair,Not-in-family,White,Male,0.0,0.0,45.0,United-States,<=50K
20.0,Private,163003.0,HS-grad,9.0,Never-married,Adm-clerical,Unmarried,Asian-Pac-Islander,Female,0.0,0.0,15.0,United-States,<=50K
41.0,Private,248476.0,HS-grad,9.0,Married-civ-spouse,Craft-repair,Husband,White,Male,0.0,0.0,40.0,United-States,<=50K
46.0,Private,149640.0,7th-8th,4.0,Married-spouse-absent,Transport-moving,Not-in-family,White,Male,0.0,0.0,45.0,United-States,<=50K
42.0,Private,221947.0,Masters,14.0,Married-civ-spouse,Exec-managerial,Husband,White,Male,0.0,0.0,45.0,United-States,>50K
52.0,Private,102828.0,HS-grad,9.0,Married-civ-spouse,Prof-specialty,,,Male,7688.0,0.0,40.0,United-States,>50K
33.0,Private,307693.0,HS-grad,9.0,Never-married,Adm-clerical,Not-in-family,Black,Female,0.0,0.0,30.0,United-States,<=50K
35.0,Private,158046.0,Some-college,10.0,Married-civ-spouse,Sales,Husband,White,Male,5013.0,0.0,70.0,United-States,<=50K
60.0,Private,182343.0,12th,8.0,Married-civ-spouse,Handlers-cleaners,Husband,White,Male,0.0,,40.0,United-States,<=50K
18.0,Private,137532.0,Some-college,10.0,Never-married,Sales,,White,Female,0.0,0.0,20.0,United-States,<=50K
24.0,Self-emp-not-inc,32921.0,HS-grad,9.0,Never-married,Sales,Not-in-family,White,Male,0.0,0.0,40.0,United-States,<=50K
33.0,Private,,12th,8.0,Married-civ-spouse,Handlers-cleaners,Husband,,Male,0.0,0.0,40.0,United-States,<=50K
51.0,Local-gov,169182.0,7th-8th,4.0,Divorced,Other-service,Unmarried,White,Female,0.0,,40.0,Columbia,<=50K
44.0,Private,184527.0,Bachelors,13.0,Divorced,Exec-managerial,Unmarried,White,Female,4934.0,0.0,45.0,United-States,>50K
30.0,Self-emp-not-inc,278522.0,11th,7.0,Never-married,Farming-fishing,Own-child,,Male,0.0,0.0,40.0,United-States,<=50K
32.0,Private,42596.0,HS-grad,9.0,Married-civ-spouse,Craft-repair,Husband,White,Male,0.0,0.0,48.0,United-States,<=50K
44.0,State-gov,167265.0,Masters,14.0,Married-civ-spouse,Prof-specialty,Husband,White,,0.0,0.0,60.0,United-States,>50K
122.7819770088162,Private,98466.0,10th,6.0,Never-married,Farming-fishing,Unmarried,White,Male,0.0,0.0,35.0,United-States,>50K
23.0,Self-emp-not-inc,255252.0,11th,7.0,Never-married,,Not-in-family,White,Male,0.0,0.0,40.0,United-States,<=50K
38.0,Private,153685.0,11th,7.0,Divorced,Machine-op-inspct,Unmarried,Black,Female,0.0,0.0,52.0,United-States,<=50K
36.0,Private,410034.0,Assoc-acdm,12.0,Married-civ-spouse,Craft-repair,Husband,White,Male,0.0,0.0,,United-States,<=50K
68.0,,117236.0,Bachelors,13.0,Married-civ-spouse,Exec-managerial,Husband,White,Male,20051.0,0.0,45.0,,>50K
28.0,Private,25684.0,HS-grad,,Never-married,Prof-specialty,Not-in-family,Amer-Indian-Eskimo,,0.0,0.0,40.0,United-States,<=50K
43.0,Private,212894.0,Bachelors,13.0,Married-civ-spouse,Exec-managerial,Husband,White,Male,15024.0,0.0,50.0,United-States,>50K
28.0,Private,,11th,7.0,Separated,Craft-repair,Unmarried,White,Female,0.0,0.0,40.0,United-States,<=50K
19.0,Private,139466.0,Some-college,10.0,Never-married,Sales,Own-child,White,Female,0.0,0.0,25.0,United-States,<=50K
,Private,95680.0,Some-college,10.0,Married-civ-spouse,Machine-op-inspct,Husband,Asian-Pac-Islander,Male,0.0,0.0,40.0,United-States,>50K
30.0,Self-emp-not-inc,189759.0,HS-grad,9.0,Never-married,Craft-repair,Not-in-family,White,Male,0.0,0.0,45.0,United-States,<=50K
61.0,Private,-620024.9330611756,12th,8.0,Married-civ-spouse,Exec-managerial,Husband,White,Male,0.0,0.0,60.0,United-States,>50K
81.0,Private,55314.0,Bachelors,13.0,Married-civ-spouse,Adm-clerical,,White,Male,0.0,0.0,4.0,United-States,>50K
50.0,Private,312477.0,HS-grad,9.0,Married-civ-spouse,Transport-moving,,White,Male,0.0,0.0,40.0,United-States,<=50K
22.0,Private,60783.0,10th,6.0,Never-married,Craft-repair,Own-child,White,Male,0.0,0.0,15.0,United-States,<=50K
,Private,158363.0,12th,8.0,Married-civ-spouse,Machine-op-inspct,Husband,White,Male,47889.20366261097,0.0,40.0,United-States,>50K
42.0,Private,403187.0,HS-grad,9.0,Divorced,Handlers-cleaners,Unmarried,Black,Female,0.0,0.0,40.0,United-States,<=50K
29.0,Private,47429.0,HS-grad,9.0,Married-civ-spouse,Adm-clerical,Wife,White,Female,0.0,0.0,40.0,United-States,>50K
53.0,Federal-gov,40641.0,Bachelors,13.0,Married-civ-spouse,Protective-serv,Husband,White,Male,0.0,0.0,40.0,United-States,>50K
30.0,Private,134639.0,Bachelors,13.0,Never-married,Exec-managerial,Not-in-family,White,Male,8614.0,0.0,45.0,,>50K
37.0,Self-emp-not-inc,29054.0,Assoc-voc,11.0,,Farming-fishing,Own-child,White,Male,0.0,0.0,84.0,United-States,<=50K
18.0,Private,152171.0,Some-college,10.0,Never-married,Other-service,Not-in-family,White,Male,0.0,0.0,25.0,United-States,<=50K
35.0,Private,306678.0,HS-grad,9.0,Married-civ-spouse,Machine-op-inspct,Husband,White,Male,2885.0,0.0,40.0,United-States,<=50K
29.0,Private,312845.0,HS-grad,9.0,Divorced,Other-service,Unmarried,White,Female,0.0,0.0,30.0,,<=50K
33.0,Private,150324.0,HS-grad,9.0,Divorced,Machine-op-inspct,Not-in-family,White,Male,0.0,0.0,49.0,United-States,<=50K
,Private,,HS-grad,9.0,Divorced,Handlers-cleaners,Unmarried,White,Female,0.0,0.0,40.0,United-States,<=50K
38.0,Federal-gov,307404.0,Some-college,10.0,Divorced,Adm-clerical,Unmarried,White,Female,0.0,0.0,40.0,United-States,<=50K
34.0,,41210.0,HS-grad,9.0,Married-civ-spouse,Farming-fishing,Husband,White,Male,0.0,0.0,60.0,United-States,<=50K
,Private,105495.0,Some-college,10.0,Married-civ-spouse,Exec-managerial,Wife,White,Female,0.0,0.0,50.0,United-States,>50K
21.0,Private,211601.0,Some-college,10.0,Never-married,Adm-clerical,Own-child,Black,Female,0.0,0.0,40.0,United-States,<=50K
43.0,Private,172364.0,HS-grad,9.0,Separated,Exec-managerial,Not-in-family,,Female,0.0,0.0,48.0,United-States,<=50K
22.0,Private,124810.0,HS-grad,9.0,Never-married,Sales,Own-child,White,Female,0.0,0.0,20.0,United-States,<=50K
18.0,Private,200047.0,12th,8.0,Never-married,Adm-clerical,Own-child,White,,0.0,0.0,35.0,United-States,<=50K
55.0,Self-emp-inc,124137.0,Some-college,10.0,Married-civ-spouse,Sales,Husband,White,,0.0,0.0,40.0,United-States,>50K
22.0,Private,215395.0,Some-college,10.0,Never-married,Other-service,Not-in-family,White,Male,0.0,1602.0,10.0,United-States,<=50K
29.0,,337944.0,11th,7.0,Separated,Transport-moving,Not-in-family,White,Male,0.0,,60.0,United-States,<=50K
53.0,Self-emp-not-inc,101017.0,HS-grad,,Married-civ-spouse,Exec-managerial,Husband,White,Male,0.0,0.0,35.0,United-States,<=50K
37.0,Private,167735.0,Assoc-voc,11.0,Married-civ-spouse,Craft-repair,Husband,White,Male,0.0,1887.0,40.0,United-States,>50K
25.0,Private,457070.0,7th-8th,4.0,Divorced,Craft-repair,Own-child,White,Male,0.0,0.0,45.0,United-States,<=50K
49.0,Private,116927.0,Bachelors,13.0,Married-civ-spouse,Sales,Husband,White,Male,0.0,0.0,60.0,United-States,<=50K
36.0,Self-emp-not-inc,175769.0,Prof-school,15.0,Married-civ-spouse,Craft-repair,Husband,White,Male,0.0,0.0,60.0,United-States,<=50K
25.0,Private,193787.0,Some-college,10.0,Never-married,Prof-specialty,Unmarried,White,Female,0.0,0.0,,United-States,<=50K
27.0,Private,386036.0,Some-college,,Never-married,Transport-moving,Not-in-family,White,Male,0.0,0.0,48.0,United-States,<=50K
20.0,Private,107882.0,Some-college,10.0,Never-married,Adm-clerical,Own-child,,Female,0.0,0.0,,United-States,<=50K
46.0,Federal-gov,33794.0,Bachelors,13.0,Married-civ-spouse,Tech-support,,White,,3103.0,0.0,40.0,United-States,>50K
26.0,Private,188569.0,Some-college,10.0,Never-married,Adm-clerical,Not-in-family,White,Female,0.0,,25.0,United-States,<=50K
29.0,Private,225024.0,HS-grad,9.0,Divorced,Craft-repair,Not-in-family,White,Male,0.0,0.0,40.0,United-States,<=50K
22.0,Private,90896.0,Some-college,10.0,Never-married,Sales,Own-child,White,Female,0.0,0.0,40.0,,<=50K
23.0,Private,315065.0,Some-college,10.0,Never-married,Other-service,Unmarried,,Male,0.0,,35.0,Mexico,<=50K
32.0,Private,170154.0,Assoc-acdm,12.0,Separated,Exec-managerial,Unmarried,White,Female,25236.0,0.0,50.0,,>50K
20.0,Private,201204.0,,9.0,Never-married,Handlers-cleaners,Own-child,White,Male,0.0,0.0,40.0,United-States,<=50K
63.0,Local-gov,86590.0,HS-grad,9.0,Married-civ-spouse,Exec-managerial,Wife,White,Female,0.0,0.0,32.0,United-States,<=50K
53.0,Self-emp-inc,155983.0,Masters,29.4862381985065,Married-civ-spouse,Sales,Husband,White,Male,0.0,0.0,65.0,United-States,<=50K
60.0,Private,170278.0,5th-6th,3.0,Widowed,Sales,Not-in-family,White,Female,0.0,0.0,40.0,Italy,<=50K
57.0,Private,82676.0,HS-grad,9.0,Divorced,Transport-moving,Not-in-family,White,Male,0.0,0.0,48.0,United-States,<=50K
40.0,Self-emp-not-inc,192878.0,HS-grad,9.0,Married-civ-spouse,Other-service,Husband,White,Male,0.0,0.0,40.0,United-States,<=50K
70.0,Private,176940.0,Some-college,10.0,Never-married,Adm-clerical,Not-in-family,White,Female,0.0,0.0,16.0,United-States,<=50K
39.0,Private,270059.0,Some-college,10.0,Divorced,,Unmarried,White,Female,,0.0,35.0,United-States,<=50K
30.0,Private,226296.0,Masters,14.0,Married-civ-spouse,Prof-specialty,Husband,White,Male,0.0,0.0,,United-States,>50K
,Private,189565.0,Some-college,10.0,Never-married,Tech-support,Not-in-family,White,Male,0.0,0.0,40.0,United-States,<=50K
17.0,Private,152710.0,10th,6.0,Never-married,Sales,Own-child,White,Female,0.0,0.0,15.0,United-States,<=50K
30.0,Local-gov,170449.0,Masters,14.0,Married-civ-spouse,Prof-specialty,Husband,Asian-Pac-Islander,Male,0.0,0.0,40.0,United-States,>50K
28.0,Private,221215.0,10th,,Never-married,Handlers-cleaners,Other-relative,White,Male,0.0,0.0,40.0,Mexico,<=50K
58.0,Private,357788.0,HS-grad,9.0,Married-civ-spouse,Craft-repair,Husband,Black,Male,0.0,0.0,40.0,United-States,<=50K
51.0,Self-emp-not-inc,134447.0,HS-grad,9.0,Married-civ-spouse,Craft-repair,Husband,White,Male,0.0,0.0,70.0,United-States,<=50K
59.0,,104216.0,Prof-school,15.0,Married-civ-spouse,Sales,Husband,White,Male,0.0,0.0,25.0,United-States,<=50K
37.0,Private,82521.0,Some-college,10.0,Married-civ-spouse,Prof-specialty,,White,Male,,0.0,46.0,United-States,<=50K
68.0,Private,214521.0,Prof-school,15.0,Widowed,Prof-specialty,Unmarried,White,Female,0.0,0.0,16.0,United-States,<=50K
23.0,Private,204209.0,Some-college,10.0,Never-married,Handlers-cleaners,Own-child,White,Male,0.0,0.0,10.0,United-States,<=50K
48.0,Private,266764.0,Some-college,10.0,Married-civ-spouse,Craft-repair,Husband,White,Male,0.0,0.0,45.0,United-States,>50K
37.0,Private,270059.0,,10.0,Divorced,Adm-clerical,Unmarried,White,Female,25236.0,0.0,25.0,United-States,>50K
52.0,Private,279129.0,Masters,14.0,Married-civ-spouse,Exec-managerial,Husband,White,Male,0.0,0.0,60.0,United-States,>50K
60.0,Private,75726.0,HS-grad,9.0,Divorced,Exec-managerial,Not-in-family,White,Female,0.0,1092.0,40.0,United-States,<=50K
18.0,Private,201613.0,12th,8.0,Never-married,Sales,Own-child,White,Female,0.0,0.0,20.0,United-States,<=50K
49.0,Private,,Some-college,10.0,Married-civ-spouse,Craft-repair,Husband,White,Male,0.0,0.0,40.0,United-States,>50K
49.0,Private,155489.0,Masters,14.0,Married-civ-spouse,Prof-specialty,Husband,White,Male,0.0,0.0,50.0,United-States,>50K
21.0,Local-gov,244074.0,HS-grad,9.0,Never-married,Other-service,Not-in-family,White,Female,0.0,0.0,22.0,United-States,<=50K
,Private,388812.0,Some-college,10.0,Never-married,Sales,Not-in-family,Black,Male,0.0,0.0,35.0,United-States,<=50K
35.0,Private,117381.0,Bachelors,13.0,Divorced,Sales,Not-in-family,,Male,0.0,0.0,40.0,,<=50K
39.0,Private,175232.0,Bachelors,13.0,Divorced,Sales,Not-in-family,White,Male,0.0,0.0,40.0,United-States,<=50K
36.0,Private,414910.0,7th-8th,4.0,Divorced,Sales,Not-in-family,Other,Female,0.0,0.0,35.0,United-States,<=50K
22.0,Private,89991.0,Some-college,10.0,Never-married,Other-service,Own-child,,Female,0.0,0.0,11.0,United-States,<=50K
24.0,Private,86745.0,Bachelors,13.0,Never-married,Adm-clerical,Other-relative,Asian-Pac-Islander,Female,0.0,0.0,16.0,United-States,<=50K
38.0,Self-emp-not-inc,238980.0,Some-college,10.0,Never-married,Sales,Not-in-family,White,Male,0.0,0.0,60.0,United-States,<=50K
38.0,Self-emp-not-inc,179481.0,Bachelors,13.0,Married-civ-spouse,Prof-specialty,Husband,White,Male,0.0,0.0,50.0,United-States,<=50K
51.0,Private,155963.0,9th,5.0,Divorced,Transport-moving,Own-child,White,Male,0.0,0.0,40.0,United-States,<=50K
32.0,Private,257043.0,HS-grad,9.0,Never-married,Adm-clerical,Not-in-family,,Female,0.0,0.0,42.0,United-States,<=50K
18.0,Private,174732.0,HS-grad,9.0,Never-married,Other-service,Other-relative,Black,Male,0.0,0.0,36.0,United-States,<=50K
47.0,Self-emp-inc,337825.0,Some-college,10.0,Married-civ-spouse,Sales,Husband,White,Male,0.0,0.0,45.0,United-States,>50K
34.0,Private,61308.0,HS-grad,9.0,Married-civ-spouse,Exec-managerial,Husband,White,Male,0.0,0.0,45.0,United-States,<=50K
42.0,Private,119941.0,HS-grad,9.0,Divorced,Exec-managerial,Not-in-family,White,Female,,0.0,40.0,United-States,<=50K
41.0,Private,223548.0,,2.0,,Machine-op-inspct,Husband,White,Male,0.0,0.0,40.0,Mexico,<=50K
73.0,State-gov,96262.0,HS-grad,9.0,Widowed,Adm-clerical,,White,Female,,0.0,40.0,United-States,<=50K
32.0,Private,199416.0,Bachelors,13.0,Married-civ-spouse,Prof-specialty,,White,Male,0.0,0.0,40.0,United-States,<=50K
35.0,Self-emp-not-inc,193026.0,Some-college,10.0,Married-civ-spouse,Exec-managerial,Husband,White,Male,0.0,0.0,60.0,United-States,<=50K
,Private,220187.0,Some-college,10.0,Married-civ-spouse,,Husband,White,Male,0.0,0.0,45.0,United-States,>50K
23.0,Private,289909.0,Some-college,10.0,Never-married,Adm-clerical,,White,Male,0.0,0.0,45.0,United-States,<=50K
24.0,Private,379418.0,Some-college,10.0,Never-married,Adm-clerical,Not-in-family,White,Female,0.0,,40.0,United-States,<=50K
43.0,Private,116852.0,HS-grad,9.0,Married-civ-spouse,Exec-managerial,Wife,,Female,0.0,0.0,36.0,Portugal,>50K
61.0,Private,242552.0,5th-6th,3.0,Married-civ-spouse,Machine-op-inspct,Wife,White,Female,0.0,0.0,37.0,Honduras,<=50K
30.0,Private,185027.0,Bachelors,13.0,Married-civ-spouse,Prof-specialty,Husband,White,Male,0.0,0.0,40.0,United-States,>50K
27.0,Private,165412.0,HS-grad,9.0,Never-married,,Own-child,White,Male,0.0,0.0,20.0,United-States,<=50K
47.0,Private,99911.0,12th,8.0,Married-spouse-absent,Exec-managerial,Not-in-family,White,Female,0.0,0.0,55.0,United-States,<=50K
24.0,Private,140001.0,HS-grad,9.0,Never-married,Sales,Own-child,White,Male,0.0,0.0,35.0,El-Salvador,<=50K
58.0,Private,66788.0,HS-grad,9.0,Separated,Machine-op-inspct,Unmarried,White,Male,,0.0,40.0,Portugal,<=50K
30.0,Private,251120.0,7th-8th,4.0,Never-married,Craft-repair,Not-in-family,White,Male,0.0,0.0,38.0,United-States,<=50K
38.0,Private,,Assoc-voc,11.0,Divorced,Craft-repair,Not-in-family,White,Male,0.0,0.0,40.0,United-States,<=50K
23.0,Private,162282.0,HS-grad,9.0,Never-married,Machine-op-inspct,Own-child,White,Male,0.0,0.0,40.0,United-States,<=50K
20.0,Private,216563.0,Some-college,10.0,Never-married,Other-service,Own-child,White,Female,0.0,,20.0,United-States,<=50K
32.0,Local-gov,393376.0,Bachelors,13.0,Never-married,Protective-serv,,White,Female,0.0,0.0,48.0,United-States,<=50K
31.0,Private,341632.0,Assoc-acdm,12.0,Married-civ-spouse,Tech-support,Husband,Black,,0.0,0.0,46.0,United-States,<=50K
30.0,Private,329425.0,HS-grad,9.0,Married-civ-spouse,Craft-repair,Husband,White,Male,0.0,0.0,40.0,United-States,<=50K
19.0,Private,190817.0,Some-college,10.0,Never-married,Sales,Own-child,White,Female,0.0,0.0,40.0,,<=50K
24.0,Private,183410.0,Some-college,10.0,Never-married,Sales,Own-child,White,Female,0.0,0.0,17.0,United-States,<=50K
34.0,Self-emp-inc,,HS-grad,9.0,Married-civ-spouse,Sales,Husband,White,Male,0.0,0.0,60.0,United-States,<=50K
47.0,Private,184169.0,Masters,14.0,Divorced,Prof-specialty,Unmarried,,Female,0.0,0.0,40.0,United-States,>50K
57.0,Self-emp-inc,37394.0,Bachelors,13.0,Married-civ-spouse,Prof-specialty,Husband,White,Male,0.0,0.0,50.0,United-States,>50K
28.0,,202206.0,HS-grad,9.0,Married-civ-spouse,Machine-op-inspct,Husband,White,Male,,0.0,50.0,Puerto-Rico,<=50K
50.0,Self-emp-not-inc,44368.0,HS-grad,9.0,Married-civ-spouse,Sales,Husband,White,Male,15024.0,0.0,55.0,El-Salvador,>50K
30.0,Private,49325.0,Some-college,10.0,Married-civ-spouse,Transport-moving,Husband,White,Male,0.0,,80.0,United-States,>50K
65.0,Private,204042.0,HS-grad,9.0,Divorced,Protective-serv,Not-in-family,White,Male,0.0,0.0,20.0,United-States,<=50K
63.0,Private,175777.0,10th,6.0,Separated,Machine-op-inspct,Not-in-family,Black,Male,0.0,0.0,40.0,United-States,<=50K
30.0,Private,381153.0,Some-college,10.0,Married-civ-spouse,Craft-repair,Husband,White,Male,0.0,0.0,40.0,United-States,<=50K
47.0,Federal-gov,204900.0,HS-grad,9.0,Married-civ-spouse,Prof-specialty,Wife,Black,Female,0.0,,-32.632199789053374,United-States,>50K
40.0,Local-gov,34540.0,Masters,14.0,Divorced,Prof-specialty,Unmarried,White,Female,0.0,0.0,44.0,United-States,<=50K
18.0,Private,362600.0,5th-6th,3.0,Never-married,Handlers-cleaners,Own-child,White,Male,,0.0,40.0,United-States,<=50K
26.0,Private,165510.0,Bachelors,13.0,Never-married,Farming-fishing,Own-child,White,Male,0.0,0.0,40.0,United-States,<=50K
28.0,Private,32291.0,Bachelors,13.0,Never-married,Prof-specialty,Not-in-family,White,Female,2174.0,0.0,40.0,United-States,<=50K
26.0,Private,214303.0,Bachelors,13.0,Never-married,Prof-specialty,Not-in-family,White,Female,0.0,0.0,50.0,United-States,<=50K
60.0,State-gov,69251.0,Masters,14.0,Married-civ-spouse,Prof-specialty,Husband,Asian-Pac-Islander,Male,0.0,,38.0,China,>50K
29.0,Private,320451.0,HS-grad,9.0,,Protective-serv,,Asian-Pac-Islander,Male,0.0,0.0,40.0,Philippines,<=50K
48.0,Private,125892.0,Bachelors,13.0,Divorced,Exec-managerial,Other-relative,White,Male,0.0,0.0,40.0,United-States,<=50K
61.0,Private,161472.0,HS-grad,9.0,Married-civ-spouse,Craft-repair,Husband,White,Male,0.0,0.0,40.0,United-States,>50K
37.0,Private,65390.0,Bachelors,13.0,,Farming-fishing,Husband,White,Male,0.0,0.0,50.0,United-States,<=50K
22.0,Private,275385.0,,10.0,,Other-service,Other-relative,White,Male,0.0,0.0,25.0,United-States,<=50K
37.0,Private,126954.0,Bachelors,13.0,Married-civ-spouse,Exec-managerial,Husband,White,Male,0.0,0.0,50.0,United-States,>50K
32.0,Private,44677.0,Bachelors,13.0,Never-married,Adm-clerical,Not-in-family,White,Male,0.0,0.0,40.0,United-States,<=50K
67.0,Private,335979.0,HS-grad,9.0,Widowed,Sales,Not-in-family,White,,991.0,0.0,18.0,United-States,<=50K
36.0,Private,173804.0,11th,7.0,Divorced,Other-service,Not-in-family,White,Female,0.0,0.0,40.0,United-States,<=50K
65.0,Private,222810.0,Assoc-voc,11.0,Divorced,Exec-managerial,Not-in-family,White,Female,0.0,0.0,40.0,United-States,<=50K
32.0,Private,326283.0,Bachelors,13.0,Never-married,Other-service,Unmarried,Other,Male,0.0,0.0,40.0,United-States,<=50K
32.0,Private,259425.0,Some-college,10.0,Divorced,Craft-repair,Not-in-family,White,,0.0,0.0,-32.632199789053374,United-States,>50K
35.0,Private,129573.0,HS-grad,9.0,Married-civ-spouse,Transport-moving,Husband,White,Male,0.0,0.0,65.0,United-States,<=50K
50.0,Private,163671.0,,9.0,Married-civ-spouse,Craft-repair,Husband,White,Male,0.0,,40.0,United-States,<=50K
32.0,Private,157747.0,Some-college,10.0,Married-civ-spouse,Tech-support,,White,Male,0.0,0.0,45.0,United-States,<=50K
51.0,Private,144284.0,Bachelors,13.0,Married-civ-spouse,Prof-specialty,,White,Male,0.0,0.0,40.0,United-States,>50K
27.0,Self-emp-not-inc,37302.0,11th,7.0,Married-civ-spouse,Exec-managerial,,White,Male,0.0,0.0,50.0,United-States,<=50K
43.0,Private,198965.0,Some-college,10.0,Married-civ-spouse,Sales,Husband,White,Male,0.0,0.0,38.0,United-States,>50K
31.0,Private,227325.0,Some-college,10.0,Never-married,Craft-repair,Not-in-family,White,Male,0.0,0.0,40.0,United-States,<=50K
38.0,Private,312271.0,Bachelors,13.0,Married-civ-spouse,,Husband,White,Male,0.0,0.0,50.0,United-States,>50K
59.0,Private,192983.0,HS-grad,9.0,Separated,Other-service,Not-in-family,White,Female,0.0,0.0,,United-States,<=50K
18.0,Private,108892.0,11th,7.0,Never-married,Handlers-cleaners,Own-child,White,Male,0.0,0.0,12.0,United-States,<=50K
54.0,Self-emp-inc,159219.0,Prof-school,15.0,Married-civ-spouse,Prof-specialty,Husband,White,Male,99999.0,0.0,40.0,United-States,>50K
33.0,Private,,HS-grad,9.0,Never-married,Handlers-cleaners,Own-child,White,Male,0.0,0.0,40.0,United-States,<=50K
27.0,Private,287476.0,HS-grad,9.0,Never-married,Craft-repair,,Black,Male,3325.0,0.0,40.0,United-States,<=50K
36.0,Local-gov,248263.0,HS-grad,9.0,Never-married,Prof-specialty,Not-in-family,White,Female,0.0,0.0,40.0,United-States,<=50K
35.0,Private,272019.0,,7.0,Married-civ-spouse,Craft-repair,Husband,White,Male,0.0,2057.0,40.0,United-States,<=50K
62.0,,123749.0,Bachelors,13.0,Married-civ-spouse,Exec-managerial,Husband,White,Male,0.0,,40.0,United-States,>50K
43.0,Private,222635.0,11th,7.0,Divorced,Farming-fishing,Not-in-family,White,Male,0.0,0.0,80.0,United-States,<=50K
31.0,Private,87560.0,Some-college,10.0,Never-married,Machine-op-inspct,Not-in-family,White,Female,0.0,0.0,50.0,United-States,<=50K
27.0,Private,371103.0,Bachelors,13.0,Never-married,Adm-clerical,Not-in-family,Black,Female,0.0,0.0,40.0,United-States,<=50K
45.0,Private,102597.0,HS-grad,9.0,Widowed,Adm-clerical,Unmarried,White,Female,0.0,0.0,35.0,United-States,<=50K
39.0,Private,48915.0,HS-grad,9.0,Married-civ-spouse,Machine-op-inspct,Husband,White,Male,0.0,0.0,40.0,United-States,>50K
41.0,State-gov,283917.0,Assoc-voc,11.0,Married-civ-spouse,Prof-specialty,Husband,White,Male,0.0,0.0,35.0,United-States,>50K
90.0,Local-gov,188242.0,HS-grad,9.0,Never-married,Craft-repair,Own-child,White,Male,11678.0,0.0,40.0,United-States,>50K
51.0,Private,250423.0,Some-college,10.0,Married-spouse-absent,Transport-moving,Unmarried,White,Male,0.0,0.0,40.0,United-States,<=50K
45.0,Private,216414.0,Bachelors,13.0,Married-civ-spouse,Adm-clerical,Husband,White,Male,7688.0,,50.0,United-States,>50K
32.0,Private,330715.0,Some-college,10.0,Married-civ-spouse,Craft-repair,Husband,White,,0.0,0.0,40.0,United-States,<=50K
64.0,Private,256019.0,Masters,14.0,Never-married,Prof-specialty,Not-in-family,White,Female,0.0,0.0,35.0,United-States,<=50K
59.0,Federal-gov,99131.0,HS-grad,9.0,Never-married,Exec-managerial,Other-relative,White,Female,0.0,0.0,40.0,United-States,<=50K
18.0,Private,101173.0,HS-grad,9.0,Never-married,Exec-managerial,Own-child,White,Female,0.0,0.0,35.0,United-States,<=50K
25.0,Private,248612.0,Assoc-acdm,12.0,Never-married,Craft-repair,Not-in-family,White,Male,0.0,0.0,30.0,United-States,<=50K
28.0,Private,162343.0,HS-grad,9.0,Never-married,Other-service,Not-in-family,White,Male,0.0,0.0,40.0,Puerto-Rico,<=50K
27.0,Private,118598.0,HS-grad,9.0,Never-married,Machine-op-inspct,Unmarried,Black,Female,0.0,0.0,,United-States,<=50K
41.0,Private,167375.0,Bachelors,13.0,Never-married,Adm-clerical,Not-in-family,White,Male,0.0,0.0,52.0,United-States,<=50K
34.0,Private,209691.0,Assoc-voc,11.0,Married-civ-spouse,Prof-specialty,Husband,,Male,4386.0,0.0,,United-States,>50K
38.0,State-gov,91670.0,Some-college,,Divorced,Prof-specialty,Own-child,Asian-Pac-Islander,Female,0.0,0.0,40.0,United-States,<=50K
23.0,Private,189013.0,,10.0,Never-married,Adm-clerical,Own-child,White,Female,0.0,0.0,37.0,United-States,<=50K
24.0,Self-emp-inc,60668.0,HS-grad,9.0,Never-married,Craft-repair,Own-child,White,Male,0.0,0.0,40.0,United-States,<=50K
43.0,Private,313022.0,HS-grad,9.0,Married-civ-spouse,Machine-op-inspct,Husband,Black,Male,4386.0,0.0,40.0,United-States,>50K
19.0,Private,311015.0,HS-grad,9.0,Never-married,Other-service,Not-in-family,White,Male,0.0,0.0,40.0,United-States,<=50K
32.0,Federal-gov,149573.0,Assoc-acdm,12.0,Never-married,Protective-serv,Not-in-family,Black,Male,0.0,0.0,40.0,United-States,<=50K
32.0,Private,128002.0,Assoc-voc,11.0,Married-civ-spouse,Adm-clerical,Wife,White,Female,0.0,0.0,45.0,United-States,<=50K
50.0,Private,24790.0,HS-grad,9.0,Married-civ-spouse,Craft-repair,Husband,White,Male,0.0,0.0,40.0,United-States,<=50K
46.0,Private,173243.0,Some-college,10.0,Married-civ-spouse,Tech-support,Husband,White,Male,5178.0,0.0,40.0,United-States,>50K
28.0,Private,137063.0,Prof-school,15.0,Married-civ-spouse,Prof-specialty,Husband,White,Male,0.0,0.0,65.0,United-States,<=50K
32.0,Local-gov,287229.0,Some-college,10.0,Divorced,Other-service,Not-in-family,White,Female,0.0,0.0,30.0,Japan,<=50K
25.0,Private,207875.0,7th-8th,4.0,Married-civ-spouse,Handlers-cleaners,Husband,White,Male,0.0,0.0,40.0,Mexico,<=50K
30.0,Private,255279.0,HS-grad,9.0,Divorced,Adm-clerical,Unmarried,White,Female,,0.0,20.0,United-States,<=50K
36.0,Private,65382.0,HS-grad,9.0,Married-civ-spouse,Craft-repair,Husband,White,Male,0.0,0.0,,United-States,<=50K
29.0,Private,213842.0,Some-college,10.0,Married-civ-spouse,Craft-repair,Husband,White,Male,0.0,0.0,40.0,United-States,<=50K
34.0,Private,110476.0,HS-grad,9.0,Married-civ-spouse,Adm-clerical,Husband,White,Male,0.0,0.0,,United-States,<=50K
34.0,Private,342709.0,Masters,14.0,Married-civ-spouse,Exec-managerial,Husband,White,Male,0.0,0.0,40.0,United-States,<=50K
34.0,Private,215047.0,Some-college,10.0,Never-married,Exec-managerial,Not-in-family,White,Male,0.0,0.0,45.0,United-States,<=50K
41.0,Private,144032.0,HS-grad,9.0,Married-civ-spouse,Exec-managerial,Husband,White,Male,0.0,0.0,60.0,United-States,<=50K
36.0,Private,205359.0,HS-grad,9.0,Married-spouse-absent,Other-service,Unmarried,White,Female,0.0,0.0,25.0,United-States,<=50K
67.0,Private,257557.0,7th-8th,4.0,Married-civ-spouse,Transport-moving,Husband,Black,Male,10566.0,0.0,40.0,United-States,<=50K
22.0,State-gov,48121.0,Some-college,10.0,Married-civ-spouse,Other-service,Husband,White,Male,0.0,0.0,25.0,United-States,<=50K
40.0,Private,175642.0,,13.0,Never-married,Prof-specialty,Not-in-family,White,Female,0.0,0.0,60.0,United-States,>50K
39.0,Private,150061.0,Masters,14.0,Divorced,Exec-managerial,,Black,Female,15020.0,0.0,60.0,United-States,>50K
54.0,Private,103700.0,HS-grad,9.0,,Other-service,Unmarried,White,Female,0.0,0.0,40.0,United-States,<=50K
23.0,Private,86939.0,HS-grad,9.0,Divorced,Handlers-cleaners,Not-in-family,White,Male,0.0,0.0,50.0,United-States,<=50K
22.0,Private,201490.0,HS-grad,9.0,Never-married,Adm-clerical,Own-child,White,Male,0.0,0.0,20.0,United-States,<=50K
30.0,Private,,Bachelors,13.0,Divorced,Prof-specialty,Not-in-family,White,Female,0.0,0.0,38.0,United-States,<=50K
59.0,Federal-gov,51662.0,HS-grad,9.0,Widowed,,Unmarried,White,Female,0.0,0.0,40.0,United-States,<=50K
43.0,,186995.0,,9.0,Divorced,Protective-serv,Unmarried,White,Female,0.0,0.0,40.0,United-States,<=50K
55.0,Private,436861.0,Masters,14.0,Divorced,Prof-specialty,Not-in-family,White,Female,14084.0,0.0,40.0,United-States,>50K
52.0,Private,,Assoc-voc,11.0,,Adm-clerical,Not-in-family,White,,0.0,0.0,36.0,United-States,<=50K
27.0,Private,193898.0,HS-grad,,Divorced,Craft-repair,Not-in-family,White,Male,0.0,0.0,50.0,United-States,<=50K
49.0,Private,166809.0,Bachelors,13.0,Divorced,,Unmarried,White,Female,0.0,0.0,40.0,United-States,>50K
41.0,Private,231793.0,HS-grad,9.0,Divorced,Other-service,Unmarried,White,Female,0.0,0.0,40.0,United-States,<=50K
46.0,Private,,HS-grad,,Separated,,Not-in-family,Black,Female,0.0,0.0,45.0,Jamaica,<=50K
49.0,Local-gov,106554.0,Bachelors,13.0,,Prof-specialty,Unmarried,White,Female,0.0,0.0,40.0,United-States,>50K
31.0,,800322.9330611756,Bachelors,13.0,Married-civ-spouse,Prof-specialty,Husband,White,Male,0.0,0.0,60.0,United-States,<=50K
39.0,Private,252327.0,9th,5.0,Separated,Craft-repair,Own-child,White,Male,0.0,0.0,35.0,Mexico,<=50K
46.0,Private,192360.0,Bachelors,13.0,Married-civ-spouse,Exec-managerial,Husband,White,Male,0.0,,35.0,United-States,>50K
32.0,Private,,Bachelors,13.0,Married-civ-spouse,Sales,Husband,White,Male,0.0,0.0,60.0,United-States,>50K
33.0,Federal-gov,344073.0,Bachelors,13.0,Never-married,Protective-serv,Not-in-family,White,Male,0.0,1408.0,,United-States,<=50K
51.0,Self-emp-not-inc,290688.0,5th-6th,3.0,Married-civ-spouse,Craft-repair,Husband,White,,0.0,0.0,40.0,United-States,<=50K
21.0,Private,155818.0,HS-grad,9.0,Never-married,Other-service,Own-child,White,Female,0.0,0.0,20.0,United-States,<=50K
52.0,Private,218550.0,Some-college,10.0,Married-spouse-absent,Adm-clerical,Not-in-family,White,Female,14084.0,0.0,16.0,United-States,>50K
62.0,Private,194167.0,HS-grad,9.0,Divorced,Machine-op-inspct,Not-in-family,White,Female,2174.0,0.0,40.0,United-States,<=50K
33.0,Private,168782.0,Assoc-voc,11.0,Never-married,Craft-repair,Unmarried,White,Male,,0.0,40.0,United-States,<=50K
29.0,Self-emp-not-inc,181466.0,HS-grad,9.0,Married-civ-spouse,Sales,Husband,White,Male,0.0,0.0,-37.632199789053374,United-States,>50K
20.0,Private,143062.0,Some-college,10.0,Never-married,Farming-fishing,Own-child,White,Male,0.0,0.0,40.0,,<=50K
26.0,Private,,Some-college,10.0,Never-married,Transport-moving,Not-in-family,White,Male,0.0,0.0,40.0,United-States,<=50K
35.0,Private,330664.0,HS-grad,9.0,Divorced,Transport-moving,Not-in-family,White,Male,0.0,0.0,40.0,United-States,<=50K
34.0,Private,118901.0,HS-grad,9.0,Separated,Machine-op-inspct,Not-in-family,,Female,0.0,,40.0,United-States,<=50K
24.0,Private,219510.0,Bachelors,13.0,Never-married,Other-service,Not-in-family,Asian-Pac-Islander,Male,0.0,0.0,32.0,United-States,<=50K
35.0,Private,175614.0,Assoc-voc,11.0,,Prof-specialty,Unmarried,White,Female,0.0,0.0,40.0,United-States,>50K
18.0,Private,41506.0,11th,7.0,Never-married,Other-service,Not-in-family,White,,0.0,0.0,30.0,United-States,<=50K
,Private,102828.0,HS-grad,9.0,Married-civ-spouse,Craft-repair,Husband,White,Male,0.0,0.0,49.0,United-States,<=50K
19.0,Private,355313.0,HS-grad,9.0,Never-married,Machine-op-inspct,Not-in-family,White,Female,0.0,0.0,40.0,United-States,<=50K
54.0,Private,77336.0,HS-grad,9.0,Married-civ-spouse,Sales,Husband,White,Male,0.0,2389.4466063488135,40.0,United-States,>50K
30.0,Private,182771.0,Bachelors,13.0,Never-married,Other-service,Not-in-family,Asian-Pac-Islander,Male,0.0,0.0,15.0,China,<=50K
18.0,Private,165532.0,12th,8.0,Never-married,Other-service,Own-child,White,Male,0.0,0.0,15.0,United-States,<=50K
19.0,Private,134252.0,HS-grad,9.0,Never-married,,Own-child,White,Male,0.0,0.0,35.0,United-States,<=50K
52.0,Private,249196.0,Assoc-acdm,12.0,Married-civ-spouse,Exec-managerial,Husband,White,Male,0.0,,55.0,United-States,>50K
53.0,Federal-gov,314871.0,Some-college,10.0,Separated,Adm-clerical,Not-in-family,Black,Female,0.0,0.0,40.0,United-States,<=50K
34.0,Private,120461.0,HS-grad,9.0,Divorced,Exec-managerial,Not-in-family,White,Female,0.0,0.0,40.0,United-States,<=50K
47.0,Private,187563.0,HS-grad,9.0,Married-civ-spouse,Machine-op-inspct,Husband,White,Male,,0.0,40.0,United-States,<=50K
44.0,Self-emp-inc,178510.0,Some-college,10.0,Never-married,Sales,Not-in-family,White,Male,0.0,2258.0,60.0,United-States,<=50K
36.0,Private,29814.0,HS-grad,,Never-married,Transport-moving,Other-relative,White,Male,0.0,0.0,50.0,United-States,<=50K
27.0,,152951.0,HS-grad,9.0,,Craft-repair,,White,Male,0.0,0.0,40.0,United-States,<=50K
24.0,Private,,Assoc-acdm,12.0,Divorced,Other-service,Own-child,White,Female,0.0,0.0,30.0,United-States,<=50K
29.0,Local-gov,183523.0,Some-college,10.0,Never-married,,Not-in-family,White,Male,,0.0,40.0,Iran,<=50K
25.0,Private,262778.0,Masters,,Never-married,Other-service,Not-in-family,White,Female,0.0,0.0,37.0,United-States,<=50K
57.0,Private,20953.0,Some-college,10.0,Married-civ-spouse,Sales,Husband,White,Male,0.0,1902.0,40.0,United-States,>50K
38.0,,,HS-grad,9.0,Married-civ-spouse,Craft-repair,Husband,White,Male,0.0,0.0,45.0,United-States,<=50K
65.0,Private,173674.0,HS-grad,9.0,Divorced,,Other-relative,White,Female,0.0,0.0,14.0,United-States,<=50K
47.0,State-gov,199512.0,Bachelors,13.0,Married-civ-spouse,Exec-managerial,Husband,White,Male,0.0,0.0,40.0,United-States,>50K
24.0,Private,83774.0,HS-grad,9.0,Married-civ-spouse,Other-service,Husband,White,Male,2885.0,0.0,45.0,United-States,<=50K
23.0,Private,352139.0,Some-college,10.0,Never-married,Other-service,Not-in-family,White,Female,0.0,0.0,24.0,United-States,<=50K
33.0,Private,202339.0,11th,7.0,Never-married,Sales,Unmarried,White,Female,0.0,0.0,34.0,United-States,<=50K
,Private,96099.0,Some-college,10.0,Married-civ-spouse,,Husband,White,Male,0.0,0.0,40.0,United-States,>50K
20.0,Private,249956.0,Some-college,10.0,Never-married,Adm-clerical,,White,Female,0.0,,10.0,United-States,<=50K
35.0,Self-emp-not-inc,188563.0,HS-grad,9.0,Divorced,Farming-fishing,,White,Male,0.0,0.0,50.0,United-States,<=50K
22.0,Private,143062.0,Some-college,10.0,Never-married,Farming-fishing,Own-child,White,Male,0.0,0.0,12.0,United-States,<=50K
33.0,Self-emp-not-inc,343021.0,Some-college,10.0,Never-married,Sales,Not-in-family,White,Male,0.0,0.0,65.0,United-States,<=50K
58.0,Private,236596.0,Some-college,10.0,Married-civ-spouse,Exec-managerial,Husband,White,Male,0.0,0.0,40.0,United-States,>50K
53.0,Self-emp-inc,116211.0,Some-college,10.0,Married-civ-spouse,Exec-managerial,Husband,White,Male,0.0,0.0,40.0,United-States,<=50K
39.0,Self-emp-not-inc,139770.0,,14.0,Married-civ-spouse,Exec-managerial,Wife,White,Female,,0.0,30.0,United-States,>50K
32.0,Private,131379.0,HS-grad,9.0,Never-married,Other-service,Own-child,White,,-47889.20366261097,0.0,40.0,United-States,>50K
37.0,State-gov,178876.0,HS-grad,9.0,Married-civ-spouse,Protective-serv,Husband,Amer-Indian-Eskimo,Male,0.0,0.0,40.0,United-States,<=50K
57.0,Private,77927.0,5th-6th,3.0,Divorced,Other-service,Not-in-family,Asian-Pac-Islander,Female,0.0,0.0,37.0,United-States,<=50K
56.0,Local-gov,157525.0,Some-college,10.0,Divorced,Protective-serv,Not-in-family,Black,Male,0.0,0.0,48.0,United-States,<=50K
43.0,Federal-gov,594194.0,HS-grad,9.0,Married-civ-spouse,Craft-repair,Husband,Black,Male,0.0,0.0,40.0,United-States,>50K
33.0,Private,109996.0,Assoc-acdm,12.0,,Prof-specialty,Own-child,White,Female,0.0,,40.0,United-States,<=50K
29.0,Private,239632.0,HS-grad,9.0,Never-married,Adm-clerical,Not-in-family,White,Female,0.0,0.0,,United-States,<=50K
19.0,Private,183258.0,Some-college,10.0,Never-married,Adm-clerical,Own-child,White,Male,0.0,,40.0,United-States,<=50K
21.0,,40767.0,Some-college,10.0,Never-married,Handlers-cleaners,Not-in-family,White,Male,0.0,0.0,40.0,United-States,<=50K
18.0,Private,187770.0,HS-grad,9.0,Never-married,Handlers-cleaners,Own-child,White,Male,0.0,0.0,30.0,United-States,<=50K
37.0,Private,123785.0,HS-grad,9.0,Never-married,Other-service,Not-in-family,White,Male,0.0,0.0,75.0,United-States,<=50K
33.0,Private,236379.0,Assoc-voc,11.0,Married-civ-spouse,Craft-repair,Husband,White,Male,,0.0,45.0,United-States,>50K
26.0,Private,300290.0,,7.0,Divorced,Adm-clerical,Own-child,White,Female,,0.0,40.0,United-States,<=50K
60.0,Private,193864.0,HS-grad,9.0,Divorced,Craft-repair,Not-in-family,White,Female,0.0,0.0,40.0,United-States,<=50K
35.0,Private,133906.0,HS-grad,9.0,Divorced,Adm-clerical,,White,Female,0.0,0.0,40.0,United-States,<=50K
28.0,Private,188171.0,Assoc-acdm,12.0,Never-married,Transport-moving,Own-child,White,Male,0.0,0.0,60.0,United-States,<=50K
45.0,Self-emp-not-inc,182677.0,HS-grad,9.0,Married-spouse-absent,Craft-repair,Not-in-family,Asian-Pac-Islander,,0.0,0.0,40.0,Thailand,<=50K
61.0,Self-emp-inc,156653.0,HS-grad,9.0,Divorced,Sales,Not-in-family,White,Male,0.0,0.0,55.0,United-States,<=50K
37.0,Private,52870.0,Bachelors,13.0,Married-civ-spouse,Exec-managerial,Husband,White,Male,0.0,0.0,40.0,United-States,<=50K
30.0,Private,77266.0,HS-grad,9.0,Divorced,Transport-moving,Not-in-family,White,Male,47889.20366261097,0.0,55.0,United-States,>50K
30.0,Private,123178.0,10th,6.0,Never-married,Craft-repair,,White,Male,0.0,0.0,50.0,United-States,<=50K
30.0,Private,,,13.0,Never-married,Sales,Own-child,White,Female,0.0,0.0,20.0,Greece,<=50K
,Local-gov,146834.0,HS-grad,9.0,Married-civ-spouse,Other-service,Husband,White,Male,0.0,0.0,45.0,United-States,<=50K
28.0,Local-gov,194759.0,Some-college,10.0,Never-married,Sales,Not-in-family,,Male,0.0,1669.0,90.0,United-States,<=50K
22.0,Private,269474.0,Some-college,10.0,Never-married,Adm-clerical,Own-child,White,Male,0.0,0.0,10.0,United-States,<=50K
25.0,Private,208591.0,Bachelors,13.0,Never-married,Prof-specialty,Own-child,White,Male,0.0,0.0,40.0,United-States,<=50K
52.0,Self-emp-inc,89041.0,Masters,14.0,Married-civ-spouse,Exec-managerial,Husband,White,Male,15024.0,0.0,60.0,United-States,>50K
41.0,Private,163287.0,HS-grad,,Married-civ-spouse,Prof-specialty,Husband,White,Male,7688.0,0.0,,United-States,>50K
35.0,Private,251091.0,Masters,14.0,Married-civ-spouse,Adm-clerical,Husband,White,Male,0.0,2389.4466063488135,38.0,Puerto-Rico,>50K
19.0,Private,256979.0,HS-grad,9.0,Never-married,Craft-repair,Other-relative,White,Male,0.0,0.0,35.0,United-States,<=50K
49.0,Local-gov,192349.0,,14.0,Never-married,Prof-specialty,Not-in-family,,Female,4650.0,0.0,40.0,United-States,<=50K
27.0,Private,255979.0,Bachelors,13.0,Married-civ-spouse,Machine-op-inspct,Husband,White,Male,0.0,0.0,40.0,United-States,<=50K
29.0,Local-gov,90956.0,HS-grad,9.0,Married-civ-spouse,Protective-serv,Husband,White,Male,0.0,0.0,40.0,United-States,<=50K
28.0,Federal-gov,24153.0,10th,6.0,Married-civ-spouse,Other-service,Wife,Amer-Indian-Eskimo,Female,0.0,0.0,40.0,United-States,<=50K
27.0,Private,357348.0,HS-grad,9.0,Separated,Other-service,Unmarried,White,Female,0.0,,50.0,United-States,<=50K
30.0,Private,66278.0,HS-grad,9.0,Never-married,Adm-clerical,Not-in-family,White,Female,0.0,0.0,40.0,United-States,<=50K
47.0,Private,64563.0,Some-college,10.0,Married-civ-spouse,,Husband,White,Male,7688.0,0.0,42.0,United-States,>50K
17.0,Private,,,8.0,Never-married,Priv-house-serv,Own-child,White,Female,0.0,0.0,18.0,United-States,<=50K
33.0,Private,,HS-grad,9.0,Divorced,Craft-repair,Own-child,White,Female,0.0,0.0,42.0,United-States,<=50K
30.0,Private,151868.0,9th,5.0,,,Husband,White,Male,0.0,0.0,40.0,United-States,<=50K
28.0,Private,138692.0,Some-college,10.0,Never-married,Craft-repair,Own-child,White,Male,0.0,0.0,50.0,United-States,<=50K
38.0,Private,150057.0,Masters,14.0,Married-civ-spouse,Craft-repair,Husband,White,Male,0.0,0.0,50.0,Poland,<=50K
22.0,Private,63105.0,HS-grad,9.0,Never-married,Prof-specialty,Own-child,Black,Male,0.0,0.0,40.0,United-States,<=50K
26.0,Private,34110.0,Some-college,10.0,Never-married,Protective-serv,Not-in-family,White,,0.0,0.0,44.0,United-States,<=50K
58.0,Private,100313.0,Some-college,10.0,Married-civ-spouse,Protective-serv,Husband,White,Male,0.0,1902.0,40.0,United-States,>50K
40.0,Private,109969.0,11th,7.0,Divorced,Other-service,Other-relative,White,Female,0.0,0.0,20.0,United-States,<=50K
23.0,,240160.0,Assoc-acdm,12.0,Never-married,Prof-specialty,Own-child,White,Male,0.0,0.0,40.0,United-States,<=50K
17.0,Private,295488.0,11th,7.0,Never-married,Other-service,,Black,Female,0.0,0.0,25.0,United-States,<=50K
21.0,Private,275291.0,Some-college,10.0,Never-married,Sales,Own-child,White,Male,0.0,0.0,12.0,United-States,<=50K
,Private,165930.0,,9.0,Married-civ-spouse,Craft-repair,Husband,White,Male,0.0,0.0,40.0,United-States,<=50K
42.0,Private,66118.0,Some-college,10.0,Divorced,Machine-op-inspct,Not-in-family,White,Female,0.0,0.0,,United-States,<=50K
25.0,State-gov,,Bachelors,13.0,,Protective-serv,Own-child,,Male,0.0,0.0,40.0,United-States,<=50K
24.0,Private,37072.0,Some-college,10.0,Never-married,Craft-repair,Not-in-family,White,Male,0.0,0.0,40.0,United-States,<=50K
32.0,Private,43403.0,Some-college,10.0,Divorced,Farming-fishing,Not-in-family,White,Female,0.0,1590.0,54.0,United-States,<=50K
29.0,Private,309463.0,9th,5.0,Married-civ-spouse,Craft-repair,Husband,White,Male,0.0,0.0,40.0,United-States,<=50K
25.0,Private,164488.0,Bachelors,13.0,Never-married,Tech-support,,,Male,0.0,0.0,40.0,United-States,<=50K
43.0,Federal-gov,115562.0,HS-grad,9.0,Married-civ-spouse,Machine-op-inspct,Husband,White,Male,0.0,0.0,40.0,United-States,<=50K
48.0,Private,163706.0,Bachelors,13.0,,Exec-managerial,Husband,White,Male,15024.0,0.0,70.0,United-States,>50K
40.0,Private,144778.0,Bachelors,13.0,Married-spouse-absent,,Not-in-family,White,Male,0.0,0.0,,United-States,>50K
30.0,Private,29235.0,Some-college,10.0,Never-married,Adm-clerical,Other-relative,White,Female,0.0,0.0,20.0,United-States,<=50K
24.0,Private,321763.0,HS-grad,,Never-married,Exec-managerial,Not-in-family,White,Male,0.0,0.0,38.0,United-States,<=50K
58.0,Self-emp-inc,120384.0,HS-grad,9.0,Married-civ-spouse,Exec-managerial,Husband,White,Male,0.0,0.0,40.0,United-States,>50K
23.0,Private,,Bachelors,13.0,Never-married,Prof-specialty,Own-child,White,Female,0.0,0.0,21.0,United-States,<=50K
28.0,Private,239753.0,HS-grad,9.0,Never-married,,Not-in-family,White,Female,0.0,0.0,40.0,United-States,<=50K
29.0,Local-gov,,Assoc-acdm,12.0,Married-civ-spouse,,Husband,White,Male,0.0,0.0,72.0,United-States,>50K
36.0,Private,208358.0,9th,5.0,Divorced,Handlers-cleaners,Not-in-family,White,,4650.0,0.0,56.0,United-States,<=50K
23.0,State-gov,386568.0,,10.0,Separated,Prof-specialty,Not-in-family,White,Female,0.0,0.0,20.0,United-States,<=50K
41.0,Private,,Some-college,10.0,Married-civ-spouse,Craft-repair,Husband,,Male,7298.0,0.0,50.0,,>50K
64.0,Local-gov,31993.0,7th-8th,4.0,Married-civ-spouse,,Husband,White,Male,0.0,0.0,10.0,United-States,<=50K
,Local-gov,113649.0,Some-college,10.0,Married-civ-spouse,Exec-managerial,Husband,,Male,0.0,0.0,40.0,United-States,<=50K
38.0,Private,229700.0,Masters,,Married-civ-spouse,Prof-specialty,Husband,Black,Male,0.0,0.0,40.0,United-States,>50K
31.0,Self-emp-inc,111567.0,Bachelors,13.0,Married-civ-spouse,Exec-managerial,Husband,White,Male,0.0,0.0,40.0,United-States,<=50K
39.0,Self-emp-not-inc,174308.0,HS-grad,9.0,Married-civ-spouse,Exec-managerial,Husband,White,Male,0.0,0.0,40.0,United-States,<=50K
54.0,Private,105428.0,HS-grad,9.0,Married-civ-spouse,Craft-repair,Husband,White,Male,0.0,0.0,40.0,,<=50K
60.0,Private,250552.0,HS-grad,9.0,Married-civ-spouse,Other-service,Husband,White,Male,0.0,0.0,40.0,United-States,>50K
44.0,Private,30424.0,Assoc-acdm,12.0,Divorced,Exec-managerial,Not-in-family,White,Female,0.0,1980.0,40.0,United-States,<=50K
40.0,Private,145166.0,HS-grad,9.0,Married-civ-spouse,Craft-repair,Husband,White,Male,4064.0,0.0,40.0,United-States,<=50K
28.0,Private,,HS-grad,9.0,Married-civ-spouse,Craft-repair,Husband,White,Male,0.0,,38.0,United-States,<=50K
34.0,Private,56460.0,Bachelors,13.0,Never-married,Sales,Unmarried,White,Female,0.0,0.0,41.0,United-States,<=50K
60.0,Private,248160.0,HS-grad,9.0,Married-civ-spouse,Farming-fishing,Husband,White,Male,0.0,0.0,40.0,,<=50K
55.0,State-gov,181641.0,,10.0,Divorced,Prof-specialty,Not-in-family,Black,Female,0.0,0.0,37.0,United-States,<=50K
24.0,Private,440138.0,HS-grad,9.0,Never-married,Priv-house-serv,Not-in-family,White,,0.0,0.0,45.0,England,<=50K
35.0,Private,22055.0,Some-college,10.0,,Prof-specialty,Husband,Amer-Indian-Eskimo,Male,0.0,0.0,60.0,United-States,<=50K
37.0,Private,248919.0,1st-4th,2.0,Married-civ-spouse,Adm-clerical,Husband,White,Male,0.0,0.0,66.0,Mexico,<=50K
45.0,Private,132847.0,HS-grad,9.0,,Handlers-cleaners,Not-in-family,White,Female,0.0,0.0,40.0,United-States,<=50K
29.0,Private,210867.0,11th,7.0,Separated,Craft-repair,Unmarried,White,Male,0.0,0.0,40.0,,<=50K
27.0,State-gov,271243.0,Some-college,,Divorced,Adm-clerical,Unmarried,,Male,,0.0,40.0,Jamaica,<=50K
27.0,Private,58654.0,Assoc-voc,11.0,Separated,Adm-clerical,Unmarried,White,Female,0.0,0.0,40.0,United-States,<=50K
33.0,Private,118941.0,HS-grad,9.0,Married-civ-spouse,Adm-clerical,Wife,White,Female,0.0,0.0,40.0,United-States,>50K
32.0,Self-emp-not-inc,115066.0,HS-grad,9.0,Married-civ-spouse,Sales,Husband,White,Male,0.0,0.0,60.0,United-States,>50K
40.0,Private,149466.0,HS-grad,9.0,Divorced,Handlers-cleaners,Not-in-family,Black,Male,0.0,0.0,35.0,United-States,<=50K
69.0,Federal-gov,143849.0,11th,7.0,Widowed,Adm-clerical,Not-in-family,,Female,0.0,0.0,20.0,,<=50K
58.0,Private,98725.0,Doctorate,16.0,Married-civ-spouse,Prof-specialty,Husband,White,Male,-47889.20366261097,0.0,50.0,United-States,<=50K
21.0,Private,37482.0,Some-college,10.0,Never-married,Other-service,Own-child,White,Female,0.0,0.0,20.0,United-States,<=50K
17.0,Self-emp-inc,413557.0,,5.0,Never-married,Sales,Own-child,White,Female,0.0,0.0,,United-States,<=50K
45.0,Self-emp-not-inc,184285.0,Bachelors,13.0,,,Not-in-family,White,Male,0.0,0.0,45.0,United-States,<=50K
26.0,Private,108019.0,HS-grad,9.0,Never-married,Craft-repair,Own-child,White,Male,,0.0,40.0,United-States,<=50K
35.0,Private,267966.0,11th,7.0,Never-married,Machine-op-inspct,,White,Male,0.0,0.0,50.0,United-States,<=50K
31.0,Private,117028.0,,7.0,Never-married,Other-service,Own-child,White,Male,0.0,0.0,30.0,Poland,<=50K
30.0,Private,163604.0,Bachelors,13.0,Widowed,Prof-specialty,Unmarried,White,Female,0.0,0.0,55.0,United-States,>50K
52.0,Private,172962.0,Bachelors,13.0,Married-civ-spouse,Exec-managerial,Husband,White,Male,0.0,0.0,40.0,United-States,<=50K
57.0,Self-emp-inc,231781.0,Masters,14.0,Married-civ-spouse,Exec-managerial,Husband,White,Male,0.0,0.0,50.0,United-States,>50K
48.0,Private,254291.0,,14.0,Married-civ-spouse,Prof-specialty,Husband,White,Male,0.0,0.0,40.0,United-States,>50K
60.0,Private,176731.0,HS-grad,,Married-civ-spouse,Tech-support,Husband,White,Male,0.0,0.0,40.0,United-States,<=50K
63.0,Self-emp-not-inc,404547.0,HS-grad,9.0,Married-civ-spouse,Craft-repair,Husband,White,Male,0.0,0.0,30.0,United-States,<=50K
32.0,Private,194141.0,HS-grad,9.0,Divorced,Machine-op-inspct,Own-child,White,Male,0.0,0.0,50.0,United-States,<=50K
,Private,121912.0,Some-college,10.0,Married-civ-spouse,Exec-managerial,Husband,White,Male,0.0,0.0,40.0,United-States,>50K
34.0,Self-emp-inc,23778.0,Bachelors,13.0,Divorced,Exec-managerial,Not-in-family,White,Male,0.0,0.0,50.0,United-States,<=50K
72.0,Private,,Some-college,10.0,Widowed,Adm-clerical,Unmarried,Black,Female,0.0,0.0,20.0,United-States,<=50K
51.0,Private,30008.0,HS-grad,9.0,Married-civ-spouse,Transport-moving,Husband,White,Male,0.0,0.0,60.0,United-States,<=50K
29.0,Private,236992.0,HS-grad,9.0,Married-civ-spouse,Other-service,Husband,Black,Male,0.0,0.0,50.0,United-States,<=50K
27.0,Private,160786.0,11th,7.0,Separated,Craft-repair,Not-in-family,White,Male,0.0,,45.0,Germany,<=50K
64.0,Private,60940.0,HS-grad,9.0,Widowed,Sales,Not-in-family,White,Female,8614.0,0.0,50.0,France,>50K
56.0,,192845.0,Some-college,10.0,Married-civ-spouse,Exec-managerial,Husband,White,Male,0.0,1887.0,40.0,United-States,>50K
18.0,,138557.0,11th,7.0,Never-married,Handlers-cleaners,,White,Male,0.0,0.0,,,<=50K
81.0,Private,192813.0,7th-8th,4.0,Married-civ-spouse,Handlers-cleaners,Husband,White,Male,0.0,0.0,25.0,Portugal,<=50K
55.0,,177484.0,11th,,Married-civ-spouse,Other-service,Husband,Black,Male,0.0,1672.0,40.0,United-States,<=50K
33.0,Private,288273.0,,8.0,Separated,Adm-clerical,Unmarried,White,Female,1471.0,0.0,40.0,United-States,<=50K
50.0,Private,143664.0,Bachelors,13.0,Never-married,Exec-managerial,Not-in-family,White,Male,0.0,0.0,40.0,United-States,<=50K
25.0,Private,258379.0,Bachelors,13.0,Married-civ-spouse,Prof-specialty,Wife,White,Female,0.0,0.0,32.0,United-States,<=50K
38.0,Private,108140.0,Masters,14.0,Married-civ-spouse,Prof-specialty,Husband,White,Male,7298.0,0.0,50.0,United-States,>50K
24.0,Private,162282.0,HS-grad,9.0,Never-married,Craft-repair,Not-in-family,White,Male,0.0,0.0,,United-States,<=50K
51.0,Private,541755.0,HS-grad,9.0,Married-civ-spouse,Craft-repair,Husband,White,Male,0.0,0.0,,United-States,<=50K
49.0,Private,296849.0,Some-college,10.0,Married-civ-spouse,Exec-managerial,Husband,White,Male,0.0,0.0,40.0,United-States,>50K
63.0,Federal-gov,334418.0,1st-4th,2.0,Married-civ-spouse,Adm-clerical,Husband,Black,Male,0.0,0.0,40.0,Puerto-Rico,<=50K
42.0,Local-gov,150533.0,Masters,14.0,Married-civ-spouse,Prof-specialty,Husband,White,Male,0.0,0.0,46.0,United-States,<=50K
32.0,Self-emp-not-inc,195891.0,HS-grad,9.0,Never-married,Craft-repair,Unmarried,White,Male,0.0,,40.0,Iran,<=50K
23.0,Private,142566.0,HS-grad,9.0,Never-married,Craft-repair,Own-child,White,Male,0.0,0.0,40.0,United-States,<=50K
35.0,Local-gov,,Some-college,10.0,Married-civ-spouse,Craft-repair,,White,Male,0.0,0.0,40.0,United-States,>50K
20.0,,117618.0,Some-college,10.0,Never-married,Exec-managerial,Own-child,White,Male,0.0,0.0,40.0,United-States,<=50K
35.0,Private,151322.0,Some-college,10.0,Never-married,Craft-repair,Not-in-family,White,Male,,0.0,40.0,United-States,<=50K
35.0,Self-emp-not-inc,,HS-grad,9.0,Married-civ-spouse,Exec-managerial,Husband,White,Male,0.0,0.0,40.0,,<=50K
28.0,Federal-gov,163862.0,Bachelors,13.0,Married-civ-spouse,Exec-managerial,Husband,White,Male,5178.0,0.0,40.0,United-States,>50K
53.0,Private,157059.0,HS-grad,9.0,Married-civ-spouse,Adm-clerical,Husband,White,Male,0.0,0.0,50.0,United-States,<=50K
28.0,,190525.0,Masters,14.0,Never-married,Prof-specialty,Not-in-family,White,Male,0.0,0.0,50.0,United-States,<=50K
31.0,Local-gov,240504.0,Some-college,10.0,,Protective-serv,Husband,Black,Male,0.0,1902.0,50.0,United-States,>50K
28.0,Private,77009.0,7th-8th,4.0,Divorced,Other-service,Unmarried,White,Female,0.0,,50.0,United-States,<=50K
42.0,Private,223934.0,Assoc-acdm,12.0,Divorced,Exec-managerial,Unmarried,White,Female,0.0,0.0,40.0,United-States,<=50K
,Private,264526.0,Assoc-acdm,12.0,Divorced,Machine-op-inspct,,,Male,0.0,0.0,40.0,United-States,<=50K
38.0,Private,318610.0,Some-college,10.0,Divorced,Adm-clerical,Unmarried,Black,Female,0.0,0.0,40.0,United-States,<=50K
28.0,Private,148429.0,HS-grad,9.0,,Machine-op-inspct,Husband,White,Male,2885.0,0.0,40.0,United-States,<=50K
27.0,Private,159724.0,Bachelors,13.0,Never-married,Exec-managerial,Not-in-family,White,Female,0.0,0.0,40.0,United-States,<=50K
44.0,Self-emp-inc,49249.0,Some-college,10.0,Divorced,Other-service,Unmarried,White,Male,0.0,0.0,80.0,United-States,<=50K
32.0,Private,101352.0,Some-college,10.0,Married-civ-spouse,Tech-support,,White,Female,0.0,0.0,32.0,United-States,>50K
49.0,Private,147322.0,Assoc-voc,11.0,Married-civ-spouse,Machine-op-inspct,Wife,White,Female,0.0,0.0,40.0,Peru,<=50K
30.0,Private,370183.0,HS-grad,9.0,Married-civ-spouse,Tech-support,Husband,White,Male,0.0,0.0,40.0,United-States,<=50K
23.0,Local-gov,237498.0,HS-grad,9.0,Never-married,Protective-serv,Not-in-family,White,Male,0.0,0.0,45.0,United-States,<=50K
30.0,Private,127875.0,11th,7.0,Never-married,Sales,Unmarried,White,Female,0.0,0.0,8.0,United-States,<=50K
,Private,97077.0,10th,6.0,Widowed,Sales,Unmarried,Black,Female,0.0,0.0,12.0,United-States,<=50K
40.0,Private,280362.0,HS-grad,9.0,Married-civ-spouse,Transport-moving,Husband,White,Male,0.0,0.0,35.0,United-States,<=50K
63.0,Federal-gov,39181.0,Doctorate,16.0,Divorced,Exec-managerial,Not-in-family,White,Female,0.0,2559.0,60.0,United-States,>50K
23.0,Private,249087.0,Bachelors,13.0,,Tech-support,Own-child,White,Female,0.0,0.0,40.0,United-States,<=50K
,Self-emp-not-inc,71467.0,,14.0,Married-civ-spouse,Prof-specialty,Husband,White,Male,0.0,0.0,40.0,,<=50K
,Self-emp-inc,31717.0,,9.0,Married-civ-spouse,Exec-managerial,Husband,White,Male,0.0,0.0,45.0,United-States,>50K
58.0,Private,170290.0,HS-grad,9.0,Divorced,Other-service,Not-in-family,White,,0.0,0.0,35.0,United-States,<=50K
37.0,Private,71592.0,HS-grad,,Never-married,Other-service,Other-relative,Asian-Pac-Islander,Female,0.0,0.0,17.0,United-States,<=50K
38.0,Self-emp-not-inc,30916.0,Assoc-acdm,12.0,Married-civ-spouse,Sales,Husband,White,Male,0.0,0.0,60.0,United-States,<=50K
64.0,Private,86837.0,Preschool,1.0,Married-civ-spouse,Handlers-cleaners,Husband,Asian-Pac-Islander,Male,0.0,0.0,40.0,Philippines,<=50K
31.0,Local-gov,101761.0,Bachelors,13.0,Never-married,Prof-specialty,Not-in-family,White,Female,0.0,0.0,40.0,United-States,<=50K
23.0,Federal-gov,482096.0,Assoc-acdm,12.0,Never-married,Adm-clerical,Own-child,Black,Male,0.0,0.0,20.0,United-States,<=50K
30.0,Private,227886.0,HS-grad,9.0,Never-married,Exec-managerial,Own-child,Black,Female,0.0,0.0,35.0,Jamaica,<=50K
41.0,Private,287306.0,Assoc-acdm,,Married-civ-spouse,Prof-specialty,Husband,White,Male,,0.0,60.0,United-States,>50K
38.0,Private,38145.0,HS-grad,9.0,Married-civ-spouse,,Husband,White,Male,0.0,0.0,,United-States,<=50K
29.0,Private,235393.0,HS-grad,9.0,Married-civ-spouse,Craft-repair,Husband,Black,Male,0.0,0.0,40.0,United-States,<=50K
38.0,Private,137707.0,Assoc-voc,11.0,Married-civ-spouse,Tech-support,Wife,White,Female,0.0,0.0,40.0,United-States,>50K
23.0,State-gov,389792.0,Bachelors,13.0,Never-married,Exec-managerial,Own-child,White,Male,0.0,0.0,30.0,United-States,<=50K
43.0,Private,233851.0,Bachelors,13.0,Divorced,Adm-clerical,Not-in-family,White,,0.0,0.0,40.0,United-States,<=50K
35.0,Private,132879.0,Assoc-voc,11.0,,Adm-clerical,Husband,White,Male,15024.0,0.0,40.0,Italy,>50K
19.0,Private,143857.0,Some-college,10.0,Never-married,Sales,Own-child,White,,0.0,0.0,35.0,,<=50K
38.0,Private,332154.0,Bachelors,,,Exec-managerial,Husband,Asian-Pac-Islander,Male,0.0,0.0,60.0,United-States,>50K
21.0,Private,72119.0,Some-college,10.0,Never-married,Adm-clerical,Not-in-family,White,Male,0.0,0.0,45.0,United-States,<=50K
35.0,Private,401930.0,HS-grad,9.0,Married-civ-spouse,Adm-clerical,Wife,White,Female,0.0,1887.0,42.0,United-States,>50K
24.0,Private,190709.0,Some-college,10.0,Married-civ-spouse,Transport-moving,Husband,White,Male,0.0,0.0,65.0,United-States,<=50K
30.0,,287737.0,Some-college,10.0,Never-married,Protective-serv,Not-in-family,White,Female,3325.0,,112.63219978905336,United-States,>50K
31.0,Private,175059.0,HS-grad,9.0,Divorced,,Not-in-family,White,Female,0.0,2389.4466063488135,40.0,United-States,>50K
32.0,Self-emp-inc,235847.0,Masters,14.0,Never-married,Exec-managerial,Not-in-family,White,Female,0.0,0.0,52.0,United-States,<=50K
,Self-emp-not-inc,200479.0,HS-grad,9.0,Never-married,Craft-repair,Not-in-family,White,Male,0.0,0.0,48.0,United-States,<=50K
17.0,Private,93511.0,11th,7.0,Never-married,Sales,Own-child,,Female,0.0,0.0,15.0,United-States,<=50K
43.0,Private,196545.0,Bachelors,13.0,Married-civ-spouse,,Husband,White,Male,0.0,1902.0,40.0,United-States,>50K
24.0,Private,283092.0,HS-grad,9.0,Never-married,Adm-clerical,Other-relative,Black,Male,0.0,0.0,40.0,Jamaica,<=50K
33.0,Private,248584.0,,10.0,Married-civ-spouse,Other-service,Husband,,Male,0.0,0.0,50.0,United-States,<=50K
33.0,Self-emp-inc,291333.0,,13.0,Married-civ-spouse,Exec-managerial,Husband,White,Male,7298.0,0.0,45.0,United-States,>50K
40.0,Private,85995.0,10th,6.0,,Machine-op-inspct,Husband,White,Male,0.0,0.0,,United-States,>50K
32.0,Private,313835.0,Masters,14.0,Married-civ-spouse,Prof-specialty,Husband,White,Male,0.0,0.0,40.0,United-States,>50K
25.0,Private,31350.0,HS-grad,9.0,Never-married,Handlers-cleaners,Not-in-family,White,Male,0.0,0.0,60.0,England,<=50K
19.0,Private,109854.0,HS-grad,9.0,Never-married,Adm-clerical,Own-child,White,Female,0.0,0.0,40.0,United-States,<=50K
,Private,276221.0,Doctorate,16.0,Married-civ-spouse,Prof-specialty,Husband,White,Male,0.0,0.0,40.0,United-States,<=50K
41.0,Local-gov,88904.0,Bachelors,13.0,Separated,Prof-specialty,Unmarried,Black,,0.0,0.0,40.0,United-States,<=50K
18.0,Private,,,9.0,Never-married,Sales,Own-child,White,Female,0.0,0.0,40.0,United-States,<=50K
29.0,Private,216481.0,Masters,14.0,Married-civ-spouse,Exec-managerial,Wife,White,Female,0.0,0.0,40.0,United-States,>50K
29.0,Private,199499.0,Assoc-voc,,Never-married,Other-service,Not-in-family,Black,Male,0.0,0.0,,United-States,<=50K
34.0,Private,69491.0,HS-grad,9.0,Married-civ-spouse,Other-service,Husband,White,Male,0.0,0.0,40.0,United-States,<=50K
35.0,Self-emp-not-inc,198841.0,Prof-school,15.0,Married-civ-spouse,Prof-specialty,Husband,White,Male,0.0,0.0,50.0,United-States,>50K
26.0,Self-emp-not-inc,253899.0,Bachelors,13.0,,Sales,Not-in-family,White,Male,0.0,0.0,40.0,United-States,<=50K
48.0,Private,,HS-grad,9.0,Married-civ-spouse,Exec-managerial,Wife,White,Female,0.0,0.0,40.0,United-States,<=50K
55.0,Private,135339.0,Bachelors,13.0,Married-civ-spouse,Prof-specialty,Husband,Asian-Pac-Islander,Male,0.0,0.0,40.0,China,>50K
38.0,Local-gov,256864.0,Assoc-voc,11.0,Married-civ-spouse,,Husband,White,Male,0.0,0.0,40.0,,<=50K
45.0,Private,126141.0,Bachelors,13.0,Married-civ-spouse,Exec-managerial,Husband,White,Male,0.0,0.0,40.0,United-States,>50K
20.0,Private,95918.0,9th,5.0,Married-civ-spouse,Machine-op-inspct,Husband,White,Male,0.0,,40.0,United-States,<=50K
34.0,Private,,HS-grad,9.0,Married-civ-spouse,Sales,Husband,,Female,0.0,0.0,40.0,United-States,<=50K
27.0,Private,147340.0,HS-grad,9.0,Never-married,Other-service,Not-in-family,White,,0.0,0.0,50.0,United-States,>50K
23.0,Local-gov,185575.0,Bachelors,13.0,Never-married,Prof-specialty,Own-child,White,Female,0.0,0.0,40.0,United-States,<=50K
40.0,Private,202872.0,Assoc-acdm,12.0,Never-married,Adm-clerical,Own-child,White,Female,0.0,0.0,45.0,United-States,<=50K
56.0,,671292.0,,9.0,Married-civ-spouse,,Husband,White,Male,0.0,0.0,38.0,United-States,>50K
50.0,Local-gov,24139.0,Masters,14.0,Divorced,Prof-specialty,Unmarried,White,Female,0.0,0.0,65.0,United-States,<=50K
19.0,Local-gov,27382.0,Some-college,10.0,Never-married,Adm-clerical,Own-child,White,Male,0.0,0.0,40.0,United-States,<=50K
20.0,Private,236804.0,HS-grad,9.0,Never-married,Adm-clerical,Not-in-family,White,Male,0.0,0.0,40.0,United-States,<=50K
29.0,Private,354496.0,Masters,14.0,Never-married,,Not-in-family,White,Female,0.0,0.0,40.0,United-States,<=50K
46.0,Private,175925.0,Some-college,10.0,Married-civ-spouse,Farming-fishing,Husband,White,Male,0.0,0.0,40.0,United-States,<=50K
70.0,Private,291998.0,Some-college,10.0,Married-civ-spouse,Sales,Husband,White,Male,20051.0,0.0,65.0,United-States,>50K
29.0,,114158.0,Some-college,10.0,Never-married,Prof-specialty,Not-in-family,White,Female,0.0,0.0,40.0,United-States,<=50K
33.0,Local-gov,248346.0,Assoc-acdm,12.0,Married-civ-spouse,Craft-repair,Husband,White,Male,0.0,0.0,50.0,United-States,<=50K
62.0,Private,224953.0,10th,6.0,Married-civ-spouse,,Husband,Black,Male,0.0,0.0,40.0,,<=50K
35.0,Private,192251.0,HS-grad,9.0,Divorced,Adm-clerical,Own-child,White,Female,0.0,0.0,40.0,United-States,<=50K
33.0,Private,166543.0,7th-8th,4.0,Married-civ-spouse,,Husband,Black,Male,0.0,0.0,40.0,United-States,<=50K
42.0,Local-gov,266135.0,Some-college,10.0,Married-civ-spouse,Protective-serv,Husband,White,Male,0.0,0.0,52.0,United-States,>50K
,Self-emp-inc,90915.0,11th,7.0,Married-civ-spouse,Transport-moving,Husband,White,Male,0.0,0.0,40.0,United-States,>50K
18.0,Private,130849.0,Some-college,10.0,Never-married,Sales,Own-child,White,Female,0.0,0.0,15.0,United-States,<=50K
37.0,State-gov,49105.0,HS-grad,9.0,Divorced,Adm-clerical,Unmarried,White,Female,0.0,0.0,25.0,United-States,<=50K
31.0,Private,223327.0,HS-grad,9.0,Married-civ-spouse,Exec-managerial,Husband,,Male,0.0,,40.0,United-States,>50K
67.0,Federal-gov,231604.0,HS-grad,9.0,Never-married,Adm-clerical,Not-in-family,White,Male,0.0,0.0,40.0,United-States,>50K
50.0,Private,285200.0,Some-college,10.0,Married-civ-spouse,Craft-repair,Husband,White,Male,0.0,1887.0,35.0,United-States,>50K
64.0,Self-emp-not-inc,73986.0,7th-8th,,Married-civ-spouse,Craft-repair,Husband,White,Male,,,20.0,United-States,<=50K
30.0,Self-emp-not-inc,167990.0,Assoc-voc,11.0,,Prof-specialty,Husband,White,,15024.0,0.0,,United-States,>50K
60.0,Private,210064.0,HS-grad,9.0,Divorced,Protective-serv,Not-in-family,White,Male,0.0,0.0,40.0,United-States,<=50K
59.0,Private,47534.0,Masters,14.0,Divorced,Exec-managerial,Not-in-family,White,Female,0.0,0.0,45.0,United-States,>50K
40.0,Private,101593.0,HS-grad,9.0,Never-married,,Not-in-family,White,Male,0.0,0.0,,United-States,<=50K
20.0,Private,215495.0,,5.0,Never-married,Exec-managerial,Other-relative,White,Female,0.0,0.0,40.0,Mexico,<=50K
34.0,Private,186346.0,,9.0,Separated,Other-service,Not-in-family,White,Female,0.0,0.0,40.0,United-States,<=50K
120.7819770088162,Private,195821.0,HS-grad,9.0,Separated,Sales,Unmarried,White,Female,0.0,0.0,40.0,United-States,>50K
46.0,Private,,HS-grad,9.0,Married-civ-spouse,Machine-op-inspct,Husband,White,Male,0.0,0.0,40.0,United-States,<=50K
23.0,Self-emp-inc,201682.0,Bachelors,13.0,Never-married,Adm-clerical,Own-child,White,Female,0.0,0.0,35.0,United-States,<=50K
35.0,Private,194490.0,HS-grad,9.0,Never-married,Craft-repair,Not-in-family,White,Female,0.0,0.0,40.0,United-States,<=50K
44.0,Private,328581.0,Bachelors,13.0,Married-civ-spouse,Sales,Husband,White,Male,0.0,2389.4466063488135,50.0,United-States,<=50K
30.0,State-gov,112139.0,HS-grad,24.4862381985065,Married-civ-spouse,Protective-serv,Husband,White,Male,0.0,0.0,40.0,United-States,>50K
22.0,Private,186383.0,HS-grad,9.0,Married-civ-spouse,Priv-house-serv,Wife,White,Female,0.0,0.0,,United-States,<=50K
,Self-emp-inc,,Some-college,10.0,Married-civ-spouse,Exec-managerial,Husband,White,Male,15024.0,0.0,40.0,United-States,>50K
49.0,Private,235683.0,Some-college,10.0,Married-civ-spouse,Sales,Wife,White,Female,,0.0,40.0,,>50K
29.0,Local-gov,280344.0,Some-college,10.0,,Transport-moving,Husband,White,Male,0.0,0.0,40.0,United-States,<=50K
39.0,Private,99065.0,Some-college,,Divorced,Exec-managerial,Unmarried,White,Female,0.0,0.0,39.0,United-States,<=50K
27.0,Private,161087.0,HS-grad,9.0,Married-civ-spouse,Prof-specialty,Wife,Black,Female,0.0,0.0,40.0,United-States,<=50K
32.0,Private,732102.0,Bachelors,13.0,Never-married,Exec-managerial,,White,Male,0.0,0.0,40.0,United-States,<=50K
60.0,Self-emp-not-inc,35649.0,Bachelors,13.0,Married-civ-spouse,Craft-repair,Husband,White,Male,0.0,0.0,40.0,United-States,<=50K
25.0,Private,483822.0,HS-grad,9.0,Never-married,Other-service,Own-child,White,Male,0.0,0.0,40.0,El-Salvador,<=50K
41.0,Private,230959.0,Bachelors,13.0,Never-married,Adm-clerical,Own-child,,Female,0.0,0.0,40.0,Philippines,<=50K
25.0,Private,557082.0,HS-grad,9.0,Never-married,Adm-clerical,Not-in-family,White,Female,0.0,0.0,38.0,United-States,<=50K
,Local-gov,221026.0,HS-grad,9.0,Married-civ-spouse,Transport-moving,Husband,White,Male,,0.0,20.0,,<=50K
51.0,Private,230095.0,10th,6.0,Widowed,Other-service,Not-in-family,White,Female,0.0,0.0,40.0,United-States,<=50K
22.0,Private,219042.0,10th,6.0,Never-married,Machine-op-inspct,Unmarried,White,Male,0.0,0.0,40.0,United-States,<=50K
29.0,Private,153805.0,HS-grad,9.0,Never-married,,Other-relative,Other,Male,0.0,0.0,40.0,Ecuador,<=50K
,Private,391349.0,Bachelors,,Married-civ-spouse,Adm-clerical,Wife,White,Female,0.0,0.0,40.0,United-States,>50K
42.0,,109684.0,Masters,14.0,Never-married,Prof-specialty,Not-in-family,White,Female,0.0,1741.0,35.0,United-States,<=50K
29.0,Self-emp-not-inc,189346.0,Some-college,10.0,,Craft-repair,Not-in-family,White,Male,2202.0,0.0,50.0,United-States,<=50K
30.0,Private,168334.0,HS-grad,9.0,Married-civ-spouse,Sales,,White,,0.0,0.0,30.0,United-States,<=50K
53.0,Private,174655.0,7th-8th,4.0,Never-married,Other-service,Own-child,White,Male,,0.0,40.0,United-States,<=50K
20.0,Private,34242.0,Some-college,10.0,Never-married,Other-service,Own-child,White,Male,0.0,0.0,20.0,United-States,<=50K
38.0,Private,144860.0,HS-grad,9.0,Married-civ-spouse,Craft-repair,,White,Male,0.0,0.0,65.0,United-States,<=50K
51.0,Private,34361.0,Some-college,10.0,Married-civ-spouse,Exec-managerial,Wife,White,Female,0.0,0.0,20.0,United-States,>50K
36.0,Private,275653.0,7th-8th,4.0,Married-spouse-absent,Machine-op-inspct,Unmarried,White,Female,2977.0,0.0,40.0,Puerto-Rico,<=50K
56.0,Private,106850.0,Some-college,10.0,Widowed,Other-service,Not-in-family,White,Female,0.0,0.0,40.0,United-States,<=50K
,Private,154076.0,,9.0,Married-civ-spouse,Prof-specialty,Husband,White,Male,7688.0,0.0,50.0,United-States,>50K
26.0,Private,192208.0,HS-grad,9.0,Never-married,Protective-serv,Not-in-family,Black,Female,0.0,0.0,32.0,United-States,<=50K
43.0,Private,35910.0,Some-college,10.0,Married-civ-spouse,Sales,Husband,White,Male,0.0,0.0,43.0,United-States,>50K
24.0,Private,187551.0,Some-college,10.0,Never-married,Adm-clerical,Own-child,Black,Female,0.0,0.0,20.0,United-States,<=50K
44.0,Private,344060.0,Bachelors,13.0,Never-married,Prof-specialty,Not-in-family,White,Male,,0.0,,United-States,>50K
27.0,Private,170148.0,Bachelors,13.0,Never-married,Tech-support,Own-child,,Female,,0.0,28.0,United-States,<=50K
32.0,State-gov,77723.0,Bachelors,13.0,Divorced,Exec-managerial,Not-in-family,Asian-Pac-Islander,Female,0.0,0.0,40.0,United-States,<=50K
41.0,Private,92733.0,HS-grad,9.0,Married-civ-spouse,Craft-repair,Husband,White,Male,0.0,0.0,40.0,United-States,>50K
31.0,Private,197860.0,,9.0,Never-married,Other-service,,White,Male,0.0,0.0,40.0,United-States,<=50K
24.0,Private,218215.0,Assoc-voc,11.0,Never-married,Adm-clerical,Own-child,White,Female,0.0,0.0,20.0,United-States,<=50K
52.0,Private,94448.0,Assoc-voc,11.0,Married-civ-spouse,Prof-specialty,Husband,,Male,0.0,2389.4466063488135,40.0,United-States,>50K
22.0,State-gov,264710.0,Bachelors,13.0,Never-married,Tech-support,Own-child,White,Female,0.0,0.0,40.0,United-States,<=50K
46.0,Self-emp-inc,284799.0,Some-college,10.0,Married-civ-spouse,Sales,Husband,White,Male,0.0,0.0,60.0,United-States,<=50K
38.0,Private,278924.0,,13.0,Never-married,Farming-fishing,Not-in-family,White,Male,0.0,0.0,40.0,United-States,<=50K
33.0,Private,92865.0,Some-college,10.0,Never-married,Adm-clerical,Own-child,White,Female,,0.0,40.0,United-States,<=50K
20.0,Private,34706.0,Some-college,,,Exec-managerial,Not-in-family,Black,Male,0.0,0.0,47.0,United-States,<=50K
39.0,Self-emp-not-inc,194668.0,HS-grad,9.0,Married-civ-spouse,Exec-managerial,Husband,White,Male,0.0,0.0,16.0,United-States,<=50K
56.0,Self-emp-inc,236676.0,HS-grad,9.0,Married-civ-spouse,Sales,Husband,White,Male,0.0,0.0,50.0,United-States,>50K
45.0,Local-gov,133969.0,Bachelors,13.0,Married-civ-spouse,Transport-moving,Husband,Asian-Pac-Islander,Male,0.0,0.0,40.0,Thailand,<=50K
,Private,169611.0,11th,,Widowed,Adm-clerical,Unmarried,White,Female,0.0,0.0,,United-States,<=50K
30.0,Self-emp-not-inc,85708.0,HS-grad,9.0,Married-civ-spouse,Craft-repair,Husband,White,Male,0.0,0.0,40.0,United-States,<=50K
45.0,Private,149224.0,HS-grad,9.0,Divorced,Adm-clerical,Unmarried,Black,Female,0.0,0.0,50.0,United-States,<=50K
59.0,Private,152731.0,10th,6.0,Married-civ-spouse,Transport-moving,Husband,White,Male,0.0,0.0,40.0,,<=50K
19.0,Private,234476.0,Some-college,10.0,Never-married,Sales,Own-child,White,Female,0.0,0.0,7.0,United-States,<=50K
25.0,Private,76144.0,HS-grad,9.0,Never-married,,Not-in-family,White,Male,0.0,0.0,50.0,United-States,<=50K
33.0,Private,103651.0,HS-grad,9.0,Divorced,Other-service,Not-in-family,White,Male,0.0,0.0,60.0,United-States,<=50K
30.0,Private,75167.0,Bachelors,,Married-civ-spouse,Exec-managerial,,White,Male,0.0,0.0,55.0,United-States,<=50K
19.0,Private,212468.0,Some-college,10.0,Never-married,Other-service,,White,Female,0.0,0.0,15.0,United-States,<=50K
63.0,Private,,HS-grad,9.0,Married-civ-spouse,Handlers-cleaners,Husband,White,Male,0.0,0.0,40.0,United-States,<=50K
,Private,166606.0,Some-college,10.0,Married-civ-spouse,Exec-managerial,Husband,,Male,0.0,0.0,40.0,United-States,<=50K
57.0,Local-gov,132717.0,Bachelors,13.0,Married-civ-spouse,Exec-managerial,Husband,White,Male,,0.0,,United-States,<=50K
64.0,Self-emp-not-inc,106538.0,Masters,14.0,Divorced,Prof-specialty,Not-in-family,White,Male,0.0,0.0,50.0,United-States,<=50K
31.0,Private,177675.0,Some-college,10.0,Married-civ-spouse,Sales,Husband,White,Male,0.0,0.0,60.0,United-States,>50K
35.0,Private,165007.0,Assoc-voc,11.0,Married-civ-spouse,,Husband,,Male,4386.0,0.0,42.0,United-States,>50K
18.0,Private,173923.0,Some-college,,Never-married,Adm-clerical,Own-child,White,Female,0.0,0.0,10.0,United-States,<=50K
24.0,Self-emp-not-inc,345420.0,7th-8th,4.0,Never-married,Farming-fishing,Other-relative,White,Male,0.0,0.0,50.0,United-States,<=50K
33.0,Private,267404.0,HS-grad,9.0,Married-civ-spouse,Craft-repair,Wife,White,Female,0.0,0.0,40.0,United-States,<=50K
17.0,,144752.0,10th,6.0,Never-married,Handlers-cleaners,Own-child,Amer-Indian-Eskimo,Male,0.0,0.0,20.0,United-States,<=50K
69.0,Local-gov,197288.0,HS-grad,9.0,Married-civ-spouse,Exec-managerial,Husband,White,Male,0.0,0.0,,United-States,<=50K
,Private,55395.0,Some-college,10.0,Married-civ-spouse,Craft-repair,Husband,White,Male,,0.0,40.0,,<=50K
18.0,Private,36882.0,12th,8.0,,Sales,Own-child,White,Female,0.0,0.0,20.0,United-States,<=50K
30.0,Private,149787.0,Some-college,10.0,Married-civ-spouse,Handlers-cleaners,Husband,White,Male,0.0,0.0,40.0,United-States,<=50K
26.0,Private,120238.0,Bachelors,13.0,Never-married,Craft-repair,Not-in-family,White,Male,3325.0,0.0,40.0,United-States,<=50K
43.0,Self-emp-not-inc,99203.0,Assoc-voc,11.0,Married-civ-spouse,,Husband,,Male,0.0,0.0,40.0,United-States,<=50K
46.0,Federal-gov,110884.0,HS-grad,9.0,Never-married,Adm-clerical,Not-in-family,Amer-Indian-Eskimo,Male,0.0,0.0,40.0,United-States,<=50K
54.0,Private,99185.0,Bachelors,13.0,Married-civ-spouse,Prof-specialty,Husband,White,Male,0.0,1977.0,40.0,United-States,>50K
44.0,,136986.0,Some-college,10.0,Married-civ-spouse,Craft-repair,Husband,White,Male,0.0,,60.0,United-States,>50K
60.0,,180512.0,9th,5.0,Married-civ-spouse,Craft-repair,Husband,White,Male,0.0,0.0,45.0,United-States,>50K
56.0,,32855.0,Some-college,10.0,Married-civ-spouse,Farming-fishing,Husband,White,Male,0.0,0.0,50.0,United-States,<=50K
62.0,Self-emp-not-inc,71467.0,Bachelors,13.0,Married-civ-spouse,Craft-repair,Husband,,Male,0.0,0.0,55.0,United-States,>50K
68.0,Private,204082.0,Some-college,10.0,Widowed,Exec-managerial,Not-in-family,White,Female,0.0,0.0,45.0,United-States,<=50K
41.0,Private,180138.0,HS-grad,,,Sales,,White,Male,0.0,0.0,50.0,United-States,<=50K
28.0,Private,,Some-college,10.0,Separated,Adm-clerical,Unmarried,Black,Female,0.0,0.0,37.0,United-States,<=50K
23.0,Private,1038553.0,HS-grad,9.0,Never-married,Exec-managerial,Not-in-family,,Male,0.0,0.0,45.0,United-States,<=50K
33.0,Federal-gov,198827.0,HS-grad,-6.4862381985064985,Never-married,Craft-repair,Own-child,White,Male,0.0,0.0,40.0,United-States,>50K
28.0,Private,410351.0,Some-college,10.0,Never-married,Craft-repair,Not-in-family,,Male,0.0,0.0,30.0,United-States,<=50K
51.0,Federal-gov,106257.0,Assoc-acdm,12.0,Married-civ-spouse,,Husband,Black,Male,0.0,0.0,40.0,United-States,<=50K
28.0,Private,141957.0,Bachelors,13.0,Married-civ-spouse,Prof-specialty,,White,Male,0.0,0.0,50.0,United-States,<=50K
,Private,359001.0,Assoc-voc,11.0,Divorced,Craft-repair,Not-in-family,White,Male,0.0,0.0,40.0,United-States,<=50K
23.0,Private,,Bachelors,13.0,Never-married,Adm-clerical,Own-child,White,Female,0.0,0.0,40.0,United-States,<=50K
25.0,State-gov,183678.0,Bachelors,13.0,Never-married,Prof-specialty,Not-in-family,White,Female,0.0,0.0,50.0,United-States,<=50K
45.0,Private,34127.0,Bachelors,13.0,Married-civ-spouse,Prof-specialty,Husband,White,Male,0.0,0.0,50.0,United-States,>50K
45.0,Self-emp-inc,122206.0,Assoc-acdm,12.0,Married-civ-spouse,Exec-managerial,Husband,White,Male,0.0,0.0,,United-States,>50K
41.0,Self-emp-not-inc,443508.0,HS-grad,9.0,Married-civ-spouse,Exec-managerial,Husband,White,Male,0.0,0.0,50.0,United-States,<=50K
28.0,Private,267912.0,HS-grad,9.0,Never-married,Craft-repair,Unmarried,White,Male,0.0,0.0,40.0,Mexico,<=50K
35.0,Private,193961.0,Bachelors,13.0,,Prof-specialty,Husband,Asian-Pac-Islander,Male,0.0,0.0,40.0,Philippines,>50K
38.0,Private,180342.0,Bachelors,13.0,Married-civ-spouse,,Husband,White,Male,0.0,0.0,40.0,United-States,<=50K
31.0,Private,119033.0,HS-grad,9.0,Never-married,Handlers-cleaners,Own-child,White,Male,0.0,0.0,,United-States,<=50K
24.0,Private,145964.0,Bachelors,13.0,Never-married,Exec-managerial,Not-in-family,White,Male,0.0,0.0,40.0,United-States,<=50K
40.0,Private,105936.0,Bachelors,13.0,Divorced,Prof-specialty,Not-in-family,White,Female,0.0,0.0,40.0,United-States,<=50K
30.0,Private,89735.0,HS-grad,9.0,Never-married,Craft-repair,Own-child,White,Male,0.0,1504.0,40.0,United-States,<=50K
,Private,270942.0,5th-6th,3.0,Never-married,Other-service,Other-relative,White,Male,0.0,0.0,48.0,Mexico,<=50K
40.0,Local-gov,38876.0,HS-grad,24.4862381985065,Married-civ-spouse,Exec-managerial,Husband,White,Male,0.0,0.0,48.0,United-States,>50K
20.0,Private,381357.0,9th,5.0,Never-married,Handlers-cleaners,Own-child,White,Male,0.0,0.0,28.0,United-States,<=50K
44.0,Private,182616.0,Assoc-voc,11.0,Married-civ-spouse,Tech-support,Husband,White,Male,0.0,0.0,40.0,United-States,>50K
43.0,Private,,Bachelors,13.0,Married-civ-spouse,,Husband,Black,Male,0.0,1977.0,40.0,United-States,>50K
46.0,Private,151325.0,10th,6.0,,Craft-repair,Husband,White,Male,0.0,0.0,,United-States,<=50K
45.0,Private,54038.0,Some-college,10.0,Married-civ-spouse,Adm-clerical,Wife,White,Female,0.0,1902.0,20.0,United-States,>50K
31.0,Private,252210.0,5th-6th,3.0,Never-married,Other-service,Own-child,White,Male,0.0,0.0,40.0,Mexico,<=50K
46.0,Private,389843.0,Bachelors,13.0,Married-civ-spouse,Sales,Husband,White,Male,0.0,0.0,50.0,Germany,>50K
38.0,Federal-gov,,Masters,14.0,Married-civ-spouse,Exec-managerial,Husband,White,Male,0.0,0.0,40.0,United-States,>50K
42.0,Private,24364.0,Some-college,10.0,Married-civ-spouse,Other-service,Wife,Black,Female,,0.0,30.0,United-States,<=50K
37.0,Local-gov,,Some-college,10.0,Married-spouse-absent,Adm-clerical,Unmarried,Black,Female,0.0,0.0,40.0,United-States,<=50K
27.0,Private,249315.0,HS-grad,9.0,Married-civ-spouse,Sales,Husband,White,Male,0.0,0.0,60.0,United-States,<=50K
54.0,Private,84587.0,,9.0,Married-civ-spouse,Tech-support,Husband,Asian-Pac-Islander,Male,0.0,0.0,38.0,Philippines,<=50K
34.0,Private,116371.0,HS-grad,9.0,Divorced,Other-service,Not-in-family,White,Female,0.0,0.0,38.0,United-States,<=50K
61.0,Private,,HS-grad,9.0,,Sales,Not-in-family,White,Female,,0.0,38.0,United-States,<=50K
24.0,Private,,Some-college,10.0,Never-married,Craft-repair,Not-in-family,White,Male,0.0,0.0,40.0,United-States,<=50K
42.0,Private,183384.0,Some-college,10.0,Divorced,Adm-clerical,Not-in-family,Black,Female,0.0,0.0,40.0,United-States,<=50K
23.0,Private,195532.0,Bachelors,13.0,Never-married,Exec-managerial,Own-child,White,Female,0.0,0.0,40.0,United-States,<=50K
38.0,Self-emp-not-inc,107410.0,9th,5.0,Married-civ-spouse,Transport-moving,Husband,White,Male,0.0,0.0,45.0,United-States,>50K
31.0,,23500.0,HS-grad,,Married-civ-spouse,Craft-repair,Husband,,Male,0.0,0.0,75.0,United-States,<=50K
27.0,Private,363053.0,9th,5.0,Never-married,Priv-house-serv,Unmarried,White,Female,0.0,0.0,24.0,Mexico,<=50K
23.0,,282579.0,Assoc-voc,11.0,Divorced,Tech-support,Not-in-family,White,Male,0.0,0.0,56.0,,<=50K
71.0,Private,217971.0,9th,5.0,Widowed,Sales,Unmarried,White,Female,0.0,0.0,13.0,United-States,<=50K
29.0,Self-emp-not-inc,162298.0,Bachelors,13.0,Married-civ-spouse,Sales,Husband,White,Male,0.0,0.0,70.0,United-States,>50K
33.0,Private,255004.0,Some-college,10.0,Never-married,Sales,Not-in-family,White,Male,0.0,0.0,50.0,United-States,<=50K
66.0,Private,147766.0,HS-grad,9.0,Married-civ-spouse,Craft-repair,Husband,White,Male,0.0,0.0,40.0,United-States,>50K
65.0,State-gov,29276.0,,4.0,Widowed,Other-service,Other-relative,White,,0.0,0.0,24.0,United-States,<=50K
,Federal-gov,96854.0,Bachelors,13.0,Married-civ-spouse,Prof-specialty,Husband,White,Male,,0.0,40.0,United-States,>50K
54.0,Private,162745.0,,9.0,Married-civ-spouse,Craft-repair,Husband,White,Male,0.0,0.0,55.0,United-States,>50K
17.0,Private,293440.0,,7.0,Never-married,Adm-clerical,Own-child,White,Female,0.0,0.0,15.0,United-States,<=50K
62.0,Private,261437.0,Some-college,10.0,Married-civ-spouse,Craft-repair,Husband,White,Male,0.0,0.0,40.0,United-States,<=50K
49.0,Private,316323.0,HS-grad,9.0,Married-civ-spouse,Transport-moving,,Black,Male,0.0,0.0,48.0,United-States,>50K
25.0,Private,117827.0,Some-college,10.0,Married-civ-spouse,Adm-clerical,Husband,White,Male,0.0,0.0,40.0,United-States,<=50K
42.0,Private,,HS-grad,9.0,Married-civ-spouse,Craft-repair,Husband,White,Male,0.0,0.0,60.0,United-States,>50K
52.0,Private,202930.0,Bachelors,13.0,Divorced,Exec-managerial,Not-in-family,White,Male,0.0,0.0,40.0,United-States,>50K
27.0,Self-emp-inc,190911.0,HS-grad,9.0,Never-married,Sales,Own-child,White,Male,0.0,0.0,45.0,United-States,<=50K
32.0,Private,430175.0,HS-grad,9.0,Divorced,Craft-repair,Other-relative,Black,Female,0.0,0.0,50.0,United-States,<=50K
46.0,Private,,Assoc-voc,11.0,Married-spouse-absent,Craft-repair,Unmarried,White,Male,0.0,0.0,,United-States,<=50K
19.0,Private,102723.0,Some-college,10.0,Never-married,Adm-clerical,Own-child,White,Female,0.0,0.0,40.0,United-States,<=50K
30.0,Self-emp-not-inc,455995.0,11th,7.0,Never-married,Craft-repair,Not-in-family,,Male,0.0,0.0,45.0,United-States,>50K
35.0,Private,281982.0,Some-college,10.0,Married-civ-spouse,Prof-specialty,Husband,White,Male,0.0,2389.4466063488135,40.0,United-States,<=50K
46.0,Private,108699.0,Some-college,,Widowed,Adm-clerical,Not-in-family,White,Female,0.0,0.0,60.0,United-States,<=50K
47.0,State-gov,237525.0,HS-grad,9.0,Married-civ-spouse,Protective-serv,Husband,White,,0.0,0.0,40.0,United-States,<=50K
44.0,Self-emp-not-inc,282722.0,Prof-school,15.0,Married-civ-spouse,Prof-specialty,,White,Male,99999.0,0.0,50.0,,>50K
23.0,Private,460046.0,HS-grad,9.0,Separated,Exec-managerial,Unmarried,White,,0.0,0.0,42.0,United-States,<=50K
34.0,Private,,9th,5.0,Separated,Adm-clerical,,White,Female,0.0,0.0,38.0,United-States,<=50K
36.0,Private,117073.0,HS-grad,9.0,Never-married,Craft-repair,Own-child,White,Male,0.0,0.0,40.0,United-States,<=50K
39.0,Private,195843.0,Assoc-voc,11.0,Never-married,Machine-op-inspct,Own-child,White,Male,0.0,0.0,40.0,United-States,<=50K
57.0,Private,214061.0,HS-grad,9.0,Divorced,Adm-clerical,Not-in-family,White,Female,0.0,0.0,40.0,United-States,<=50K
56.0,Local-gov,435836.0,Masters,14.0,Divorced,Prof-specialty,Not-in-family,White,Female,0.0,0.0,40.0,United-States,<=50K
-51.7819770088162,Private,142621.0,Bachelors,13.0,Never-married,,Not-in-family,White,Female,0.0,0.0,40.0,United-States,>50K
40.0,Private,277647.0,Bachelors,13.0,Married-civ-spouse,Prof-specialty,Husband,White,Male,47889.20366261097,0.0,40.0,United-States,<=50K
54.0,Private,204304.0,HS-grad,9.0,Divorced,Adm-clerical,Not-in-family,White,Female,0.0,0.0,40.0,United-States,<=50K
28.0,Self-emp-not-inc,,HS-grad,9.0,Never-married,Other-service,Not-in-family,White,,,0.0,28.0,United-States,<=50K
19.0,Private,69927.0,HS-grad,9.0,Married-civ-spouse,Other-service,Wife,Black,Female,0.0,0.0,16.0,United-States,<=50K
38.0,Private,161016.0,Some-college,10.0,Divorced,Prof-specialty,Not-in-family,White,Female,0.0,,32.0,United-States,<=50K
46.0,Private,268358.0,11th,7.0,,Machine-op-inspct,Not-in-family,White,Female,0.0,0.0,,United-States,<=50K
44.0,Private,187702.0,HS-grad,9.0,Married-civ-spouse,Sales,Husband,White,,0.0,0.0,40.0,United-States,>50K
55.0,Self-emp-not-inc,205296.0,Some-college,10.0,Married-civ-spouse,Sales,Wife,White,Female,0.0,0.0,50.0,United-States,<=50K
,Private,55720.0,Some-college,10.0,Married-civ-spouse,Transport-moving,Husband,,Male,2407.0,0.0,40.0,United-States,<=50K
57.0,Self-emp-not-inc,321456.0,HS-grad,9.0,Married-civ-spouse,Farming-fishing,Husband,White,Male,0.0,0.0,20.0,United-States,<=50K
30.0,Private,24292.0,Bachelors,13.0,Married-civ-spouse,Sales,Husband,White,Male,,0.0,45.0,United-States,>50K
31.0,,133770.0,Assoc-acdm,12.0,Married-civ-spouse,Craft-repair,Not-in-family,Asian-Pac-Islander,Male,0.0,0.0,50.0,United-States,>50K
34.0,Private,208785.0,Assoc-acdm,12.0,Divorced,Sales,Not-in-family,White,Male,0.0,0.0,50.0,United-States,>50K
65.0,Private,205309.0,HS-grad,9.0,Married-civ-spouse,Farming-fishing,Husband,White,Male,0.0,0.0,24.0,United-States,<=50K
56.0,Private,290641.0,Bachelors,13.0,Married-civ-spouse,Exec-managerial,Husband,White,Male,0.0,0.0,122.63219978905336,United-States,<=50K
35.0,Self-emp-not-inc,,Bachelors,13.0,Divorced,Exec-managerial,Unmarried,White,Female,0.0,,55.0,United-States,<=50K
52.0,Self-emp-inc,49069.0,Some-college,10.0,Married-civ-spouse,Adm-clerical,Wife,White,Female,0.0,0.0,40.0,United-States,>50K
,Private,167615.0,HS-grad,9.0,Never-married,Sales,Unmarried,White,Female,0.0,0.0,40.0,United-States,<=50K
27.0,Private,123799.0,Bachelors,13.0,Divorced,Exec-managerial,Unmarried,,Male,0.0,,42.0,United-States,<=50K
26.0,,332008.0,,10.0,Never-married,,Unmarried,Asian-Pac-Islander,Male,0.0,0.0,37.0,Taiwan,<=50K
31.0,Local-gov,127651.0,Some-college,10.0,Married-civ-spouse,Other-service,,White,Male,0.0,0.0,40.0,United-States,<=50K
39.0,Private,49105.0,Assoc-voc,11.0,Separated,Adm-clerical,Own-child,White,Female,594.0,0.0,40.0,United-States,<=50K
34.0,Private,131552.0,HS-grad,9.0,Never-married,Other-service,Own-child,White,Female,0.0,,40.0,United-States,<=50K
46.0,Private,158825.0,HS-grad,9.0,Divorced,Craft-repair,,White,,14344.0,0.0,40.0,United-States,>50K
48.0,Self-emp-inc,,10th,6.0,Married-civ-spouse,Exec-managerial,Husband,White,Male,0.0,0.0,40.0,United-States,<=50K
27.0,Without-pay,35034.0,HS-grad,9.0,Never-married,Farming-fishing,Own-child,White,Female,0.0,0.0,40.0,United-States,<=50K
39.0,Private,225330.0,Bachelors,13.0,Widowed,Prof-specialty,Unmarried,White,Female,0.0,0.0,50.0,Poland,>50K
59.0,Private,174864.0,HS-grad,,,Craft-repair,Husband,White,Male,0.0,1485.0,45.0,United-States,>50K
47.0,Private,178686.0,Assoc-voc,11.0,Never-married,Other-service,Not-in-family,White,Male,0.0,,40.0,United-States,<=50K
32.0,Private,97429.0,Bachelors,13.0,Divorced,Exec-managerial,Unmarried,White,Female,0.0,0.0,40.0,Canada,<=50K
35.0,Private,,10th,6.0,Divorced,Machine-op-inspct,Not-in-family,White,Male,0.0,0.0,50.0,United-States,<=50K
27.0,Private,113464.0,1st-4th,2.0,Never-married,Other-service,Own-child,Other,,0.0,0.0,35.0,Dominican-Republic,<=50K
46.0,Private,116338.0,Masters,14.0,Never-married,Prof-specialty,Not-in-family,White,,0.0,0.0,,United-States,<=50K
47.0,Private,127303.0,Some-college,10.0,Married-civ-spouse,Sales,Husband,White,Male,0.0,0.0,,,<=50K
30.0,Private,233433.0,HS-grad,9.0,Never-married,Sales,Own-child,White,Female,0.0,0.0,45.0,United-States,<=50K
31.0,Local-gov,168906.0,Assoc-acdm,12.0,Married-civ-spouse,Adm-clerical,Wife,White,Female,0.0,0.0,35.0,United-States,<=50K
32.0,Private,192965.0,HS-grad,,Separated,Sales,Not-in-family,White,Female,0.0,0.0,45.0,United-States,<=50K
32.0,Private,29312.0,10th,6.0,Married-civ-spouse,Transport-moving,Husband,White,Male,0.0,0.0,80.0,United-States,>50K
49.0,Private,243190.0,Assoc-voc,11.0,Divorced,Tech-support,Not-in-family,White,Female,0.0,0.0,,United-States,<=50K
23.0,Private,65225.0,Some-college,,Never-married,Other-service,Own-child,White,Female,0.0,0.0,,United-States,<=50K
26.0,Private,190762.0,Some-college,10.0,Married-civ-spouse,,Husband,White,Male,0.0,0.0,18.0,United-States,<=50K
21.0,Self-emp-not-inc,25631.0,Some-college,10.0,Never-married,Farming-fishing,Own-child,White,Male,0.0,0.0,40.0,United-States,<=50K
79.0,Private,187492.0,HS-grad,9.0,Married-civ-spouse,Prof-specialty,Husband,,Male,0.0,0.0,7.0,United-States,<=50K
57.0,Self-emp-not-inc,200316.0,7th-8th,4.0,Married-civ-spouse,Craft-repair,Husband,White,Male,0.0,0.0,50.0,United-States,<=50K
41.0,Private,65372.0,Doctorate,,Divorced,Sales,Unmarried,White,Female,0.0,0.0,50.0,United-States,>50K
24.0,Private,267843.0,Bachelors,13.0,Never-married,Prof-specialty,Own-child,Black,Female,0.0,0.0,35.0,United-States,<=50K
19.0,Private,208513.0,HS-grad,9.0,Never-married,Craft-repair,Other-relative,White,Male,0.0,0.0,40.0,United-States,<=50K
36.0,Private,185607.0,HS-grad,9.0,Never-married,Other-service,Unmarried,White,Female,0.0,,30.0,United-States,<=50K
30.0,Private,160784.0,Some-college,,Never-married,Sales,Not-in-family,White,,0.0,0.0,45.0,United-States,<=50K
29.0,Private,351902.0,HS-grad,9.0,Divorced,Sales,Not-in-family,White,Male,0.0,0.0,34.0,United-States,<=50K
29.0,Private,351324.0,Some-college,10.0,Never-married,Sales,Unmarried,White,Female,0.0,0.0,40.0,United-States,<=50K
75.0,Private,188612.0,HS-grad,9.0,Widowed,Adm-clerical,Not-in-family,White,Female,,0.0,40.0,United-States,<=50K
19.0,Self-emp-inc,108551.0,HS-grad,9.0,Never-married,Adm-clerical,Own-child,White,Female,0.0,0.0,,,<=50K
48.0,Private,168262.0,Bachelors,13.0,Married-civ-spouse,Sales,Husband,White,Male,0.0,0.0,25.0,,>50K
38.0,Private,220783.0,,9.0,Divorced,Other-service,Not-in-family,White,Female,0.0,0.0,20.0,United-States,<=50K
47.0,Private,149700.0,Bachelors,,,Tech-support,Husband,White,Male,15024.0,0.0,40.0,United-States,>50K
43.0,Private,37402.0,Masters,14.0,Never-married,Exec-managerial,Not-in-family,White,Female,0.0,,25.0,United-States,<=50K
41.0,Private,91316.0,Assoc-acdm,12.0,Never-married,Other-service,Not-in-family,White,Male,0.0,0.0,40.0,United-States,<=50K
,Private,181597.0,HS-grad,9.0,Never-married,Craft-repair,Own-child,Black,Male,0.0,0.0,40.0,United-States,<=50K
27.0,Private,119793.0,Bachelors,13.0,Married-civ-spouse,Craft-repair,Husband,White,Male,0.0,0.0,40.0,United-States,<=50K
43.0,Private,307767.0,HS-grad,9.0,,Craft-repair,Husband,White,Male,0.0,0.0,40.0,United-States,>50K
,Private,191417.0,9th,5.0,Widowed,Exec-managerial,Not-in-family,Black,Male,0.0,0.0,65.0,United-States,<=50K
70.0,,118902.0,Bachelors,13.0,Married-civ-spouse,Adm-clerical,Husband,White,Male,0.0,0.0,40.0,Scotland,<=50K
37.0,Local-gov,203628.0,HS-grad,9.0,Married-civ-spouse,Protective-serv,Husband,White,Male,0.0,,54.0,United-States,>50K
29.0,Private,107812.0,HS-grad,9.0,Divorced,Craft-repair,Not-in-family,White,Male,0.0,0.0,40.0,United-States,<=50K
51.0,Private,346871.0,Bachelors,13.0,Married-civ-spouse,Exec-managerial,Husband,White,Male,,0.0,55.0,United-States,>50K
50.0,Private,,Bachelors,13.0,Married-civ-spouse,Exec-managerial,Husband,White,Male,0.0,0.0,40.0,United-States,>50K
32.0,Local-gov,,Masters,14.0,Married-civ-spouse,Prof-specialty,Husband,White,Male,0.0,0.0,50.0,United-States,>50K
31.0,Private,272856.0,HS-grad,9.0,Never-married,Craft-repair,Own-child,Black,Male,0.0,0.0,50.0,England,<=50K
40.0,Private,175398.0,Assoc-voc,11.0,Divorced,Prof-specialty,Not-in-family,White,Female,0.0,0.0,20.0,United-States,<=50K
46.0,Self-emp-not-inc,149337.0,Some-college,10.0,Married-civ-spouse,Craft-repair,Husband,White,Male,0.0,0.0,55.0,United-States,<=50K
58.0,State-gov,48433.0,HS-grad,9.0,Married-civ-spouse,Exec-managerial,,White,Male,0.0,0.0,40.0,United-States,<=50K
24.0,Private,52242.0,HS-grad,9.0,Married-civ-spouse,Sales,Wife,White,Female,0.0,0.0,40.0,United-States,>50K
,Private,93169.0,Some-college,10.0,Divorced,Other-service,Unmarried,Black,Female,0.0,0.0,40.0,United-States,<=50K
19.0,Private,217039.0,Some-college,10.0,Never-married,Adm-clerical,Own-child,White,,,0.0,28.0,United-States,<=50K
22.0,Private,340217.0,Some-college,10.0,Never-married,Sales,Not-in-family,White,,0.0,0.0,20.0,United-States,<=50K
-33.7819770088162,Private,140644.0,HS-grad,9.0,Married-civ-spouse,Sales,Husband,White,Male,0.0,0.0,50.0,,<=50K
26.0,Private,,12th,8.0,Never-married,Craft-repair,Not-in-family,White,Male,0.0,0.0,40.0,Mexico,<=50K
38.0,Self-emp-not-inc,233033.0,Masters,14.0,Married-civ-spouse,Prof-specialty,Husband,Asian-Pac-Islander,Male,0.0,0.0,,United-States,<=50K
17.0,Private,,10th,6.0,Never-married,Sales,Own-child,White,Female,0.0,0.0,22.0,,<=50K
67.0,,223257.0,HS-grad,9.0,Widowed,Other-service,Unmarried,White,Male,0.0,0.0,,United-States,<=50K
42.0,Private,74949.0,Some-college,10.0,Divorced,Prof-specialty,Not-in-family,White,Male,0.0,0.0,40.0,United-States,<=50K
63.0,,294009.0,Bachelors,13.0,Married-civ-spouse,,Husband,White,Male,15024.0,0.0,45.0,United-States,>50K
34.0,Private,399386.0,Assoc-voc,11.0,Married-civ-spouse,Craft-repair,Husband,White,Male,0.0,0.0,53.0,United-States,<=50K
56.0,Private,413373.0,7th-8th,4.0,Married-civ-spouse,Transport-moving,Husband,White,Male,,0.0,36.0,,<=50K
29.0,Private,249948.0,Bachelors,13.0,Never-married,Adm-clerical,,White,Female,0.0,0.0,50.0,United-States,<=50K
17.0,Private,311288.0,11th,7.0,Never-married,Exec-managerial,Own-child,White,Female,0.0,0.0,24.0,United-States,<=50K
44.0,Private,99203.0,7th-8th,4.0,Married-civ-spouse,Machine-op-inspct,Husband,White,Male,0.0,0.0,40.0,United-States,<=50K
40.0,Private,96509.0,Some-college,10.0,Married-civ-spouse,Prof-specialty,Husband,Amer-Indian-Eskimo,Male,0.0,0.0,40.0,United-States,>50K
42.0,Private,22831.0,HS-grad,9.0,Never-married,Other-service,Not-in-family,White,Female,0.0,0.0,40.0,United-States,<=50K
34.0,Private,250724.0,,13.0,Married-civ-spouse,Sales,Husband,White,Male,0.0,0.0,45.0,Jamaica,<=50K
20.0,Self-emp-not-inc,157145.0,Some-college,10.0,Never-married,Farming-fishing,Own-child,White,Male,0.0,2258.0,10.0,United-States,<=50K
17.0,Private,217342.0,10th,6.0,Never-married,Sales,,White,,0.0,,5.0,United-States,<=50K
51.0,Private,136121.0,Assoc-voc,11.0,Divorced,Adm-clerical,Unmarried,White,Female,0.0,0.0,38.0,United-States,<=50K
45.0,Private,112305.0,Some-college,10.0,Divorced,Other-service,Unmarried,Black,Female,,0.0,40.0,United-States,<=50K
,Private,,10th,6.0,Never-married,Other-service,Own-child,White,Male,0.0,0.0,15.0,United-States,<=50K
29.0,Private,118598.0,HS-grad,9.0,Never-married,Machine-op-inspct,Unmarried,Black,Female,0.0,0.0,40.0,United-States,<=50K
52.0,Private,222646.0,12th,8.0,Separated,Machine-op-inspct,Other-relative,White,Female,0.0,0.0,40.0,,<=50K
,Private,202729.0,HS-grad,9.0,Married-civ-spouse,Transport-moving,Husband,White,Male,0.0,0.0,50.0,United-States,<=50K
47.0,Private,183522.0,Some-college,10.0,Married-civ-spouse,Exec-managerial,Wife,,,0.0,,40.0,United-States,>50K
40.0,Self-emp-inc,142030.0,Bachelors,13.0,Married-civ-spouse,Exec-managerial,Wife,White,Female,0.0,0.0,55.0,United-States,>50K
42.0,Private,449578.0,Some-college,10.0,Married-civ-spouse,Craft-repair,Husband,White,,0.0,0.0,48.0,United-States,>50K
17.0,Private,121287.0,9th,5.0,,Craft-repair,Own-child,White,Male,0.0,0.0,40.0,United-States,<=50K
47.0,Self-emp-not-inc,109421.0,Bachelors,13.0,Married-civ-spouse,Exec-managerial,,White,Male,0.0,0.0,50.0,United-States,<=50K
26.0,Private,157249.0,11th,7.0,Never-married,Transport-moving,Not-in-family,White,Male,0.0,0.0,40.0,United-States,<=50K
54.0,Private,343333.0,Bachelors,13.0,Widowed,Adm-clerical,Not-in-family,White,Female,0.0,0.0,80.0,United-States,>50K
31.0,Private,-517802.9330611756,HS-grad,9.0,Married-civ-spouse,Transport-moving,Wife,White,Female,5178.0,0.0,35.0,United-States,<=50K
50.0,Private,142073.0,HS-grad,9.0,Married-spouse-absent,Exec-managerial,,White,Female,0.0,-2389.4466063488135,55.0,United-States,>50K
45.0,Local-gov,111994.0,Masters,14.0,Married-civ-spouse,Prof-specialty,Husband,White,Male,0.0,0.0,40.0,United-States,>50K
17.0,,369909.0,10th,6.0,Never-married,Other-service,Own-child,White,Male,0.0,0.0,20.0,,<=50K
31.0,Private,152156.0,HS-grad,9.0,Married-civ-spouse,Craft-repair,Husband,White,Male,0.0,0.0,45.0,United-States,<=50K
34.0,Private,155343.0,HS-grad,9.0,Married-civ-spouse,Craft-repair,Husband,White,Male,0.0,1848.0,50.0,United-States,>50K
-58.7819770088162,Private,187149.0,HS-grad,9.0,Never-married,Craft-repair,Own-child,Black,Female,0.0,0.0,40.0,United-States,>50K
22.0,Private,67234.0,HS-grad,9.0,Never-married,Sales,Not-in-family,White,Male,0.0,0.0,,United-States,<=50K
56.0,Private,172071.0,HS-grad,9.0,Divorced,Other-service,Unmarried,Black,Female,0.0,0.0,,Jamaica,<=50K
,Private,215395.0,HS-grad,9.0,Never-married,,Not-in-family,White,Male,0.0,0.0,40.0,United-States,<=50K
,Private,121287.0,HS-grad,9.0,Divorced,Machine-op-inspct,Not-in-family,White,Male,0.0,0.0,45.0,United-States,<=50K
33.0,Private,272669.0,,12.0,Never-married,Adm-clerical,Unmarried,Asian-Pac-Islander,Male,0.0,0.0,30.0,Hong,<=50K
46.0,Local-gov,140219.0,Masters,14.0,Divorced,Prof-specialty,Not-in-family,White,Female,,0.0,55.0,United-States,>50K
58.0,Private,125317.0,Doctorate,16.0,Married-civ-spouse,Prof-specialty,Husband,White,Male,0.0,0.0,60.0,United-States,>50K
31.0,Private,487742.0,Some-college,10.0,Separated,Sales,Unmarried,White,Female,0.0,0.0,40.0,United-States,<=50K
,Private,126701.0,Bachelors,13.0,Married-spouse-absent,Exec-managerial,Not-in-family,White,Male,0.0,0.0,40.0,United-States,>50K
39.0,Self-emp-not-inc,131808.0,Some-college,10.0,Married-civ-spouse,Sales,Husband,White,Male,7688.0,0.0,80.0,United-States,>50K
64.0,Private,98586.0,Doctorate,16.0,Married-civ-spouse,Prof-specialty,Husband,White,Male,0.0,0.0,60.0,United-States,>50K
40.0,Private,83827.0,Some-college,10.0,Divorced,Craft-repair,Unmarried,White,Female,0.0,0.0,40.0,England,<=50K
21.0,Private,163870.0,Some-college,10.0,Never-married,Handlers-cleaners,Own-child,White,Male,0.0,0.0,30.0,United-States,<=50K
39.0,Private,115076.0,Some-college,10.0,Married-civ-spouse,Machine-op-inspct,Husband,White,Male,0.0,0.0,40.0,,<=50K
37.0,Private,168475.0,HS-grad,9.0,Married-civ-spouse,Exec-managerial,Husband,White,Male,0.0,0.0,40.0,United-States,>50K
51.0,Private,186338.0,HS-grad,9.0,Married-civ-spouse,Craft-repair,Husband,White,Male,0.0,0.0,40.0,United-States,>50K
61.0,Federal-gov,229062.0,Some-college,10.0,Married-civ-spouse,Adm-clerical,Husband,White,Male,0.0,,40.0,United-States,>50K
50.0,Private,280278.0,,9.0,Widowed,Prof-specialty,Unmarried,Black,Female,0.0,0.0,40.0,United-States,<=50K
36.0,Private,,HS-grad,9.0,Married-civ-spouse,Craft-repair,,White,Male,,0.0,40.0,United-States,<=50K
48.0,Private,165484.0,Some-college,10.0,,Exec-managerial,Husband,White,Male,0.0,0.0,65.0,United-States,>50K
29.0,Private,122000.0,Some-college,10.0,Never-married,Sales,Not-in-family,White,Male,0.0,0.0,60.0,United-States,<=50K
25.0,Private,176756.0,Bachelors,,Never-married,Craft-repair,Own-child,White,Male,0.0,0.0,40.0,United-States,<=50K
37.0,Self-emp-not-inc,143774.0,Bachelors,13.0,Married-civ-spouse,Prof-specialty,Wife,White,Female,0.0,0.0,40.0,Germany,>50K
29.0,Private,26451.0,HS-grad,9.0,Married-civ-spouse,Handlers-cleaners,Husband,Amer-Indian-Eskimo,Male,0.0,0.0,40.0,United-States,<=50K
32.0,Private,126838.0,HS-grad,9.0,Never-married,Craft-repair,Not-in-family,White,Male,0.0,0.0,40.0,United-States,<=50K
45.0,Self-emp-not-inc,40666.0,Assoc-voc,11.0,Married-civ-spouse,Farming-fishing,Husband,White,Male,2885.0,0.0,60.0,United-States,<=50K
,Federal-gov,164707.0,HS-grad,9.0,Married-civ-spouse,,Wife,White,Female,0.0,0.0,40.0,United-States,>50K
27.0,Private,155382.0,Some-college,10.0,Never-married,Other-service,Not-in-family,White,Female,0.0,0.0,25.0,United-States,<=50K
32.0,Private,103860.0,,13.0,Married-civ-spouse,Exec-managerial,Husband,,Male,0.0,0.0,50.0,United-States,>50K
52.0,Private,384959.0,Some-college,10.0,Married-civ-spouse,Transport-moving,Husband,White,Male,0.0,0.0,36.0,United-States,>50K
40.0,Local-gov,153031.0,Masters,,Married-civ-spouse,Prof-specialty,Husband,White,Male,7298.0,,35.0,United-States,>50K
29.0,Private,48895.0,HS-grad,9.0,Never-married,Craft-repair,Not-in-family,White,Male,0.0,0.0,50.0,United-States,<=50K
22.0,Private,252570.0,Some-college,10.0,Married-civ-spouse,Exec-managerial,Wife,White,Female,47889.20366261097,0.0,40.0,United-States,>50K
48.0,Private,48885.0,HS-grad,9.0,Divorced,Other-service,Not-in-family,White,Female,0.0,-2389.4466063488135,35.0,United-States,>50K
32.0,Private,113453.0,Bachelors,13.0,Married-civ-spouse,Adm-clerical,Wife,White,Female,0.0,0.0,24.0,United-States,>50K
21.0,Private,502837.0,HS-grad,9.0,Never-married,Machine-op-inspct,Own-child,White,Female,0.0,0.0,40.0,Peru,<=50K
67.0,Private,64148.0,Some-college,10.0,Divorced,Other-service,Unmarried,Black,Female,0.0,0.0,41.0,United-States,<=50K
33.0,Private,187560.0,Assoc-voc,11.0,Married-civ-spouse,Sales,Husband,White,Male,0.0,0.0,36.0,United-States,<=50K
45.0,Self-emp-inc,311231.0,Prof-school,15.0,Married-civ-spouse,Prof-specialty,Husband,White,Male,0.0,1485.0,50.0,United-States,>50K
46.0,Private,192768.0,HS-grad,9.0,Married-civ-spouse,,Wife,White,Female,0.0,0.0,40.0,United-States,<=50K
45.0,Self-emp-inc,191776.0,Masters,14.0,Divorced,Sales,Unmarried,White,Female,25236.0,0.0,42.0,United-States,>50K
31.0,Self-emp-not-inc,357145.0,Doctorate,16.0,Never-married,Prof-specialty,Own-child,White,Female,0.0,0.0,48.0,United-States,<=50K
41.0,Private,225892.0,Some-college,10.0,Married-civ-spouse,,Husband,White,Male,0.0,0.0,48.0,United-States,>50K
48.0,Private,183610.0,Assoc-voc,,Divorced,Tech-support,Not-in-family,White,Female,0.0,0.0,40.0,United-States,<=50K
45.0,Private,168191.0,Some-college,10.0,Married-civ-spouse,Tech-support,Husband,White,Male,15024.0,0.0,-35.632199789053374,United-States,<=50K
31.0,Private,162160.0,HS-grad,9.0,Married-civ-spouse,Craft-repair,Husband,White,Male,0.0,0.0,47.0,United-States,<=50K
26.0,Local-gov,214215.0,11th,7.0,Married-civ-spouse,Other-service,Other-relative,White,Male,0.0,0.0,50.0,United-States,<=50K
44.0,Local-gov,177240.0,Prof-school,15.0,Never-married,Prof-specialty,Not-in-family,,Male,10520.0,0.0,40.0,United-States,>50K
71.0,Private,180117.0,10th,6.0,Married-civ-spouse,Machine-op-inspct,Husband,White,Male,0.0,0.0,40.0,United-States,<=50K
23.0,Private,244413.0,12th,8.0,Married-civ-spouse,Craft-repair,Husband,Black,Male,0.0,0.0,30.0,Ecuador,<=50K
38.0,State-gov,142022.0,HS-grad,9.0,Married-civ-spouse,Adm-clerical,Wife,,Female,0.0,0.0,40.0,United-States,<=50K
51.0,Self-emp-not-inc,132341.0,HS-grad,9.0,Married-civ-spouse,Exec-managerial,Husband,White,Male,0.0,0.0,45.0,United-States,>50K
43.0,Local-gov,216070.0,Masters,14.0,Married-civ-spouse,Exec-managerial,Wife,Amer-Indian-Eskimo,Female,0.0,0.0,50.0,United-States,>50K
21.0,Private,153209.0,Some-college,10.0,Married-civ-spouse,Machine-op-inspct,Husband,White,Male,0.0,0.0,40.0,United-States,<=50K
20.0,Private,196337.0,Some-college,10.0,Never-married,,Own-child,White,Male,,0.0,35.0,United-States,<=50K
23.0,Private,33105.0,Some-college,,Never-married,Handlers-cleaners,Own-child,Amer-Indian-Eskimo,Male,0.0,0.0,40.0,United-States,<=50K
24.0,Local-gov,117023.0,Bachelors,13.0,Never-married,Prof-specialty,Own-child,White,Female,0.0,0.0,40.0,United-States,<=50K
30.0,Local-gov,118500.0,Some-college,10.0,Divorced,Adm-clerical,Unmarried,White,Female,0.0,0.0,40.0,United-States,<=50K
52.0,Local-gov,,,9.0,Widowed,Adm-clerical,Unmarried,White,Female,,0.0,28.0,United-States,<=50K
19.0,Private,260333.0,HS-grad,9.0,Never-married,Other-service,Own-child,White,Female,0.0,0.0,20.0,United-States,<=50K
,Private,179666.0,Assoc-acdm,12.0,Never-married,Tech-support,Not-in-family,White,Male,0.0,0.0,40.0,United-States,<=50K
22.0,Private,332194.0,Some-college,10.0,Never-married,Other-service,Own-child,Black,Male,0.0,0.0,40.0,United-States,<=50K
19.0,Private,38294.0,HS-grad,9.0,Never-married,Handlers-cleaners,Other-relative,White,,2597.0,0.0,40.0,United-States,<=50K
59.0,Self-emp-inc,36085.0,Prof-school,15.0,Married-civ-spouse,Prof-specialty,Husband,White,Male,15024.0,0.0,60.0,United-States,>50K
31.0,Private,451744.0,HS-grad,24.4862381985065,Never-married,Craft-repair,Not-in-family,White,Male,0.0,0.0,50.0,United-States,>50K
27.0,Private,153869.0,HS-grad,9.0,Never-married,Handlers-cleaners,Own-child,White,Male,0.0,0.0,37.0,United-States,<=50K
58.0,Private,299991.0,11th,7.0,Divorced,Adm-clerical,Not-in-family,White,Female,3674.0,0.0,40.0,,<=50K
44.0,Self-emp-not-inc,38122.0,HS-grad,9.0,Divorced,Craft-repair,Not-in-family,White,Male,0.0,0.0,45.0,United-States,<=50K
54.0,Self-emp-inc,175339.0,Bachelors,13.0,Married-civ-spouse,Sales,Husband,White,Male,0.0,2415.0,40.0,United-States,>50K
29.0,Private,167716.0,HS-grad,9.0,Divorced,Other-service,Unmarried,White,Female,0.0,0.0,99.0,United-States,<=50K
23.0,Private,325596.0,Some-college,10.0,Never-married,Machine-op-inspct,Not-in-family,White,Male,0.0,0.0,40.0,United-States,<=50K
23.0,Private,107801.0,Bachelors,13.0,Never-married,Adm-clerical,Own-child,White,,0.0,0.0,20.0,United-States,<=50K
40.0,Local-gov,141649.0,Assoc-voc,11.0,Married-civ-spouse,Protective-serv,Husband,White,,0.0,0.0,40.0,United-States,>50K
64.0,Without-pay,209291.0,HS-grad,9.0,Married-civ-spouse,Handlers-cleaners,,White,Male,0.0,0.0,60.0,United-States,>50K
55.0,Private,192869.0,Some-college,10.0,Married-civ-spouse,Exec-managerial,Husband,White,Male,0.0,0.0,,United-States,<=50K
33.0,Private,110978.0,Some-college,10.0,Divorced,Craft-repair,Other-relative,Other,Female,0.0,0.0,40.0,United-States,<=50K
42.0,State-gov,109462.0,Bachelors,28.4862381985065,Divorced,Adm-clerical,Unmarried,Black,Female,2977.0,0.0,40.0,United-States,>50K
23.0,Private,138037.0,Bachelors,13.0,Never-married,Prof-specialty,Own-child,White,Male,0.0,1590.0,50.0,United-States,<=50K
46.0,Local-gov,197988.0,1st-4th,2.0,Never-married,,Not-in-family,,Female,0.0,0.0,20.0,United-States,<=50K
40.0,Private,186916.0,Bachelors,13.0,Married-civ-spouse,Prof-specialty,Husband,White,Male,0.0,0.0,40.0,United-States,<=50K
46.0,Local-gov,,Masters,14.0,Married-civ-spouse,,Wife,White,Female,0.0,0.0,65.0,United-States,>50K
45.0,Private,30289.0,12th,8.0,Married-civ-spouse,Craft-repair,Husband,White,Male,0.0,0.0,40.0,United-States,<=50K
18.0,Private,469921.0,Some-college,10.0,Never-married,Prof-specialty,Own-child,White,Female,0.0,0.0,40.0,United-States,<=50K
48.0,Private,192779.0,Some-college,10.0,Divorced,Craft-repair,Not-in-family,White,Male,0.0,0.0,40.0,United-States,<=50K
37.0,Self-emp-not-inc,101561.0,Assoc-voc,11.0,Married-civ-spouse,Farming-fishing,Husband,White,Male,0.0,,50.0,United-States,>50K
31.0,Private,332379.0,Some-college,10.0,Married-spouse-absent,Transport-moving,Unmarried,,Male,0.0,0.0,50.0,United-States,<=50K
52.0,Self-emp-not-inc,210377.0,10th,6.0,Married-civ-spouse,Exec-managerial,Wife,Black,Female,0.0,0.0,40.0,United-States,<=50K
26.0,Private,331806.0,,9.0,Never-married,Transport-moving,Not-in-family,Black,Male,0.0,0.0,37.0,United-States,<=50K
30.0,Private,154950.0,Some-college,10.0,Married-civ-spouse,Exec-managerial,Husband,White,Male,15024.0,0.0,60.0,,>50K
51.0,Private,250423.0,Bachelors,13.0,Married-civ-spouse,Exec-managerial,Husband,White,Male,0.0,0.0,50.0,,>50K
63.0,,,11th,7.0,Divorced,Other-service,Not-in-family,White,Female,0.0,0.0,40.0,United-States,<=50K
42.0,,136986.0,HS-grad,9.0,Married-civ-spouse,Exec-managerial,Husband,White,Male,47889.20366261097,,,,<=50K
39.0,Private,108140.0,,14.0,Married-civ-spouse,Exec-managerial,Husband,White,Male,0.0,0.0,50.0,United-States,>50K
64.0,Local-gov,210464.0,Masters,14.0,Widowed,Prof-specialty,Unmarried,Black,Female,0.0,0.0,40.0,United-States,<=50K
39.0,Self-emp-inc,34180.0,Assoc-voc,11.0,Married-civ-spouse,Farming-fishing,Husband,White,Male,0.0,0.0,60.0,United-States,>50K
23.0,Private,419554.0,HS-grad,9.0,Married-civ-spouse,Exec-managerial,Husband,White,Male,0.0,0.0,54.0,United-States,<=50K
84.0,Private,132806.0,HS-grad,9.0,,Other-service,Not-in-family,White,Female,0.0,0.0,13.0,United-States,<=50K
45.0,Private,,,6.0,Never-married,Machine-op-inspct,Not-in-family,Asian-Pac-Islander,Male,0.0,0.0,40.0,Vietnam,<=50K
54.0,Private,231004.0,Some-college,10.0,Divorced,Adm-clerical,Not-in-family,White,Female,0.0,0.0,37.0,United-States,<=50K
,State-gov,298786.0,Some-college,10.0,Never-married,Other-service,Own-child,Black,Female,0.0,0.0,40.0,,<=50K
33.0,Private,31481.0,Bachelors,13.0,Married-spouse-absent,Other-service,Unmarried,White,Female,0.0,0.0,24.0,United-States,<=50K
24.0,Private,211129.0,Bachelors,13.0,Never-married,Exec-managerial,Other-relative,White,Female,0.0,0.0,60.0,United-States,>50K
80.0,Private,86111.0,Doctorate,16.0,Married-civ-spouse,Prof-specialty,Husband,White,Male,0.0,0.0,30.0,United-States,<=50K
31.0,Local-gov,198770.0,Bachelors,-2.4862381985064985,Divorced,Prof-specialty,Unmarried,White,Female,0.0,0.0,60.0,United-States,>50K
44.0,Private,244522.0,HS-grad,9.0,Divorced,Craft-repair,Not-in-family,White,Male,0.0,0.0,45.0,United-States,<=50K
64.0,Private,149775.0,Masters,14.0,Never-married,Prof-specialty,Other-relative,White,Female,0.0,0.0,8.0,United-States,<=50K
64.0,Self-emp-inc,182158.0,Prof-school,15.0,Married-civ-spouse,Prof-specialty,Husband,White,Male,,0.0,60.0,United-States,>50K
28.0,Private,153813.0,Some-college,10.0,Never-married,Exec-managerial,Unmarried,White,Female,0.0,0.0,38.0,United-States,<=50K
59.0,Federal-gov,200700.0,Assoc-acdm,12.0,Married-civ-spouse,Farming-fishing,Husband,Black,Male,0.0,0.0,40.0,United-States,<=50K
50.0,Private,89534.0,HS-grad,9.0,Married-civ-spouse,Machine-op-inspct,Husband,White,Male,0.0,0.0,40.0,United-States,<=50K
38.0,Private,70995.0,HS-grad,9.0,Divorced,Prof-specialty,Not-in-family,White,Male,0.0,0.0,45.0,United-States,<=50K
57.0,Private,,HS-grad,9.0,Married-civ-spouse,Other-service,Wife,Black,Female,0.0,0.0,50.0,United-States,<=50K
68.0,Private,-573408.9330611756,Masters,14.0,Married-civ-spouse,Prof-specialty,Husband,White,Male,0.0,0.0,45.0,United-States,>50K
37.0,Private,50380.0,,7.0,Married-civ-spouse,Farming-fishing,Husband,White,Male,0.0,0.0,40.0,United-States,<=50K
59.0,Self-emp-not-inc,165315.0,Bachelors,13.0,Married-civ-spouse,Prof-specialty,Husband,White,Male,99999.0,0.0,43.0,United-States,>50K
26.0,Private,430195.0,11th,7.0,Separated,Other-service,,Black,Male,0.0,0.0,40.0,United-States,<=50K
54.0,Private,295525.0,Some-college,10.0,Divorced,Protective-serv,Unmarried,White,Female,0.0,0.0,40.0,United-States,<=50K
51.0,Private,673764.0,Masters,14.0,Never-married,Prof-specialty,Not-in-family,White,Male,,0.0,,United-States,>50K
32.0,Private,360761.0,HS-grad,9.0,Married-civ-spouse,Transport-moving,,,Male,0.0,0.0,60.0,United-States,>50K
27.0,Private,211032.0,HS-grad,9.0,Married-civ-spouse,Craft-repair,Husband,White,Male,0.0,0.0,40.0,United-States,<=50K
31.0,Private,379046.0,HS-grad,9.0,Never-married,Handlers-cleaners,Own-child,Asian-Pac-Islander,,0.0,0.0,40.0,Vietnam,<=50K
44.0,Self-emp-not-inc,55844.0,Bachelors,13.0,Married-civ-spouse,Sales,Husband,White,Male,0.0,0.0,45.0,United-States,>50K
44.0,Federal-gov,306440.0,HS-grad,9.0,Divorced,Craft-repair,Not-in-family,White,Male,0.0,0.0,40.0,United-States,<=50K
43.0,Local-gov,317185.0,Assoc-voc,11.0,Divorced,Prof-specialty,Unmarried,White,Female,0.0,0.0,36.0,United-States,<=50K
68.0,Self-emp-not-inc,234859.0,Some-college,10.0,Married-civ-spouse,Other-service,Husband,White,Male,0.0,0.0,,United-States,<=50K
46.0,Private,159869.0,HS-grad,9.0,Divorced,Exec-managerial,Not-in-family,White,Male,0.0,0.0,44.0,United-States,<=50K
24.0,Private,176321.0,,10.0,Never-married,Adm-clerical,Unmarried,White,Female,0.0,,40.0,United-States,<=50K
60.0,Private,186446.0,7th-8th,4.0,Married-civ-spouse,Machine-op-inspct,Wife,White,Female,0.0,0.0,40.0,United-States,<=50K
19.0,Private,85690.0,HS-grad,9.0,Never-married,Machine-op-inspct,Unmarried,White,Male,0.0,0.0,30.0,United-States,<=50K
45.0,Federal-gov,78022.0,,13.0,Married-civ-spouse,Prof-specialty,Husband,White,Male,0.0,0.0,40.0,United-States,>50K
48.0,Private,307440.0,Bachelors,13.0,Married-civ-spouse,Tech-support,Husband,Asian-Pac-Islander,,0.0,0.0,45.0,Philippines,>50K
55.0,Private,175071.0,Some-college,10.0,Married-civ-spouse,Craft-repair,Husband,Black,Male,15024.0,0.0,,United-States,>50K
23.0,Private,236769.0,Some-college,10.0,Never-married,Handlers-cleaners,Own-child,White,Male,0.0,0.0,40.0,United-States,<=50K
38.0,Private,98360.0,Masters,14.0,Married-civ-spouse,Prof-specialty,Husband,White,Male,0.0,0.0,40.0,United-States,>50K
40.0,Private,220589.0,Some-college,10.0,Married-civ-spouse,Sales,Wife,White,Female,0.0,0.0,40.0,United-States,>50K
28.0,Private,31801.0,Bachelors,13.0,Married-civ-spouse,Craft-repair,Husband,White,Male,0.0,1887.0,50.0,United-States,>50K
27.0,Local-gov,100817.0,Bachelors,13.0,Married-civ-spouse,Prof-specialty,Wife,Amer-Indian-Eskimo,Female,0.0,0.0,40.0,United-States,<=50K
19.0,Private,225156.0,9th,5.0,Married-civ-spouse,Craft-repair,Husband,White,Male,0.0,0.0,45.0,United-States,<=50K
38.0,Private,177121.0,Some-college,10.0,,Other-service,,White,Female,0.0,0.0,58.0,United-States,<=50K
27.0,Private,164607.0,Bachelors,13.0,Married-civ-spouse,Other-service,Husband,White,Male,0.0,0.0,,United-States,<=50K
34.0,Private,80058.0,Prof-school,15.0,Never-married,Exec-managerial,Own-child,White,Male,0.0,0.0,50.0,United-States,<=50K
59.0,Private,202682.0,HS-grad,9.0,Married-civ-spouse,Craft-repair,Husband,White,Male,0.0,0.0,40.0,United-States,<=50K
23.0,Private,291011.0,,9.0,Never-married,Craft-repair,Not-in-family,White,Male,0.0,0.0,40.0,United-States,<=50K
41.0,Private,132222.0,Prof-school,15.0,Married-civ-spouse,Prof-specialty,Husband,White,Male,0.0,2415.0,40.0,United-States,>50K
46.0,Self-emp-not-inc,113434.0,Bachelors,13.0,Married-civ-spouse,Craft-repair,Husband,White,Male,0.0,0.0,40.0,United-States,<=50K
46.0,Local-gov,132994.0,Some-college,10.0,Married-civ-spouse,,Wife,White,Female,7688.0,0.0,40.0,United-States,>50K
34.0,,,Masters,14.0,Never-married,Prof-specialty,Unmarried,Black,Female,0.0,0.0,24.0,United-States,<=50K
49.0,Self-emp-not-inc,200471.0,HS-grad,9.0,Married-civ-spouse,Craft-repair,Husband,White,Male,0.0,,40.0,United-States,<=50K
36.0,Private,76417.0,HS-grad,,Married-civ-spouse,Craft-repair,Husband,White,Male,0.0,0.0,,United-States,<=50K
35.0,Private,538583.0,11th,7.0,,Transport-moving,Not-in-family,Black,Male,0.0,0.0,40.0,United-States,<=50K
32.0,Federal-gov,90653.0,HS-grad,9.0,Never-married,Exec-managerial,Unmarried,White,Female,0.0,1380.0,40.0,United-States,<=50K
42.0,Private,118494.0,Some-college,10.0,Married-civ-spouse,Prof-specialty,Husband,White,Male,0.0,0.0,44.0,United-States,>50K
39.0,Private,150057.0,Masters,14.0,Never-married,Sales,Not-in-family,White,Male,0.0,0.0,50.0,United-States,>50K
24.0,Private,209034.0,HS-grad,9.0,Never-married,Sales,Not-in-family,White,Female,0.0,,,United-States,<=50K
43.0,Private,102895.0,Some-college,10.0,,Prof-specialty,Not-in-family,White,Male,,0.0,40.0,United-States,<=50K
18.0,Private,111476.0,11th,7.0,Never-married,Handlers-cleaners,Own-child,White,Male,0.0,0.0,40.0,United-States,<=50K
19.0,Private,183589.0,Some-college,10.0,Never-married,Transport-moving,Own-child,White,Male,0.0,0.0,25.0,United-States,<=50K
47.0,Federal-gov,471990.0,Masters,14.0,Married-civ-spouse,Exec-managerial,Husband,Black,Male,0.0,0.0,40.0,United-States,>50K
36.0,Private,75073.0,Some-college,,Never-married,Craft-repair,Not-in-family,Black,Male,0.0,0.0,55.0,United-States,<=50K
34.0,Private,425622.0,5th-6th,3.0,Married-civ-spouse,Handlers-cleaners,Husband,White,Male,0.0,0.0,40.0,Mexico,<=50K
47.0,Self-emp-inc,350759.0,HS-grad,9.0,Married-civ-spouse,Exec-managerial,Husband,White,Male,0.0,0.0,40.0,United-States,>50K
